,0,1,2,3,4,5,6,7,8,9,10,11,12,13,14,15,16,17,18,19,20,21,22,23,24,25,26,27,28,29,30,31,32,33,34,35,36,37,38,39,40,41,42,43,44,45,46,47,48,49,50,51,52,53,54,55,56,57,58,59,60,61,62,63,64,65,66,67
no_ortho_EcuniculiEC3,DIPS,OHPHM6nc,,,,,,,,,,,,,,,,,,,,,,,,,,,,,,,,,,,,,,,,,,,,,,,,,,,,,,,,,,,,,,,,,,
no_ortho_TevansiSTIB805,DOLASNT,,,,,,,,,,,,,,,,,,,,,,,,,,,,,,,,,,,,,,,,,,,,,,,,,,,,,,,,,,,,,,,,,,,
PfalciparumTG01,APAPTm,CRNCARtm,DOLASNT,THZPSNm,THZPSN_mt2,GHMT2r_ap,,,,,,,,,,,,,,,,,,,,,,,,,,,,,,,,,,,,,,,,,,,,,,,,,,,,,,,,,,,,,,
no_ortho_TgondiiARI,DHORD2,DOLASNT,PLDAGAT_PALM_PALM_LNA_PC_2_c,PLDAGAT_PALM_PALM_LNA_PC_6_c,,,,,,,,,,,,,,,,,,,,,,,,,,,,,,,,,,,,,,,,,,,,,,,,,,,,,,,,,,,,,,,,
no_ortho_TcruziCLBrenerNon-Esmeraldo-like,FAS141ACPm,FAS181ACPm,FAS182ACPm,FAS80ACPm_L,APAPTm,FAS161ACPm,DOLASNT,,,,,,,,,,,,,,,,,,,,,,,,,,,,,,,,,,,,,,,,,,,,,,,,,,,,,,,,,,,,,
no_ortho_TgondiiRUB,DOLASNT,,,,,,,,,,,,,,,,,,,,,,,,,,,,,,,,,,,,,,,,,,,,,,,,,,,,,,,,,,,,,,,,,,,
no_ortho_PfragileNilgiri,APAPTm,DOLASNT,CBFCc,,,,,,,,,,,,,,,,,,,,,,,,,,,,,,,,,,,,,,,,,,,,,,,,,,,,,,,,,,,,,,,,,
no_ortho_LdonovaniBPK282A1,APAPTm,PLDAGAT_HDE_EPA_LNA_PE_13_c,PLDAGAT_HDE_PALM_LNA_PE_13_c,PLDAGAT_HDE_EPA_LNA_PE_15_c,PLDAGAT_EPA_EPA_LNA_PE_15_c,,,,,,,,,,,,,,,,,,,,,,,,,,,,,,,,,,,,,,,,,,,,,,,,,,,,,,,,,,,,,,,
no_ortho_TgondiiGAB2-2007-GAL-DOM2,DOLASNT,,,,,,,,,,,,,,,,,,,,,,,,,,,,,,,,,,,,,,,,,,,,,,,,,,,,,,,,,,,,,,,,,,,
no_ortho_CmurisRN66,CRNCARtm,DOLASNT,,,,,,,,,,,,,,,,,,,,,,,,,,,,,,,,,,,,,,,,,,,,,,,,,,,,,,,,,,,,,,,,,,
no_ortho_CmeleagridisUKMEL1,CRNCARtm,DOLASNT,,,,,,,,,,,,,,,,,,,,,,,,,,,,,,,,,,,,,,,,,,,,,,,,,,,,,,,,,,,,,,,,,,
PgaboniG01,APAPTm,CRNCARtm,DOLASNT,CBFCc,THZPSNm,THZPSN_mt2,GHMT2r_ap,,,,,,,,,,,,,,,,,,,,,,,,,,,,,,,,,,,,,,,,,,,,,,,,,,,,,,,,,,,,,
no_ortho_TbruceigambienseDAL972,ACSERSULLm,DOLASNT,,,,,,,,,,,,,,,,,,,,,,,,,,,,,,,,,,,,,,,,,,,,,,,,,,,,,,,,,,,,,,,,,,
no_ortho_Vculicisfloridensis,PLDAGAT16018111Z1819Z2,PLDAGAT16018111Z1819Z4,PLDAGAT1601819Z1601,PLDAGAT1601819Z18111Z1,PLDAGAT1601819Z1819Z3,PLDAGAT1601819Z1819Z4,PLDAGAT18111Z1819Z1601,PLDAGAT18111Z1819Z1602,PLDAGAT18111Z1819Z18111Z1,PLDAGAT1819Z18111Z1601,PLDAGAT1819Z18111Z1819Z1,PLDAGAT1819Z18111Z1819Z4,PLDAGAT1819Z1819Z18111Z1,PLDAGAT1819Z1819Z18111Z2,PLDAGAT1819Z1819Z18111Z3,PLDAGAT16018111Z1601,PLDAGAT16018111Z1602,PLDAGAT1601819Z18111Z2,PLDAGAT1601819Z18111Z3,PLDAGAT1801819Z18111Z1,PLDAGAT1801819Z1819Z3,PLDAGAT18111Z18111Z1601,PLDAGAT18111Z18111Z18111Z2,PLDAGAT18111Z18111Z1819Z4,PLDAGAT18111Z1819Z1819Z1,PLDAGAT18111Z1819Z1819Z3,PLDAGAT18111Z1819Z1819Z4,PLDAGAT1819Z18111Z1819Z2,PLDAGAT1819Z1819Z1601,PLDAGAT1819Z1819Z1819Z1,PLDAGAT1819Z1819Z1819Z2,PLDAGAT1819Z1819Z1819Z3,PLDAGAT1819Z1819Z1819Z4,C180SN,PLDAGAT16018111Z18111Z1,PLDAGAT16018111Z18111Z2,PLDAGAT16018111Z1819Z3,PLDAGAT1801819Z1819Z2,PLDAGAT18111Z18111Z1819Z3,PLDAGAT18111Z1819Z18111Z2,PLDAGAT18111Z1819Z18111Z3,PLDAGAT1819Z18111Z1602,PLDAGAT1819Z18111Z18111Z1,PLDAGAT1819Z18111Z18111Z3,PLDAGAT1819Z18111Z1819Z3,C140SN,PLDAGAT16018111Z18111Z3,PLDAGAT16018111Z1819Z1,PLDAGAT1601819Z1602,PLDAGAT1601819Z1819Z1,PLDAGAT1601819Z1819Z2,PLDAGAT1801819Z1601,PLDAGAT1801819Z1602,PLDAGAT1801819Z18111Z2,PLDAGAT1801819Z18111Z3,PLDAGAT1801819Z1819Z1,PLDAGAT1801819Z1819Z4,PLDAGAT18111Z18111Z1602,PLDAGAT18111Z18111Z18111Z1,PLDAGAT18111Z18111Z18111Z3,PLDAGAT18111Z18111Z1819Z1,PLDAGAT18111Z18111Z1819Z2,PLDAGAT18111Z1819Z1819Z2,PLDAGAT1819Z18111Z18111Z2,PLDAGAT1819Z1819Z1602,,,
PfalciparumGB4,APAPTm,DOLASNT,THZPSN_mt2,THZPSNm,GHMT2r_ap,,,,,,,,,,,,,,,,,,,,,,,,,,,,,,,,,,,,,,,,,,,,,,,,,,,,,,,,,,,,,,,
no_ortho_PfalciparumGA01,APAPTm,CRNCARtm,DOLASNT,,,,,,,,,,,,,,,,,,,,,,,,,,,,,,,,,,,,,,,,,,,,,,,,,,,,,,,,,,,,,,,,,
PcoatneyiHackeri,DHORD2,APAPTm,CRNCARtm,DOLASNT,CBFCc,GHMT2r_ap,,,,,,,,,,,,,,,,,,,,,,,,,,,,,,,,,,,,,,,,,,,,,,,,,,,,,,,,,,,,,,
no_ortho_NdisplodereJUm2807,DOLASNTc,,,,,,,,,,,,,,,,,,,,,,,,,,,,,,,,,,,,,,,,,,,,,,,,,,,,,,,,,,,,,,,,,,,
no_ortho_TrangeliSC58,DOLASNT,PLDAGAT_MYRS_EPA_LNA_PE_11_c,,,,,,,,,,,,,,,,,,,,,,,,,,,,,,,,,,,,,,,,,,,,,,,,,,,,,,,,,,,,,,,,,,
no_ortho_LturanicaLEM423,APAPTm,DOLASNT,,,,,,,,,,,,,,,,,,,,,,,,,,,,,,,,,,,,,,,,,,,,,,,,,,,,,,,,,,,,,,,,,,
no_ortho_LenriettiiLEM3045,PLDAGAT16018111Z1819Z2,PLDAGAT16018111Z1819Z4,PLDAGAT16018111Z1601,PLDAGAT16018111Z1602,PLDAGAT18111Z18111Z1601,PLDAGAT18111Z18111Z18111Z2,PLDAGAT18111Z18111Z1819Z4,PLDAGAT16018111Z18111Z2,PLDAGAT16018111Z1819Z3,PLDAGAT18111Z18111Z1819Z3,APAPTm,PLDAGAT16018111Z18111Z3,PLDAGAT18111Z18111Z1602,PLDAGAT18111Z18111Z18111Z3,PLDAGAT18111Z18111Z1819Z2,DOLASNT,,,,,,,,,,,,,,,,,,,,,,,,,,,,,,,,,,,,,,,,,,,,,,,,,,,,
no_ortho_PknowlesiMalayanPk1A,APAPTm,CRNCARtm,DOLASNT,CBFCc,,,,,,,,,,,,,,,,,,,,,,,,,,,,,,,,,,,,,,,,,,,,,,,,,,,,,,,,,,,,,,,,
no_ortho_Tgondiip89,,,,,,,,,,,,,,,,,,,,,,,,,,,,,,,,,,,,,,,,,,,,,,,,,,,,,,,,,,,,,,,,,,,,
no_ortho_TgondiiFOU,DOLASNT,TMAMT,,,,,,,,,,,,,,,,,,,,,,,,,,,,,,,,,,,,,,,,,,,,,,,,,,,,,,,,,,,,,,,,,,
no_ortho_NausubeliERTm2,DOLASNTc,PLDAGAT_EPA_EPA_DHA_PE_11_c,PLDAGAT_LNA_EPA_GLNA_PE_15_c,PLDAGAT_HDE_EPA_DHA_PE_11_c,,,,,,,,,,,,,,,,,,,,,,,,,,,,,,,,,,,,,,,,,,,,,,,,,,,,,,,,,,,,,,,,
no_ortho_LgerbilliLEM452,APAPTm,DOLASNT,PLDAGAT_DHA_EPA_DHA_PC_8_c,PLDAGAT_MYRS_EPA_EPA_PC_8_c,,,,,,,,,,,,,,,,,,,,,,,,,,,,,,,,,,,,,,,,,,,,,,,,,,,,,,,,,,,,,,,,
no_ortho_PreichenowiCDC,APAPTm,DOLASNT,,,,,,,,,,,,,,,,,,,,,,,,,,,,,,,,,,,,,,,,,,,,,,,,,,,,,,,,,,,,,,,,,,
no_ortho_TcongolenseIL3000,APAPTm,DOLASNT,,,,,,,,,,,,,,,,,,,,,,,,,,,,,,,,,,,,,,,,,,,,,,,,,,,,,,,,,,,,,,,,,,
no_ortho_LaethiopicaL147,APAPTm,DOLASNT,,,,,,,,,,,,,,,,,,,,,,,,,,,,,,,,,,,,,,,,,,,,,,,,,,,,,,,,,,,,,,,,,,
no_ortho_ChominisUdeA01,CRNCARtm,DOLASNT,,,,,,,,,,,,,,,,,,,,,,,,,,,,,,,,,,,,,,,,,,,,,,,,,,,,,,,,,,,,,,,,,,
no_ortho_CsuisWienI,DOLASNT,PLDAGAT_OLE_PALM_PALM_PE_13_c,PLDAGAT_PALM_MYRS_PALM_PE_13_c,,,,,,,,,,,,,,,,,,,,,,,,,,,,,,,,,,,,,,,,,,,,,,,,,,,,,,,,,,,,,,,,,
no_ortho_PbergheiANKA,APAPTm,DOLASNT,,,,,,,,,,,,,,,,,,,,,,,,,,,,,,,,,,,,,,,,,,,,,,,,,,,,,,,,,,,,,,,,,,
no_ortho_TcruziDm28c2018,DOLASNT,,,,,,,,,,,,,,,,,,,,,,,,,,,,,,,,,,,,,,,,,,,,,,,,,,,,,,,,,,,,,,,,,,,
PgaboniSY75,APAPTm,DOLASNT,CBFCc,THZPSNm,THZPSN_mt2,GHMT2r_ap,,,,,,,,,,,,,,,,,,,,,,,,,,,,,,,,,,,,,,,,,,,,,,,,,,,,,,,,,,,,,,
no_ortho_PmalariaeUG01,APAPTm,DOLASNT,PLDAGAT_EPA_EPA_ARA_PC_1_c,PLDAGAT_LNA_EPA_ARA_PC_1_c,PLDAGAT_LNA_EPA_ARA_PC_4_c,,,,,,,,,,,,,,,,,,,,,,,,,,,,,,,,,,,,,,,,,,,,,,,,,,,,,,,,,,,,,,,
no_ortho_EcuniculiEC1,DIPS,OHPHM6nc,,,,,,,,,,,,,,,,,,,,,,,,,,,,,,,,,,,,,,,,,,,,,,,,,,,,,,,,,,,,,,,,,,
PmalariaeUG01,APAPTm,CRNCARtm,DOLASNT,HCGALm,THZPSN_mt2,THZPSNm,GHMT2r_ap,,,,,,,,,,,,,,,,,,,,,,,,,,,,,,,,,,,,,,,,,,,,,,,,,,,,,,,,,,,,,
no_ortho_PfalciparumSD01,APAPTm,CRNCARtm,DOLASNT,,,,,,,,,,,,,,,,,,,,,,,,,,,,,,,,,,,,,,,,,,,,,,,,,,,,,,,,,,,,,,,,,
no_ortho_LmajorLV39c5,APAPTm,DOLASNT,,,,,,,,,,,,,,,,,,,,,,,,,,,,,,,,,,,,,,,,,,,,,,,,,,,,,,,,,,,,,,,,,,
no_ortho_SsalmonicidaATCC50377,DOLASNTc,PLDAGAT_EPA_EPA_ARA_PC_7_c,PLDAGAT_EPA_EPA_ARA_PE_15_c,,,,,,,,,,,,,,,,,,,,,,,,,,,,,,,,,,,,,,,,,,,,,,,,,,,,,,,,,,,,,,,,,
no_ortho_TcruziDm28c2014,FAS141ACPm,FAS181ACPm,FAS182ACPm,NALN6,FAS161ACPm,DOLASNT,,,,,,,,,,,,,,,,,,,,,,,,,,,,,,,,,,,,,,,,,,,,,,,,,,,,,,,,,,,,,,
no_ortho_PfalciparumTG01,APAPTm,CRNCARtm,DOLASNT,,,,,,,,,,,,,,,,,,,,,,,,,,,,,,,,,,,,,,,,,,,,,,,,,,,,,,,,,,,,,,,,,
no_ortho_EmonterogeiiLV88,APAPTm,DOLASNT,,,,,,,,,,,,,,,,,,,,,,,,,,,,,,,,,,,,,,,,,,,,,,,,,,,,,,,,,,,,,,,,,,
no_ortho_ChominisTU502,FUT31gnhs,HMR_8287nhs,PLDAGAT_PALM_EPA_DHA_PE_15_c,,,,,,,,,,,,,,,,,,,,,,,,,,,,,,,,,,,,,,,,,,,,,,,,,,,,,,,,,,,,,,,,,
no_ortho_TcruziTCC,DOLASNT,,,,,,,,,,,,,,,,,,,,,,,,,,,,,,,,,,,,,,,,,,,,,,,,,,,,,,,,,,,,,,,,,,,
no_ortho_LmajorFriedlin,APAPTm,DOLASNT,,,,,,,,,,,,,,,,,,,,,,,,,,,,,,,,,,,,,,,,,,,,,,,,,,,,,,,,,,,,,,,,,,
no_ortho_TcruziCLBrener,GLYCLm,FACOAL_160_m,RE2912M,VALTRSm,,,,,,,,,,,,,,,,,,,,,,,,,,,,,,,,,,,,,,,,,,,,,,,,,,,,,,,,,,,,,,,,
no_ortho_NcaninumLIV,DOLASNT,GTHAMPORh,PLDAGAT_HDE_EPA_ARA_PC_2_c,PLDAGAT_PALM_EPA_ARA_PC_2_c,PLDAGAT_PALM_EPA_LNA_PC_4_c,PLDAGAT_EPA_EPA_LNA_PC_3_c,PLDAGAT_DHA_EPA_ARA_PC_7_c,PLDAGAT_DHA_EPA_ARA_PC_4_c,PLDAGAT_EPA_EPA_LNA_PC_1_c,3OAS60_ap,ANXANOR,PLDAGAT_HDE_MYRS_LNA_PC_3_c,PLDAGAT_HDE_EPA_ARA_PC_7_c,,,,,,,,,,,,,,,,,,,,,,,,,,,,,,,,,,,,,,,,,,,,,,,,,,,,,,,
PbillcollinsiG01,APAPTm,CRNCARtm,DOLASNT,CBFCc,THZPSN_mt2,THZPSNm,GHMT2r_ap,,,,,,,,,,,,,,,,,,,,,,,,,,,,,,,,,,,,,,,,,,,,,,,,,,,,,,,,,,,,,
no_ortho_GintestinalisAssemblageADH,FEDCabc,DOLASNTc,,,,,,,,,,,,,,,,,,,,,,,,,,,,,,,,,,,,,,,,,,,,,,,,,,,,,,,,,,,,,,,,,,
no_ortho_EtenellaHoughton,DOLASNT,,,,,,,,,,,,,,,,,,,,,,,,,,,,,,,,,,,,,,,,,,,,,,,,,,,,,,,,,,,,,,,,,,,
no_ortho_NceranaePA08_1199,DXHPScmc,,,,,,,,,,,,,,,,,,,,,,,,,,,,,,,,,,,,,,,,,,,,,,,,,,,,,,,,,,,,,,,,,,,
PfalciparumKH01,APAPTm,DOLASNT,THZPSN_mt2,THZPSNm,GHMT2r_ap,PLDAGAT_DHA_EPA_ARA_PC_2_c,PLDAGAT_DHA_EPA_ARA_PC_5_c,PLDAGAT_HDE_EPA_ARA_PE_16_c,PLDAGAT_HDE_EPA_ARA_PC_2_c,,,,,,,,,,,,,,,,,,,,,,,,,,,,,,,,,,,,,,,,,,,,,,,,,,,,,,,,,,,
PyoeliiyoeliiYM,APAPTm,CRNCARtm,DOLASNT,GHMT2r_ap,,,,,,,,,,,,,,,,,,,,,,,,,,,,,,,,,,,,,,,,,,,,,,,,,,,,,,,,,,,,,,,,
no_ortho_PcynomolgiB,APAPTm,DOLASNT,CBFCc,,,,,,,,,,,,,,,,,,,,,,,,,,,,,,,,,,,,,,,,,,,,,,,,,,,,,,,,,,,,,,,,,
no_ortho_EbieneusiH348,DXHPScmc,,,,,,,,,,,,,,,,,,,,,,,,,,,,,,,,,,,,,,,,,,,,,,,,,,,,,,,,,,,,,,,,,,,
no_ortho_PcoatneyiHackeri,APAPTm,CRNCARtm,DOLASNT,CBFCc,,,,,,,,,,,,,,,,,,,,,,,,,,,,,,,,,,,,,,,,,,,,,,,,,,,,,,,,,,,,,,,,
PfalciparumIT,APAPTm,CRNCARtm,DOLASNT,THZPSN_mt2,THZPSNm,GHMT2r_ap,,,,,,,,,,,,,,,,,,,,,,,,,,,,,,,,,,,,,,,,,,,,,,,,,,,,,,,,,,,,,,
no_ortho_AalgeraePRA339,ACONMT,PC6YM,CPC6MT,DIPS,AMMQLT8,OHPHM6nc,,,,,,,,,,,,,,,,,,,,,,,,,,,,,,,,,,,,,,,,,,,,,,,,,,,,,,,,,,,,,,
no_ortho_PinuiSanAntonio1,APAPTm,DOLASNT,CBFCc,PLDAGAT_MYRS_EPA_ARA_PC_1_c,PLDAGAT_OLE_EPA_EPA_PC_5_c,,,,,,,,,,,,,,,,,,,,,,,,,,,,,,,,,,,,,,,,,,,,,,,,,,,,,,,,,,,,,,,
PvivaxP01,APAPTm,DOLASNT,GHMT2r_ap,PLDAGAT_PALM_EPA_LNA_PC_8_c,PLDAGAT_EPA_EPA_DHA_PE_15_c,DGDGS_HDE_HDE_h,DGDGS_OLE_HDDE_h,PLDAGAT_EPA_EPA_LNA_PC_4_c,3OAS180_h,PLDAGAT_HDE_EPA_LNA_PC_4_c,DGDGS_EPA_HDE_h,PLDAGAT_EPA_EPA_LNA_PC_8_c,3OAS181_1,,,,,,,,,,,,,,,,,,,,,,,,,,,,,,,,,,,,,,,,,,,,,,,,,,,,,,,
no_ortho_TcruziDm28c2017,DOLASNT,,,,,,,,,,,,,,,,,,,,,,,,,,,,,,,,,,,,,,,,,,,,,,,,,,,,,,,,,,,,,,,,,,,
no_ortho_TbruceiTREU927,APAPTm,DOLASNT,,,,,,,,,,,,,,,,,,,,,,,,,,,,,,,,,,,,,,,,,,,,,,,,,,,,,,,,,,,,,,,,,,
no_ortho_Pyoeliiyoelii17XNL,APAPTm,CRNCARtm,DOLASNT,,,,,,,,,,,,,,,,,,,,,,,,,,,,,,,,,,,,,,,,,,,,,,,,,,,,,,,,,,,,,,,,,
PfalciparumSN01,APAPTm,CRNCARtm,DOLASNT,THZPSN_mt2,THZPSNm,GHMT2r_ap,,,,,,,,,,,,,,,,,,,,,,,,,,,,,,,,,,,,,,,,,,,,,,,,,,,,,,,,,,,,,,
no_ortho_NausubeliERTm6,DOLASNTc,PLDAGAT_LNA_EPA_LNA_PE_15_c,PLDAGAT_HDE_HDE_LNA_PE_13_c,PLDAGAT_HDE_MYRS_LNA_PE_15_c,,,,,,,,,,,,,,,,,,,,,,,,,,,,,,,,,,,,,,,,,,,,,,,,,,,,,,,,,,,,,,,,
no_ortho_HeriocheirGB1,DIPS,FEDCabc,,,,,,,,,,,,,,,,,,,,,,,,,,,,,,,,,,,,,,,,,,,,,,,,,,,,,,,,,,,,,,,,,,
no_ortho_PrelictumSGS1-like,APAPTm,CRNCARtm,DOLASNT,PLDAGAT_MYRS_ARA_HDE_PC_1_c,PLDAGAT_HDE_EPA_LNA_PE_9_c,PLDAGAT_EPA_EPA_ARA_PC_5_c,PLDAGAT_EPA_EPA_DHA_PE_13_c,PLDAGAT_HDE_EPA_LNA_PC_3_c,PLDAGAT_PALM_EPA_LNA_PC_3_c,PLDAGAT_EPA_EPA_ARA_PC_4_c,,,,,,,,,,,,,,,,,,,,,,,,,,,,,,,,,,,,,,,,,,,,,,,,,,,,,,,,,,
Pchabaudichabaudi,APAPTm,CRNCARtm,DOLASNT,GHMT2r_ap,,,,,,,,,,,,,,,,,,,,,,,,,,,,,,,,,,,,,,,,,,,,,,,,,,,,,,,,,,,,,,,,
no_ortho_VbrassicaformisCCMP3155,DOLASNT,,,,,,,,,,,,,,,,,,,,,,,,,,,,,,,,,,,,,,,,,,,,,,,,,,,,,,,,,,,,,,,,,,,
no_ortho_Pvinckeivinckeivinckei,APAPTm,CRNCARtm,DOLASNT,CBFCc,,,,,,,,,,,,,,,,,,,,,,,,,,,,,,,,,,,,,,,,,,,,,,,,,,,,,,,,,,,,,,,,
no_ortho_EhistolyticaHM1IMSS-A,NALN6,DOLASNTc,,,,,,,,,,,,,,,,,,,,,,,,,,,,,,,,,,,,,,,,,,,,,,,,,,,,,,,,,,,,,,,,,,
no_ortho_NceranaeBRL01,DXHPScmc,,,,,,,,,,,,,,,,,,,,,,,,,,,,,,,,,,,,,,,,,,,,,,,,,,,,,,,,,,,,,,,,,,,
no_ortho_TcruzimarinkelleiB7,LIPOS,APAPTm,ACSERLm,BC10_new,DOLASNT,PLDAGAT_HDE_PALM_LNA_PC_7_c,AGAT_LLA,,,,,,,,,,,,,,,,,,,,,,,,,,,,,,,,,,,,,,,,,,,,,,,,,,,,,,,,,,,,,
PcynomolgiB,APAPTm,DOLASNT,CBFCc,GHMT2r_ap,,,,,,,,,,,,,,,,,,,,,,,,,,,,,,,,,,,,,,,,,,,,,,,,,,,,,,,,,,,,,,,,
no_ortho_CfasciculataCfCl,APAPTm,DOLASNT,,,,,,,,,,,,,,,,,,,,,,,,,,,,,,,,,,,,,,,,,,,,,,,,,,,,,,,,,,,,,,,,,,
no_ortho_LpyrrhocorisH10,DOLASNT,,,,,,,,,,,,,,,,,,,,,,,,,,,,,,,,,,,,,,,,,,,,,,,,,,,,,,,,,,,,,,,,,,,
no_ortho_GintestinalisAssemblageBGS,NORRDX,DOLASNTc,PLDAGAT_LNA_EPA_LNA_PC_7_c,,,,,,,,,,,,,,,,,,,,,,,,,,,,,,,,,,,,,,,,,,,,,,,,,,,,,,,,,,,,,,,,,
PfalciparumML01,APAPTm,CRNCARtm,DOLASNT,THZPSN_mt2,THZPSNm,GHMT2r_ap,,,,,,,,,,,,,,,,,,,,,,,,,,,,,,,,,,,,,,,,,,,,,,,,,,,,,,,,,,,,,,
no_ortho_EaedisUSNM41457,4M2OPLOXRD,PLDAGAT16018111Z1819Z2,PLDAGAT16018111Z1819Z4,PLDAGAT16018111Z1601,PLDAGAT16018111Z1602,PLDAGAT18111Z18111Z1601,PLDAGAT18111Z18111Z18111Z2,PLDAGAT18111Z18111Z1819Z4,NTRARz,PLDAGAT16018111Z18111Z1,PLDAGAT16018111Z18111Z2,PLDAGAT16018111Z1819Z3,PLDAGAT18111Z18111Z1819Z3,THZPSN3,3M2OBLOXRD,3M2OPLOXRD,PLDAGAT16018111Z18111Z3,PLDAGAT16018111Z1819Z1,PLDAGAT18111Z18111Z1602,PLDAGAT18111Z18111Z18111Z1,PLDAGAT18111Z18111Z18111Z3,PLDAGAT18111Z18111Z1819Z1,PLDAGAT18111Z18111Z1819Z2,,,,,,,,,,,,,,,,,,,,,,,,,,,,,,,,,,,,,,,,,,,,,
no_ortho_EinvadensIP1,NALN6,DOLASNTc,,,,,,,,,,,,,,,,,,,,,,,,,,,,,,,,,,,,,,,,,,,,,,,,,,,,,,,,,,,,,,,,,,
no_ortho_CveliaCCMP2878,DHORD3,DHORD2,DOLASNT,,,,,,,,,,,,,,,,,,,,,,,,,,,,,,,,,,,,,,,,,,,,,,,,,,,,,,,,,,,,,,,,,
no_ortho_EhepatopenaeiTH1,DXHPScmc,PLDAGAT_HDE_EPA_HDE_PE_15_c,PCW3DS_LNA_EPA_sn2_c,PCD12DS_LNA_LNA_sn1_c,PCW3DS_STC_EPA_sn2_c,,,,,,,,,,,,,,,,,,,,,,,,,,,,,,,,,,,,,,,,,,,,,,,,,,,,,,,,,,,,,,,
no_ortho_CtyzzeriUGA55,FAS141ACPm,FAS181ACPm,SUCFUMtm,PTOR,FAS182ACPm,FAS80ACPm_L,CRNCARtm,FAS161ACPm,DOLASNT,,,,,,,,,,,,,,,,,,,,,,,,,,,,,,,,,,,,,,,,,,,,,,,,,,,,,,,,,,,
no_ortho_CcayetanensisCHN_HEN01,DHORD2,CRNCARtm,DOLASNT,,,,,,,,,,,,,,,,,,,,,,,,,,,,,,,,,,,,,,,,,,,,,,,,,,,,,,,,,,,,,,,,,
Pfalciparum7G8,APAPTm,DOLASNT,THZPSN_mt2,THZPSNm,GHMT2r_ap,FA141COAabcp,,,,,,,,,,,,,,,,,,,,,,,,,,,,,,,,,,,,,,,,,,,,,,,,,,,,,,,,,,,,,,
no_ortho_Heriocheircanceri,DIPS,FEDCabc,TALA,TAhc,,,,,,,,,,,,,,,,,,,,,,,,,,,,,,,,,,,,,,,,,,,,,,,,,,,,,,,,,,,,,,,,
no_ortho_EmoshkovskiiLaredo,NALN6,FEDCabc,DOLASNTc,,,,,,,,,,,,,,,,,,,,,,,,,,,,,,,,,,,,,,,,,,,,,,,,,,,,,,,,,,,,,,,,,
no_ortho_HhammondiHH34,DOLASNT,,,,,,,,,,,,,,,,,,,,,,,,,,,,,,,,,,,,,,,,,,,,,,,,,,,,,,,,,,,,,,,,,,,
no_ortho_OcolligataOC4,DIPS,SHSL2,OHPHM6nc,DXHPScmc,,,,,,,,,,,,,,,,,,,,,,,,,,,,,,,,,,,,,,,,,,,,,,,,,,,,,,,,,,,,,,,,
PfalciparumHB3,APAPTm,CRNCARtm,DOLASNT,THZPSN_mt2,THZPSNm,GHMT2r_ap,,,,,,,,,,,,,,,,,,,,,,,,,,,,,,,,,,,,,,,,,,,,,,,,,,,,,,,,,,,,,,
no_ortho_TcruziSylvioX10-1-2012,FAS141ACPm,FAS181ACPm,FAS182ACPm,FAS161ACPm,BC10_new,DOLASNT,,,,,,,,,,,,,,,,,,,,,,,,,,,,,,,,,,,,,,,,,,,,,,,,,,,,,,,,,,,,,,
PfalciparumCD01,APAPTm,DOLASNT,CBFCc,THZPSN_mt2,THZPSNm,GHMT2r_ap,,,,,,,,,,,,,,,,,,,,,,,,,,,,,,,,,,,,,,,,,,,,,,,,,,,,,,,,,,,,,,
PvivaxSal1,APAPTm,CRNCARtm,DOLASNT,GHMT2r_ap,,,,,,,,,,,,,,,,,,,,,,,,,,,,,,,,,,,,,,,,,,,,,,,,,,,,,,,,,,,,,,,,
no_ortho_TbruceiLister427_2018,APAPTm,DOLASNT,PLDAGAT_LNA_EPA_ARA_PC_6_c,PLDAGAT_MYRS_EPA_ARA_PE_9_c,PLDAGAT_EPA_EPA_ARA_PC_6_c,PLDAGAT_MYRS_EPA_ARA_PC_1_c,,,,,,,,,,,,,,,,,,,,,,,,,,,,,,,,,,,,,,,,,,,,,,,,,,,,,,,,,,,,,,
no_ortho_PvivaxP01,APAPTm,DOLASNT,PLDAGAT_HDE_PALM_LNA_PC_7_c,PLDAGAT_LNA_EPA_LNA_PC_7_c,PLDAGAT_DHA_EPA_ARA_PC_7_c,,,,,,,,,,,,,,,,,,,,,,,,,,,,,,,,,,,,,,,,,,,,,,,,,,,,,,,,,,,,,,,
no_ortho_AspWSBS2006,DIPS,NNMT,OHPHM6nc,,,,,,,,,,,,,,,,,,,,,,,,,,,,,,,,,,,,,,,,,,,,,,,,,,,,,,,,,,,,,,,,,
no_ortho_PvinckeipetteriCR,APAPTm,CRNCARtm,DOLASNT,CBFCc,,,,,,,,,,,,,,,,,,,,,,,,,,,,,,,,,,,,,,,,,,,,,,,,,,,,,,,,,,,,,,,,
no_ortho_EhistolyticaHM3IMSS,NALN6,DOLASNTc,PLDAGAT_LNA_EPA_ARA_PE_13_c,PLDAGAT_DHA_EPA_ARA_PE_13_c,PLDAGAT_HDE_EPA_OLE_PE_11_c,PCW3DS_DHA_EPA_sn2_c,ARTFR32_cho,,,,,,,,,,,,,,,,,,,,,,,,,,,,,,,,,,,,,,,,,,,,,,,,,,,,,,,,,,,,,
no_ortho_PfalciparumKH02,APAPTm,CRNCARtm,DOLASNT,,,,,,,,,,,,,,,,,,,,,,,,,,,,,,,,,,,,,,,,,,,,,,,,,,,,,,,,,,,,,,,,,
Pyoeliiyoelii17XNL,APAPTm,CRNCARtm,DOLASNT,GHMT2r_ap,,,,,,,,,,,,,,,,,,,,,,,,,,,,,,,,,,,,,,,,,,,,,,,,,,,,,,,,,,,,,,,,
Pvivax-likePvl01,APAPTm,CRNCARtm,DOLASNT,CBFCc,GHMT2r_ap,PLIPA2A141pp,PLDAGAT_HDE_MYRS_HDE_PC_6_c,PLDAGAT_PALM_HDE_HDE_PC_6_c,PLDAGAT_LNA_EPA_GLNA_PC_3_c,,,,,,,,,,,,,,,,,,,,,,,,,,,,,,,,,,,,,,,,,,,,,,,,,,,,,,,,,,,
no_ortho_PconfusumCUL13,NALN6,APAPTm,DOLASNT,,,,,,,,,,,,,,,,,,,,,,,,,,,,,,,,,,,,,,,,,,,,,,,,,,,,,,,,,,,,,,,,,
no_ortho_PblacklockiG01,APAPTm,CRNCARtm,DOLASNT,CBFCc,,,,,,,,,,,,,,,,,,,,,,,,,,,,,,,,,,,,,,,,,,,,,,,,,,,,,,,,,,,,,,,,
no_ortho_EhellemSwiss,DIPS,OHPHM6nc,,,,,,,,,,,,,,,,,,,,,,,,,,,,,,,,,,,,,,,,,,,,,,,,,,,,,,,,,,,,,,,,,,
no_ortho_TparvaMuguga,,,,,,,,,,,,,,,,,,,,,,,,,,,,,,,,,,,,,,,,,,,,,,,,,,,,,,,,,,,,,,,,,,,,
no_ortho_GintestinalisAssemblageEP15,FEDCabc,DOLASNTc,,,,,,,,,,,,,,,,,,,,,,,,,,,,,,,,,,,,,,,,,,,,,,,,,,,,,,,,,,,,,,,,,,
no_ortho_PfalciparumKH01,APAPTm,CRNCARtm,DOLASNT,,,,,,,,,,,,,,,,,,,,,,,,,,,,,,,,,,,,,,,,,,,,,,,,,,,,,,,,,,,,,,,,,
no_ortho_TtheileriEdinburgh,DOLASNT,CYSS_1,,,,,,,,,,,,,,,,,,,,,,,,,,,,,,,,,,,,,,,,,,,,,,,,,,,,,,,,,,,,,,,,,,
no_ortho_ThominisUnknown,PLDAGAT16018111Z1819Z2,PLDAGAT16018111Z1819Z4,PLDAGAT1601819Z1601,PLDAGAT1601819Z18111Z1,PLDAGAT1601819Z1819Z3,PLDAGAT1601819Z1819Z4,PLDAGAT18111Z1819Z1601,PLDAGAT18111Z1819Z1602,PLDAGAT18111Z1819Z18111Z1,PLDAGAT1819Z18111Z1601,PLDAGAT1819Z18111Z1819Z1,PLDAGAT1819Z18111Z1819Z4,PLDAGAT1819Z1819Z18111Z1,PLDAGAT1819Z1819Z18111Z2,PLDAGAT1819Z1819Z18111Z3,PLDAGAT16018111Z1601,PLDAGAT16018111Z1602,PLDAGAT1601819Z18111Z2,PLDAGAT1601819Z18111Z3,PLDAGAT1801819Z18111Z1,PLDAGAT1801819Z1819Z3,PLDAGAT18111Z18111Z1601,PLDAGAT18111Z18111Z18111Z2,PLDAGAT18111Z18111Z1819Z4,PLDAGAT18111Z1819Z1819Z1,PLDAGAT18111Z1819Z1819Z3,PLDAGAT18111Z1819Z1819Z4,PLDAGAT1819Z18111Z1819Z2,PLDAGAT1819Z1819Z1601,PLDAGAT1819Z1819Z1819Z1,PLDAGAT1819Z1819Z1819Z2,PLDAGAT1819Z1819Z1819Z3,PLDAGAT1819Z1819Z1819Z4,PLDAGAT16018111Z18111Z1,PLDAGAT16018111Z18111Z2,PLDAGAT16018111Z1819Z3,PLDAGAT1801819Z1819Z2,PLDAGAT18111Z18111Z1819Z3,PLDAGAT18111Z1819Z18111Z2,PLDAGAT18111Z1819Z18111Z3,PLDAGAT1819Z18111Z1602,PLDAGAT1819Z18111Z18111Z1,PLDAGAT1819Z18111Z18111Z3,PLDAGAT1819Z18111Z1819Z3,PLDAGAT16018111Z18111Z3,PLDAGAT16018111Z1819Z1,PLDAGAT1601819Z1602,PLDAGAT1601819Z1819Z1,PLDAGAT1601819Z1819Z2,PLDAGAT1801819Z1601,PLDAGAT1801819Z1602,PLDAGAT1801819Z18111Z2,PLDAGAT1801819Z18111Z3,PLDAGAT1801819Z1819Z1,PLDAGAT1801819Z1819Z4,PLDAGAT18111Z18111Z1602,PLDAGAT18111Z18111Z18111Z1,PLDAGAT18111Z18111Z18111Z3,PLDAGAT18111Z18111Z1819Z1,PLDAGAT18111Z18111Z1819Z2,PLDAGAT18111Z1819Z1819Z2,PLDAGAT1819Z18111Z18111Z2,PLDAGAT1819Z1819Z1602,,,,,
no_ortho_LpanamensisMHOMCOL81L13,APAPTm,DOLASNT,PLDAGAT_EPA_EPA_LNA_PE_13_c,PLDAGAT_MYRS_EPA_LNA_PE_13_c,PLDAGAT_MYRS_EPA_LNA_PE_11_c,PLDAGAT_HDE_EPA_LNA_PC_7_c,PLDAGAT_OLE_PALM_HDE_PE_14_c,PLDAGAT_OLE_PALM_HDE_PE_9_c,PLDAGAT_DHA_EPA_ARA_PC_6_c,PLDAGAT_HDE_EPA_LNA_PE_11_c,PLDAGAT_MYRS_HDE_HDE_PE_14_c,,,,,,,,,,,,,,,,,,,,,,,,,,,,,,,,,,,,,,,,,,,,,,,,,,,,,,,,,
no_ortho_TgondiiVEG,DHORD2,DOLASNT,,,,,,,,,,,,,,,,,,,,,,,,,,,,,,,,,,,,,,,,,,,,,,,,,,,,,,,,,,,,,,,,,,
no_ortho_ChominisTU502_2012,CRNCARtm,DOLASNT,,,,,,,,,,,,,,,,,,,,,,,,,,,,,,,,,,,,,,,,,,,,,,,,,,,,,,,,,,,,,,,,,,
no_ortho_BbovisT2Bo,DOLASNTc,,,,,,,,,,,,,,,,,,,,,,,,,,,,,,,,,,,,,,,,,,,,,,,,,,,,,,,,,,,,,,,,,,,
no_ortho_EpraecoxHoughton,DES_9,LIPOS,DHORD2,DIPS,LYSTRSm,ALATL,CITALOR,ACSERLm,DMCITALOR,DOLASNT,LEUTRSm,TRPTRSm,ILETRSm,THRTRSm,ARGTRSm,HISTRSm,TYRTRSm,AMETt2m,SECYSTL,CYSS_m,DMTc,PLDAGAT_HDE_HDE_LNA_PC_1_c,,,,,,,,,,,,,,,,,,,,,,,,,,,,,,,,,,,,,,,,,,,,,,
no_ortho_EacervulinaHoughton,G12MT4,DOLASNT,G12MT3,,,,,,,,,,,,,,,,,,,,,,,,,,,,,,,,,,,,,,,,,,,,,,,,,,,,,,,,,,,,,,,,,
no_ortho_PgaboniG01,APAPTm,CRNCARtm,DOLASNT,CBFCc,,,,,,,,,,,,,,,,,,,,,,,,,,,,,,,,,,,,,,,,,,,,,,,,,,,,,,,,,,,,,,,,
no_ortho_PknowlesiH,APAPTm,CRNCARtm,DOLASNT,,,,,,,,,,,,,,,,,,,,,,,,,,,,,,,,,,,,,,,,,,,,,,,,,,,,,,,,,,,,,,,,,
no_ortho_TequiWA,DOLASNTc,PIMACPS_m,,,,,,,,,,,,,,,,,,,,,,,,,,,,,,,,,,,,,,,,,,,,,,,,,,,,,,,,,,,,,,,,,,
no_ortho_NparisiiERTm1,DOLASNTc,,,,,,,,,,,,,,,,,,,,,,,,,,,,,,,,,,,,,,,,,,,,,,,,,,,,,,,,,,,,,,,,,,,
no_ortho_CfelisWinnie,DOLASNTc,CBFCc,,,,,,,,,,,,,,,,,,,,,,,,,,,,,,,,,,,,,,,,,,,,,,,,,,,,,,,,,,,,,,,,,,
no_ortho_BovataMiyake,CBFCc,CEFc,DOLASNTc,BCAROKTc,,,,,,,,,,,,,,,,,,,,,,,,,,,,,,,,,,,,,,,,,,,,,,,,,,,,,,,,,,,,,,,,
no_ortho_LdonovaniCL-SL,DOLASNT,PLDAGAT_DHA_EPA_DHA_PE_12_c,PLDAGAT_OLE_EPA_DHA_PE_12_c,PLDAGAT_OLE_EPA_DHA_PE_10_c,,,,,,,,,,,,,,,,,,,,,,,,,,,,,,,,,,,,,,,,,,,,,,,,,,,,,,,,,,,,,,,,
no_ortho_PneurophiliaMK1,PLDAGAT16018111Z1819Z2,PLDAGAT16018111Z1819Z4,PLDAGAT1601819Z1601,PLDAGAT1601819Z18111Z1,PLDAGAT1601819Z1819Z3,PLDAGAT1601819Z1819Z4,PLDAGAT18111Z1819Z1601,PLDAGAT18111Z1819Z1602,PLDAGAT18111Z1819Z18111Z1,PLDAGAT1819Z18111Z1601,PLDAGAT1819Z18111Z1819Z1,PLDAGAT1819Z18111Z1819Z4,PLDAGAT1819Z1819Z18111Z1,PLDAGAT1819Z1819Z18111Z2,PLDAGAT1819Z1819Z18111Z3,PLDAGAT16018111Z1601,PLDAGAT16018111Z1602,PLDAGAT1601819Z18111Z2,PLDAGAT1601819Z18111Z3,PLDAGAT1801819Z18111Z1,PLDAGAT1801819Z1819Z3,PLDAGAT18111Z18111Z1601,PLDAGAT18111Z18111Z18111Z2,PLDAGAT18111Z18111Z1819Z4,PLDAGAT18111Z1819Z1819Z1,PLDAGAT18111Z1819Z1819Z3,PLDAGAT18111Z1819Z1819Z4,PLDAGAT1819Z18111Z1819Z2,PLDAGAT1819Z1819Z1601,PLDAGAT1819Z1819Z1819Z1,PLDAGAT1819Z1819Z1819Z2,PLDAGAT1819Z1819Z1819Z3,PLDAGAT1819Z1819Z1819Z4,PLDAGAT16018111Z18111Z1,PLDAGAT16018111Z18111Z2,PLDAGAT16018111Z1819Z3,PLDAGAT1801819Z1819Z2,PLDAGAT18111Z18111Z1819Z3,PLDAGAT18111Z1819Z18111Z2,PLDAGAT18111Z1819Z18111Z3,PLDAGAT1819Z18111Z1602,PLDAGAT1819Z18111Z18111Z1,PLDAGAT1819Z18111Z18111Z3,PLDAGAT1819Z18111Z1819Z3,PLDAGAT16018111Z18111Z3,PLDAGAT16018111Z1819Z1,PLDAGAT1601819Z1602,PLDAGAT1601819Z1819Z1,PLDAGAT1601819Z1819Z2,PLDAGAT1801819Z1601,PLDAGAT1801819Z1602,PLDAGAT1801819Z18111Z2,PLDAGAT1801819Z18111Z3,PLDAGAT1801819Z1819Z1,PLDAGAT1801819Z1819Z4,PLDAGAT18111Z18111Z1602,PLDAGAT18111Z18111Z18111Z1,PLDAGAT18111Z18111Z18111Z3,PLDAGAT18111Z18111Z1819Z1,PLDAGAT18111Z18111Z1819Z2,PLDAGAT18111Z1819Z1819Z2,PLDAGAT1819Z18111Z18111Z2,PLDAGAT1819Z1819Z1602,,,,,
no_ortho_Pchabaudichabaudi,APAPTm,CRNCARtm,DOLASNT,PLDAGAT_LNA_EPA_ARA_PC_3_c,PLDAGAT_EPA_EPA_LNA_PC_1_c,PLDAGAT_MYRS_EPA_LNA_PC_1_c,,,,,,,,,,,,,,,,,,,,,,,,,,,,,,,,,,,,,,,,,,,,,,,,,,,,,,,,,,,,,,
Pfalciparum3D7,APAPTm,CRNCARtm,DOLASNT,ACCOAC_ap,G3PD1ir_ap,GLUDy_ap,SERTRS2ap,GLUDy_pfap,,,,,,,,,,,,,,,,,,,,,,,,,,,,,,,,,,,,,,,,,,,,,,,,,,,,,,,,,,,,
no_ortho_GniphandrodesUnknown,DHORD4i,APAPTm,DOLASNT,,,,,,,,,,,,,,,,,,,,,,,,,,,,,,,,,,,,,,,,,,,,,,,,,,,,,,,,,,,,,,,,,
PcynomolgiM,APAPTm,CRNCARtm,DOLASNT,GHMT2r_ap,,,,,,,,,,,,,,,,,,,,,,,,,,,,,,,,,,,,,,,,,,,,,,,,,,,,,,,,,,,,,,,,
no_ortho_AcastellaniiNeff,NALN6,,,,,,,,,,,,,,,,,,,,,,,,,,,,,,,,,,,,,,,,,,,,,,,,,,,,,,,,,,,,,,,,,,,
Pgallinaceum8A,APAPTm,CRNCARtm,DOLASNT,GHMT2r_ap,PLDAGAT_OLE_EPA_DHA_PE_14_c,PLDAGAT_EPA_EPA_DHA_PE_14_c,,,,,,,,,,,,,,,,,,,,,,,,,,,,,,,,,,,,,,,,,,,,,,,,,,,,,,,,,,,,,,
no_ortho_NbombycisCQ1,,,,,,,,,,,,,,,,,,,,,,,,,,,,,,,,,,,,,,,,,,,,,,,,,,,,,,,,,,,,,,,,,,,,
no_ortho_Slophii42_110,PLDAGAT16018111Z1819Z2,PLDAGAT16018111Z1819Z4,PLDAGAT1601819Z1601,PLDAGAT1601819Z18111Z1,PLDAGAT1601819Z1819Z3,PLDAGAT1601819Z1819Z4,PLDAGAT18111Z1819Z1601,PLDAGAT18111Z1819Z1602,PLDAGAT18111Z1819Z18111Z1,PLDAGAT1819Z18111Z1601,PLDAGAT1819Z18111Z1819Z1,PLDAGAT1819Z18111Z1819Z4,PLDAGAT1819Z1819Z18111Z1,PLDAGAT1819Z1819Z18111Z2,PLDAGAT1819Z1819Z18111Z3,PLDAGAT16018111Z1601,PLDAGAT16018111Z1602,PLDAGAT1601819Z18111Z2,PLDAGAT1601819Z18111Z3,PLDAGAT1801819Z18111Z1,PLDAGAT1801819Z1819Z3,PLDAGAT18111Z18111Z1601,PLDAGAT18111Z18111Z18111Z2,PLDAGAT18111Z18111Z1819Z4,PLDAGAT18111Z1819Z1819Z1,PLDAGAT18111Z1819Z1819Z3,PLDAGAT18111Z1819Z1819Z4,PLDAGAT1819Z18111Z1819Z2,PLDAGAT1819Z1819Z1601,PLDAGAT1819Z1819Z1819Z1,PLDAGAT1819Z1819Z1819Z2,PLDAGAT1819Z1819Z1819Z3,PLDAGAT1819Z1819Z1819Z4,PLDAGAT16018111Z18111Z1,PLDAGAT16018111Z18111Z2,PLDAGAT16018111Z1819Z3,PLDAGAT1801819Z1819Z2,PLDAGAT18111Z18111Z1819Z3,PLDAGAT18111Z1819Z18111Z2,PLDAGAT18111Z1819Z18111Z3,PLDAGAT1819Z18111Z1602,PLDAGAT1819Z18111Z18111Z1,PLDAGAT1819Z18111Z18111Z3,PLDAGAT1819Z18111Z1819Z3,PLDAGAT16018111Z18111Z3,PLDAGAT16018111Z1819Z1,PLDAGAT1601819Z1602,PLDAGAT1601819Z1819Z1,PLDAGAT1601819Z1819Z2,PLDAGAT1801819Z1601,PLDAGAT1801819Z1602,PLDAGAT1801819Z18111Z2,PLDAGAT1801819Z18111Z3,PLDAGAT1801819Z1819Z1,PLDAGAT1801819Z1819Z4,PLDAGAT18111Z18111Z1602,PLDAGAT18111Z18111Z18111Z1,PLDAGAT18111Z18111Z18111Z3,PLDAGAT18111Z18111Z1819Z1,PLDAGAT18111Z18111Z1819Z2,PLDAGAT18111Z1819Z1819Z2,PLDAGAT1819Z18111Z18111Z2,PLDAGAT1819Z1819Z1602,,,,,
no_ortho_PfalciparumML01,APAPTm,DOLASNT,,,,,,,,,,,,,,,,,,,,,,,,,,,,,,,,,,,,,,,,,,,,,,,,,,,,,,,,,,,,,,,,,,
PovalecurtisiGH01,APAPTm,DOLASNT,CBFCc,GHMT2r_ap,PLDAGAT_EPA_EPA_LNA_PC_8_c,PLDAGAT_EPA_EPA_LNA_PC_2_c,,,,,,,,,,,,,,,,,,,,,,,,,,,,,,,,,,,,,,,,,,,,,,,,,,,,,,,,,,,,,,
no_ortho_BbigeminaBOND,DOLASNTc,CBFCc,,,,,,,,,,,,,,,,,,,,,,,,,,,,,,,,,,,,,,,,,,,,,,,,,,,,,,,,,,,,,,,,,,
no_ortho_Pyoeliiyoelii17X,APAPTm,CRNCARtm,DOLASNT,,,,,,,,,,,,,,,,,,,,,,,,,,,,,,,,,,,,,,,,,,,,,,,,,,,,,,,,,,,,,,,,,
no_ortho_TbruceiLister427,DOLASNT,PLDAGAT_EPA_EPA_ARA_PC_3_c,PLDAGAT_MYRS_EPA_LNA_PC_3_c,,,,,,,,,,,,,,,,,,,,,,,,,,,,,,,,,,,,,,,,,,,,,,,,,,,,,,,,,,,,,,,,,
no_ortho_LpanamensisMHOMPA94PSC1,DOLASNT,GLXO2p,GLYOp,FA160COAabcp,,,,,,,,,,,,,,,,,,,,,,,,,,,,,,,,,,,,,,,,,,,,,,,,,,,,,,,,,,,,,,,,
no_ortho_Pfalciparum7G8,APAPTm,CRNCARtm,DOLASNT,,,,,,,,,,,,,,,,,,,,,,,,,,,,,,,,,,,,,,,,,,,,,,,,,,,,,,,,,,,,,,,,,
PvinckeipetteriCR,DHORD2,APAPTm,DOLASNT,CBFCc,GHMT2r_ap,PLDAGAT_PALM_EPA_ARA_PC_5_c,,,,,,,,,,,,,,,,,,,,,,,,,,,,,,,,,,,,,,,,,,,,,,,,,,,,,,,,,,,,,,
no_ortho_LinfantumJPCM5,APAPTm,DOLASNT,,,,,,,,,,,,,,,,,,,,,,,,,,,,,,,,,,,,,,,,,,,,,,,,,,,,,,,,,,,,,,,,,,
no_ortho_EintestinalisATCC50506,DIPS,OHPHM6nc,,,,,,,,,,,,,,,,,,,,,,,,,,,,,,,,,,,,,,,,,,,,,,,,,,,,,,,,,,,,,,,,,,
no_ortho_EhistolyticaHM1IMSS,NALN6,DOLASNTc,,,,,,,,,,,,,,,,,,,,,,,,,,,,,,,,,,,,,,,,,,,,,,,,,,,,,,,,,,,,,,,,,,
PreichenowiG01,DHORD2,APAPTm,CRNCARtm,DOLASNT,CBFCc,GHMT2r_ap,,,,,,,,,,,,,,,,,,,,,,,,,,,,,,,,,,,,,,,,,,,,,,,,,,,,,,,,,,,,,,
PrelictumSGS1-like,APAPTm,CRNCARtm,DOLASNT,GHMT2r_ap,,,,,,,,,,,,,,,,,,,,,,,,,,,,,,,,,,,,,,,,,,,,,,,,,,,,,,,,,,,,,,,,
no_ortho_PgaboniSY75,APAPTm,DOLASNT,CBFCc,PLDAGAT_MYRS_EPA_ARA_PC_3_c,PLDAGAT_OLE_EPA_EPA_PE_9_c,PLDAGAT_LNA_EPA_ARA_PC_2_c,PLDAGAT_MYRS_EPA_ARA_PC_2_c,PLDAGAT_HDE_PALM_EPA_PE_9_c,,,,,,,,,,,,,,,,,,,,,,,,,,,,,,,,,,,,,,,,,,,,,,,,,,,,,,,,,,,,
PfalciparumGN01,APAPTm,CRNCARtm,DOLASNT,THZPSN_mt2,THZPSNm,GHMT2r_ap,,,,,,,,,,,,,,,,,,,,,,,,,,,,,,,,,,,,,,,,,,,,,,,,,,,,,,,,,,,,,,
Pvinckeivinckeivinckei,APAPTm,CRNCARtm,DOLASNT,CBFCc,GHMT2r_ap,,,,,,,,,,,,,,,,,,,,,,,,,,,,,,,,,,,,,,,,,,,,,,,,,,,,,,,,,,,,,,,
no_ortho_EhellemATCC50504,DIPS,OHPHM6nc,,,,,,,,,,,,,,,,,,,,,,,,,,,,,,,,,,,,,,,,,,,,,,,,,,,,,,,,,,,,,,,,,,
PknowlesiH,APAPTm,CRNCARtm,DOLASNT,GHMT2r_ap,,,,,,,,,,,,,,,,,,,,,,,,,,,,,,,,,,,,,,,,,,,,,,,,,,,,,,,,,,,,,,,,
no_ortho_PfalciparumKE01,APAPTm,CRNCARtm,DOLASNT,,,,,,,,,,,,,,,,,,,,,,,,,,,,,,,,,,,,,,,,,,,,,,,,,,,,,,,,,,,,,,,,,
no_ortho_SneuronaSN3,ACSERSULLm,DOLASNT,,,,,,,,,,,,,,,,,,,,,,,,,,,,,,,,,,,,,,,,,,,,,,,,,,,,,,,,,,,,,,,,,,
no_ortho_PbillcollinsiG01,APAPTm,CRNCARtm,CBFCc,PLDAGAT_HDE_ARA_ARA_PC_3_c,PLDAGAT_PALM_EPA_ARA_PC_3_c,,,,,,,,,,,,,,,,,,,,,,,,,,,,,,,,,,,,,,,,,,,,,,,,,,,,,,,,,,,,,,,
no_ortho_GintestinalisAssemblageBGS_B,DOLASNTc,PLDAGAT_PALM_EPA_LNA_PC_7_c,PLDAGAT_OLE_PALM_HDE_PE_10_c,,,,,,,,,,,,,,,,,,,,,,,,,,,,,,,,,,,,,,,,,,,,,,,,,,,,,,,,,,,,,,,,,
no_ortho_NparisiiERTm3,DOLASNTc,,,,,,,,,,,,,,,,,,,,,,,,,,,,,,,,,,,,,,,,,,,,,,,,,,,,,,,,,,,,,,,,,,,
no_ortho_TvivaxY486,APAPTm,,,,,,,,,,,,,,,,,,,,,,,,,,,,,,,,,,,,,,,,,,,,,,,,,,,,,,,,,,,,,,,,,,,
no_ortho_PreichenowiG01,APAPTm,CRNCARtm,DOLASNT,CBFCc,ANXANOR,,,,,,,,,,,,,,,,,,,,,,,,,,,,,,,,,,,,,,,,,,,,,,,,,,,,,,,,,,,,,,,
PfragileNilgiri,DHORD2,APAPTm,DOLASNT,CBFCc,GHMT2r_ap,PLDAGAT_EPA_EPA_ARA_PC_6_c,RE3289R,,,,,,,,,,,,,,,,,,,,,,,,,,,,,,,,,,,,,,,,,,,,,,,,,,,,,,,,,,,,,
no_ortho_Chominis30976,CRNCARtm,DOLASNT,,,,,,,,,,,,,,,,,,,,,,,,,,,,,,,,,,,,,,,,,,,,,,,,,,,,,,,,,,,,,,,,,,
no_ortho_TannulataAnkara,,,,,,,,,,,,,,,,,,,,,,,,,,,,,,,,,,,,,,,,,,,,,,,,,,,,,,,,,,,,,,,,,,,,
no_ortho_EdisparSAW760,NALN6,FEDCabc,DOLASNTc,,,,,,,,,,,,,,,,,,,,,,,,,,,,,,,,,,,,,,,,,,,,,,,,,,,,,,,,,,,,,,,,,
PreichenowiCDC,APAPTm,CRNCARtm,DOLASNT,GHMT2r_ap,,,,,,,,,,,,,,,,,,,,,,,,,,,,,,,,,,,,,,,,,,,,,,,,,,,,,,,,,,,,,,,,
PfalciparumDd2,APAPTm,CRNCARtm,DOLASNT,THZPSN_mt2,THZPSNm,GHMT2r_ap,PLDAGAT_MYRS_EPA_ARA_PC_6_c,FAO141p_odd,PLDAGAT_LNA_EPA_ARA_PC_5_c,3NTD2pp_1,PLDAGAT_HDE_EPA_DHA_PC_8_c,FA141COAabcp,PLDAGAT_LNA_EPA_ARA_PC_6_c,3OAS180_h,,,,,,,,,,,,,,,,,,,,,,,,,,,,,,,,,,,,,,,,,,,,,,,,,,,,,,
no_ortho_TgondiiVAND,DOLASNT,,,,,,,,,,,,,,,,,,,,,,,,,,,,,,,,,,,,,,,,,,,,,,,,,,,,,,,,,,,,,,,,,,,
no_ortho_EnecatrixHoughton,ILETRSm,THRTRSm,MCBTS3,PBALm,HISTRSm,PHETRSm,MCBTS2,MCBTS,LYSTRSm,HBZOPT6m_1,ALATL,ACSERLm,ASPTRSm,CRNCARtm,DOLASNT,VALTRSm,SECYSTL,,,,,,,,,,,,,,,,,,,,,,,,,,,,,,,,,,,,,,,,,,,,,,,,,,,
no_ortho_AalgeraePRA109,ACONMT,PC6YM,CPC6MT,DIPS,THZPSN3,OHPHM6nc,,,,,,,,,,,,,,,,,,,,,,,,,,,,,,,,,,,,,,,,,,,,,,,,,,,,,,,,,,,,,,
no_ortho_EcanceriGB1,DIPS,,,,,,,,,,,,,,,,,,,,,,,,,,,,,,,,,,,,,,,,,,,,,,,,,,,,,,,,,,,,,,,,,,,
PblacklockiG01,DHORD2,APAPTm,CRNCARtm,DOLASNT,CBFCc,THZPSN_mt2,THZPSNm,GHMT2r_ap,,,,,,,,,,,,,,,,,,,,,,,,,,,,,,,,,,,,,,,,,,,,,,,,,,,,,,,,,,,,
no_ortho_BmicrotiRI,,,,,,,,,,,,,,,,,,,,,,,,,,,,,,,,,,,,,,,,,,,,,,,,,,,,,,,,,,,,,,,,,,,,
no_ortho_BsaltansLakeKonstanz,DHORD2,DOLASNT,,,,,,,,,,,,,,,,,,,,,,,,,,,,,,,,,,,,,,,,,,,,,,,,,,,,,,,,,,,,,,,,,,
no_ortho_PfalciparumSN01,APAPTm,CRNCARtm,DOLASNT,,,,,,,,,,,,,,,,,,,,,,,,,,,,,,,,,,,,,,,,,,,,,,,,,,,,,,,,,,,,,,,,,
no_ortho_LbraziliensisMHOMBR75M2903,APAPTm,DOLASNT,,,,,,,,,,,,,,,,,,,,,,,,,,,,,,,,,,,,,,,,,,,,,,,,,,,,,,,,,,,,,,,,,,
no_ortho_TgondiiRH,,,,,,,,,,,,,,,,,,,,,,,,,,,,,,,,,,,,,,,,,,,,,,,,,,,,,,,,,,,,,,,,,,,,
no_ortho_EcuniculiEC2,DIPS,OHPHM6nc,,,,,,,,,,,,,,,,,,,,,,,,,,,,,,,,,,,,,,,,,,,,,,,,,,,,,,,,,,,,,,,,,,
no_ortho_PfalciparumDd2,APAPTm,CRNCARtm,DOLASNT,,,,,,,,,,,,,,,,,,,,,,,,,,,,,,,,,,,,,,,,,,,,,,,,,,,,,,,,,,,,,,,,,
no_ortho_LmajorSD75,DOLASNT,PLDAGAT_HDE_EPA_DHA_PE_10_c,PLDAGAT_PALM_EPA_ARA_PC_5_c,PLDAGAT_EPA_EPA_DHA_PE_10_c,PLDAGAT_PALM_EPA_DHA_PE_10_c,,,,,,,,,,,,,,,,,,,,,,,,,,,,,,,,,,,,,,,,,,,,,,,,,,,,,,,,,,,,,,,
no_ortho_SneuronaSOSN1,ACSERSULLm,DOLASNT,,,,,,,,,,,,,,,,,,,,,,,,,,,,,,,,,,,,,,,,,,,,,,,,,,,,,,,,,,,,,,,,,,
no_ortho_Bdivergens1802A,DOLASNTc,CBFCc,,,,,,,,,,,,,,,,,,,,,,,,,,,,,,,,,,,,,,,,,,,,,,,,,,,,,,,,,,,,,,,,,,
no_ortho_TgondiiME49,DOLASNT,,,,,,,,,,,,,,,,,,,,,,,,,,,,,,,,,,,,,,,,,,,,,,,,,,,,,,,,,,,,,,,,,,,
no_ortho_LspMARLEM2494,APAPTm,DOLASNT,PLDAGAT_HDE_HDE_LNA_PC_5_c,PLDAGAT_LNA_EPA_LNA_PC_5_c,,,,,,,,,,,,,,,,,,,,,,,,,,,,,,,,,,,,,,,,,,,,,,,,,,,,,,,,,,,,,,,,
no_ortho_Candersoni30847,DOLASNT,,,,,,,,,,,,,,,,,,,,,,,,,,,,,,,,,,,,,,,,,,,,,,,,,,,,,,,,,,,,,,,,,,,
no_ortho_GintestinalisAssemblageAWB,FEDCabc,DOLASNTc,,,,,,,,,,,,,,,,,,,,,,,,,,,,,,,,,,,,,,,,,,,,,,,,,,,,,,,,,,,,,,,,,,
no_ortho_PcynomolgiM,APAPTm,CRNCARtm,DOLASNT,AGAT_LLA,,,,,,,,,,,,,,,,,,,,,,,,,,,,,,,,,,,,,,,,,,,,,,,,,,,,,,,,,,,,,,,,
no_ortho_PyoeliiyoeliiYM,APAPTm,DOLASNT,PLDAGAT_EPA_EPA_ARA_PC_3_c,PLDAGAT_EPA_EPA_ARA_PE_11_c,,,,,,,,,,,,,,,,,,,,,,,,,,,,,,,,,,,,,,,,,,,,,,,,,,,,,,,,,,,,,,,,
PfalciparumKH02,APAPTm,DOLASNT,THZPSN_mt2,THZPSNm,GHMT2r_ap,,,,,,,,,,,,,,,,,,,,,,,,,,,,,,,,,,,,,,,,,,,,,,,,,,,,,,,,,,,,,,,
no_ortho_EhistolyticaHM1IMSS-B,NALN6,DOLASNTc,,,,,,,,,,,,,,,,,,,,,,,,,,,,,,,,,,,,,,,,,,,,,,,,,,,,,,,,,,,,,,,,,,
no_ortho_VcorneaeATCC50505,4M2OPLOXRD,DIPS,3M2OBLOXRD,3M2OPLOXRD,OHPHM6nc,,,,,,,,,,,,,,,,,,,,,,,,,,,,,,,,,,,,,,,,,,,,,,,,,,,,,,,,,,,,,,,
no_ortho_Pgallinaceum8A,APAPTm,DOLASNT,PLDAGAT_DHA_EPA_DHA_PC_1_c,PLDAGAT_EPA_EPA_LNA_PC_7_c,,,,,,,,,,,,,,,,,,,,,,,,,,,,,,,,,,,,,,,,,,,,,,,,,,,,,,,,,,,,,,,,
no_ortho_MdaphniaeUGP3,PLDAGAT16018111Z1819Z2,PLDAGAT16018111Z1819Z4,PLDAGAT1601819Z1601,PLDAGAT1601819Z18111Z1,PLDAGAT1601819Z1819Z3,PLDAGAT1601819Z1819Z4,PLDAGAT18111Z1819Z1601,PLDAGAT18111Z1819Z1602,PLDAGAT18111Z1819Z18111Z1,PLDAGAT1819Z18111Z1601,PLDAGAT1819Z18111Z1819Z1,PLDAGAT1819Z18111Z1819Z4,PLDAGAT1819Z1819Z18111Z1,PLDAGAT1819Z1819Z18111Z2,PLDAGAT1819Z1819Z18111Z3,PLDAGAT16018111Z1601,PLDAGAT16018111Z1602,PLDAGAT1601819Z18111Z2,PLDAGAT1601819Z18111Z3,PLDAGAT1801819Z18111Z1,PLDAGAT1801819Z1819Z3,PLDAGAT18111Z18111Z1601,PLDAGAT18111Z18111Z18111Z2,PLDAGAT18111Z18111Z1819Z4,PLDAGAT18111Z1819Z1819Z1,PLDAGAT18111Z1819Z1819Z3,PLDAGAT18111Z1819Z1819Z4,PLDAGAT1819Z18111Z1819Z2,PLDAGAT1819Z1819Z1601,PLDAGAT1819Z1819Z1819Z1,PLDAGAT1819Z1819Z1819Z2,PLDAGAT1819Z1819Z1819Z3,PLDAGAT1819Z1819Z1819Z4,PLDAGAT16018111Z18111Z1,PLDAGAT16018111Z18111Z2,PLDAGAT16018111Z1819Z3,PLDAGAT1801819Z1819Z2,PLDAGAT18111Z18111Z1819Z3,PLDAGAT18111Z1819Z18111Z2,PLDAGAT18111Z1819Z18111Z3,PLDAGAT1819Z18111Z1602,PLDAGAT1819Z18111Z18111Z1,PLDAGAT1819Z18111Z18111Z3,PLDAGAT1819Z18111Z1819Z3,BC10_new,PLDAGAT16018111Z18111Z3,PLDAGAT16018111Z1819Z1,PLDAGAT1601819Z1602,PLDAGAT1601819Z1819Z1,PLDAGAT1601819Z1819Z2,PLDAGAT1801819Z1601,PLDAGAT1801819Z1602,PLDAGAT1801819Z18111Z2,PLDAGAT1801819Z18111Z3,PLDAGAT1801819Z1819Z1,PLDAGAT1801819Z1819Z4,PLDAGAT18111Z18111Z1602,PLDAGAT18111Z18111Z18111Z1,PLDAGAT18111Z18111Z18111Z3,PLDAGAT18111Z18111Z1819Z1,PLDAGAT18111Z18111Z1819Z2,PLDAGAT18111Z1819Z1819Z2,PLDAGAT1819Z18111Z18111Z2,PLDAGAT1819Z1819Z1602,DOLASNTc,CBFCc,FAH1829Z12Zc,FAH1819Zc
no_ortho_CparvumIowaII,FAS141ACPm,FAS181ACPm,PTOR,FAS182ACPm,FAS80ACPm_L,CRNCARtm,FAS161ACPm,DOLASNT,ACOAD1fm,,,,,,,,,,,,,,,,,,,,,,,,,,,,,,,,,,,,,,,,,,,,,,,,,,,,,,,,,,,
no_ortho_NfowleriATCC30863,NALN6,,,,,,,,,,,,,,,,,,,,,,,,,,,,,,,,,,,,,,,,,,,,,,,,,,,,,,,,,,,,,,,,,,,
no_ortho_TgrayiANR4,DES_6,DES_6B,DOLASNT,,,,,,,,,,,,,,,,,,,,,,,,,,,,,,,,,,,,,,,,,,,,,,,,,,,,,,,,,,,,,,,,,
no_ortho_LbraziliensisMHOMBR75M2904,APAPTm,DOLASNT,,,,,,,,,,,,,,,,,,,,,,,,,,,,,,,,,,,,,,,,,,,,,,,,,,,,,,,,,,,,,,,,,,
no_ortho_PfalciparumHB3,APAPTm,CRNCARtm,DOLASNT,,,,,,,,,,,,,,,,,,,,,,,,,,,,,,,,,,,,,,,,,,,,,,,,,,,,,,,,,,,,,,,,,
no_ortho_EcuniculiGBM1,DIPS,OHPHM6nc,,,,,,,,,,,,,,,,,,,,,,,,,,,,,,,,,,,,,,,,,,,,,,,,,,,,,,,,,,,,,,,,,,
no_ortho_TgondiiTgCatPRC2,DHORD2,DOLASNT,,,,,,,,,,,,,,,,,,,,,,,,,,,,,,,,,,,,,,,,,,,,,,,,,,,,,,,,,,,,,,,,,,
PknowlesiMalayanPk1A,APAPTm,CRNCARtm,DOLASNT,CBFCc,GHMT2r_ap,,,,,,,,,,,,,,,,,,,,,,,,,,,,,,,,,,,,,,,,,,,,,,,,,,,,,,,,,,,,,,,
PfalciparumKE01,APAPTm,CRNCARtm,DOLASNT,THZPSN_mt2,THZPSNm,GHMT2r_ap,,,,,,,,,,,,,,,,,,,,,,,,,,,,,,,,,,,,,,,,,,,,,,,,,,,,,,,,,,,,,,
no_ortho_TvaginalisG3,DOLASNTc,,,,,,,,,,,,,,,,,,,,,,,,,,,,,,,,,,,,,,,,,,,,,,,,,,,,,,,,,,,,,,,,,,,
no_ortho_LamazonensisMHOMBR71973M2269,APAPTm,DOLASNT,PLDAGAT_HDE_EPA_EPA_PE_14_c,PLDAGAT_OLE_PALM_PALM_PE_14_c,,,,,,,,,,,,,,,,,,,,,,,,,,,,,,,,,,,,,,,,,,,,,,,,,,,,,,,,,,,,,,,,
PadleriG01,DHORD2,APAPTm,CRNCARtm,DOLASNT,CBFCc,GHMT2r_ap,,,,,,,,,,,,,,,,,,,,,,,,,,,,,,,,,,,,,,,,,,,,,,,,,,,,,,,,,,,,,,
no_ortho_EmitisHoughton,G12MT4,ACSERLm,DOLASNT,G12MT3,CBFCc,,,,,,,,,,,,,,,,,,,,,,,,,,,,,,,,,,,,,,,,,,,,,,,,,,,,,,,,,,,,,,,
PfalciparumSD01,APAPTm,CRNCARtm,DOLASNT,THZPSN_mt2,THZPSNm,GHMT2r_ap,,,,,,,,,,,,,,,,,,,,,,,,,,,,,,,,,,,,,,,,,,,,,,,,,,,,,,,,,,,,,,
no_ortho_TgondiiMAS,DHORD2,DOLASNT,,,,,,,,,,,,,,,,,,,,,,,,,,,,,,,,,,,,,,,,,,,,,,,,,,,,,,,,,,,,,,,,,,
no_ortho_LtropicaL590,APAPTm,DOLASNT,PLDAGAT_DHA_EPA_ARA_PC_5_c,PLDAGAT_DHA_EPA_ARA_PE_16_c,PLDAGAT_LNA_EPA_ARA_PC_2_c,PLDAGAT_PALM_EPA_ARA_PE_16_c,PLDAGAT_LNA_EPA_ARA_PC_5_c,PLDAGAT_PALM_PALM_LNA_PC_1_c,,,,,,,,,,,,,,,,,,,,,,,,,,,,,,,,,,,,,,,,,,,,,,,,,,,,,,,,,,,,
no_ortho_EfalciformisBayerHaberkorn1970,DOLASNT,PLDAGAT_LNA_EPA_ARA_PC_2_c,PLDAGAT_PALM_EPA_ARA_PC_1_c,,,,,,,,,,,,,,,,,,,,,,,,,,,,,,,,,,,,,,,,,,,,,,,,,,,,,,,,,,,,,,,,,
no_ortho_Pfalciparum3D7,APAPTm,CRNCARtm,DOLASNT,,,,,,,,,,,,,,,,,,,,,,,,,,,,,,,,,,,,,,,,,,,,,,,,,,,,,,,,,,,,,,,,,
no_ortho_PpraefalciparumG01,APAPTm,CRNCARtm,DOLASNT,CBFCc,PLDAGAT_HDE_EPA_LNA_PC_1_c,,,,,,,,,,,,,,,,,,,,,,,,,,,,,,,,,,,,,,,,,,,,,,,,,,,,,,,,,,,,,,,
no_ortho_LseymouriATCC30220,NALN6,APAPTm,AGAT_LLA,,,,,,,,,,,,,,,,,,,,,,,,,,,,,,,,,,,,,,,,,,,,,,,,,,,,,,,,,,,,,,,,,
Pyoeliiyoelii17X,APAPTm,CRNCARtm,DOLASNT,GHMT2r_ap,,,,,,,,,,,,,,,,,,,,,,,,,,,,,,,,,,,,,,,,,,,,,,,,,,,,,,,,,,,,,,,,
no_ortho_PadleriG01,APAPTm,CRNCARtm,DOLASNT,CBFCc,,,,,,,,,,,,,,,,,,,,,,,,,,,,,,,,,,,,,,,,,,,,,,,,,,,,,,,,,,,,,,,,
no_ortho_TcruziCLBrenerEsmeraldo-like,APAPTm,DOLASNT,PLDAGAT_LNA_EPA_LNA_PC_5_c,PLDAGAT_HDE_EPA_ARA_PE_11_c,PLDAGAT_MYRS_EPA_ARA_PE_11_c,PLDAGAT_HDE_EPA_ARA_PC_6_c,PLDAGAT_HDE_HDE_LNA_PC_3_c,PLDAGAT_LNA_EPA_LNA_PC_1_c,PLDAGAT_HDE_HDE_LNA_PC_7_c,PLDAGAT_HDE_EPA_LNA_PC_3_c,PLDAGAT_HDE_EPA_LNA_PC_1_c,,,,,,,,,,,,,,,,,,,,,,,,,,,,,,,,,,,,,,,,,,,,,,,,,,,,,,,,,
no_ortho_LarabicaLEM1108,APAPTm,DOLASNT,PLDAGAT_HDE_PALM_PALM_PC_2_c,PLDAGAT_HDE_EPA_OLE_PE_11_c,,,,,,,,,,,,,,,,,,,,,,,,,,,,,,,,,,,,,,,,,,,,,,,,,,,,,,,,,,,,,,,,
no_ortho_Cubiquitum39726,CRNCARtm,DOLASNT,,,,,,,,,,,,,,,,,,,,,,,,,,,,,,,,,,,,,,,,,,,,,,,,,,,,,,,,,,,,,,,,,,
no_ortho_EromaleaeSJ2008,DIPS,DXHPScmc,OHPHM6nc,PCW3DS_MYRS_EPA_sn2_c,,,,,,,,,,,,,,,,,,,,,,,,,,,,,,,,,,,,,,,,,,,,,,,,,,,,,,,,,,,,,,,,
no_ortho_PfalciparumCD01,APAPTm,CRNCARtm,DOLASNT,CBFCc,,,,,,,,,,,,,,,,,,,,,,,,,,,,,,,,,,,,,,,,,,,,,,,,,,,,,,,,,,,,,,,,
no_ortho_TorientalisShintoku,PYRShi,,,,,,,,,,,,,,,,,,,,,,,,,,,,,,,,,,,,,,,,,,,,,,,,,,,,,,,,,,,,,,,,,,,
no_ortho_Pvivax-likePvl01,APAPTm,DOLASNT,CBFCc,PLDAGAT_OLE_EPA_DHA_PC_4_c,PLDAGAT_OLE_HDE_OLE_PE_16_c,PLDAGAT_PALM_EPA_DHA_PC_4_c,PLDAGAT_EPA_EPA_LNA_PE_16_c,PLDAGAT_PALM_PALM_LNA_PE_16_c,MDH_nadp_hi,ANXANOR,NTRIR_h,ALCDH_nadp_hi,,,,,,,,,,,,,,,,,,,,,,,,,,,,,,,,,,,,,,,,,,,,,,,,,,,,,,,,
no_ortho_EbrunettiHoughton,DHORD2,DOLASNT,AHSERL4,PLDAGAT_HDE_MYRS_LNA_PE_13_c,PLDAGAT_HDE_HDE_LNA_PE_13_c,PLDAGAT_PALM_EPA_LNA_PC_1_c,PLDAGAT_EPA_EPA_ARA_PC_1_c,PCW3DS_STC_EPA_sn2_c,PLDAGAT_DHA_EPA_DHA_PE_11_c,PLDAGAT_HDE_PALM_LNA_PC_8_c,PLDAGAT_MYRS_EPA_ARA_PC_1_c,PLDAGAT_EPA_EPA_LNA_PE_13_c,PLDAGAT_HDE_HDE_LNA_PC_6_c,,,,,,,,,,,,,,,,,,,,,,,,,,,,,,,,,,,,,,,,,,,,,,,,,,,,,,,
no_ortho_PfalciparumGN01,APAPTm,CRNCARtm,DOLASNT,,,,,,,,,,,,,,,,,,,,,,,,,,,,,,,,,,,,,,,,,,,,,,,,,,,,,,,,,,,,,,,,,
no_ortho_TcruziSylvioX10-1,LIPOS,APAPTm,THZPSN3,,,,,,,,,,,,,,,,,,,,,,,,,,,,,,,,,,,,,,,,,,,,,,,,,,,,,,,,,,,,,,,,,
no_ortho_EcuniculiEcunIII-L,DIPS,OHPHM6nc,,,,,,,,,,,,,,,,,,,,,,,,,,,,,,,,,,,,,,,,,,,,,,,,,,,,,,,,,,,,,,,,,,
no_ortho_LmexicanaMHOMGT2001U1103,APAPTm,DOLASNT,,,,,,,,,,,,,,,,,,,,,,,,,,,,,,,,,,,,,,,,,,,,,,,,,,,,,,,,,,,,,,,,,,
no_ortho_EmaximaWeybridge,CRNCARtm,DOLASNT,CYANSTm,ACSERSULLm,CBFCc,GRGTc,,,,,,,,,,,,,,,,,,,,,,,,,,,,,,,,,,,,,,,,,,,,,,,,,,,,,,,,,,,,,,
no_ortho_BayalaiB08-376,PLDAGAT16018111Z1819Z2,PLDAGAT16018111Z1819Z4,PLDAGAT1601819Z1601,PLDAGAT1601819Z18111Z1,PLDAGAT1601819Z1819Z3,PLDAGAT1601819Z1819Z4,PLDAGAT18111Z1819Z1601,PLDAGAT18111Z1819Z1602,PLDAGAT18111Z1819Z18111Z1,PLDAGAT1819Z18111Z1601,PLDAGAT1819Z18111Z1819Z1,PLDAGAT1819Z18111Z1819Z4,PLDAGAT1819Z1819Z18111Z1,PLDAGAT1819Z1819Z18111Z2,PLDAGAT1819Z1819Z18111Z3,PLDAGAT16018111Z1601,PLDAGAT16018111Z1602,PLDAGAT1601819Z18111Z2,PLDAGAT1601819Z18111Z3,PLDAGAT1801819Z18111Z1,PLDAGAT1801819Z1819Z3,PLDAGAT18111Z18111Z1601,PLDAGAT18111Z18111Z18111Z2,PLDAGAT18111Z18111Z1819Z4,PLDAGAT18111Z1819Z1819Z1,PLDAGAT18111Z1819Z1819Z3,PLDAGAT18111Z1819Z1819Z4,PLDAGAT1819Z18111Z1819Z2,PLDAGAT1819Z1819Z1601,PLDAGAT1819Z1819Z1819Z1,PLDAGAT1819Z1819Z1819Z2,PLDAGAT1819Z1819Z1819Z3,PLDAGAT1819Z1819Z1819Z4,PLDAGAT16018111Z18111Z1,PLDAGAT16018111Z18111Z2,PLDAGAT16018111Z1819Z3,PLDAGAT1801819Z1819Z2,PLDAGAT18111Z18111Z1819Z3,PLDAGAT18111Z1819Z18111Z2,PLDAGAT18111Z1819Z18111Z3,PLDAGAT1819Z18111Z1602,PLDAGAT1819Z18111Z18111Z1,PLDAGAT1819Z18111Z18111Z3,PLDAGAT1819Z18111Z1819Z3,APAPTm,PLDAGAT16018111Z18111Z3,PLDAGAT16018111Z1819Z1,PLDAGAT1601819Z1602,PLDAGAT1601819Z1819Z1,PLDAGAT1601819Z1819Z2,PLDAGAT1801819Z1601,PLDAGAT1801819Z1602,PLDAGAT1801819Z18111Z2,PLDAGAT1801819Z18111Z3,PLDAGAT1801819Z1819Z1,PLDAGAT1801819Z1819Z4,PLDAGAT18111Z18111Z1602,PLDAGAT18111Z18111Z18111Z1,PLDAGAT18111Z18111Z18111Z3,PLDAGAT18111Z18111Z1819Z1,PLDAGAT18111Z18111Z1819Z2,PLDAGAT18111Z1819Z1819Z2,PLDAGAT1819Z18111Z18111Z2,PLDAGAT1819Z1819Z1602,,,,
no_ortho_TgondiiGT1,DHORD2,DOLASNT,,,,,,,,,,,,,,,,,,,,,,,,,,,,,,,,,,,,,,,,,,,,,,,,,,,,,,,,,,,,,,,,,,
no_ortho_LtarentolaeParrotTarII,APAPTm,DOLASNT,PLDAGAT_PALM_EPA_LNA_PE_12_c,PLDAGAT_LNA_EPA_GLNA_PE_16_c,PLDAGAT_EPA_EPA_LNA_PC_7_c,PLDAGAT_EPA_EPA_ARA_PE_14_c,,,,,,,,,,,,,,,,,,,,,,,,,,,,,,,,,,,,,,,,,,,,,,,,,,,,,,,,,,,,,,
no_ortho_PfalciparumGB4,APAPTm,CRNCARtm,DOLASNT,,,,,,,,,,,,,,,,,,,,,,,,,,,,,,,,,,,,,,,,,,,,,,,,,,,,,,,,,,,,,,,,,
no_ortho_PovalecurtisiGH01,APAPTm,DOLASNT,CBFCc,,,,,,,,,,,,,,,,,,,,,,,,,,,,,,,,,,,,,,,,,,,,,,,,,,,,,,,,,,,,,,,,,
PbergheiANKA,APAPTm,CRNCARtm,DOLASNT,GHMT2r_ap,,,,,,,,,,,,,,,,,,,,,,,,,,,,,,,,,,,,,,,,,,,,,,,,,,,,,,,,,,,,,,,,
PinuiSanAntonio1,APAPTm,CRNCARtm,DOLASNT,CBFCc,GHMT2r_ap,,,,,,,,,,,,,,,,,,,,,,,,,,,,,,,,,,,,,,,,,,,,,,,,,,,,,,,,,,,,,,,
no_ortho_PvivaxSal1,APAPTm,DOLASNT,,,,,,,,,,,,,,,,,,,,,,,,,,,,,,,,,,,,,,,,,,,,,,,,,,,,,,,,,,,,,,,,,,
no_ortho_PfalciparumIT,APAPTm,CRNCARtm,DOLASNT,,,,,,,,,,,,,,,,,,,,,,,,,,,,,,,,,,,,,,,,,,,,,,,,,,,,,,,,,,,,,,,,,
no_ortho_EnuttalliP19,NALN6,DOLASNTc,,,,,,,,,,,,,,,,,,,,,,,,,,,,,,,,,,,,,,,,,,,,,,,,,,,,,,,,,,,,,,,,,,
PfalciparumGA01,APAPTm,CRNCARtm,DOLASNT,THZPSN_mt2,THZPSNm,GHMT2r_ap,,,,,,,,,,,,,,,,,,,,,,,,,,,,,,,,,,,,,,,,,,,,,,,,,,,,,,,,,,,,,,
PpraefalciparumG01,DHORD2,APAPTm,CRNCARtm,DOLASNT,CBFCc,THZPSNm,THZPSN_mt2,GHMT2r_ap,,,,,,,,,,,,,,,,,,,,,,,,,,,,,,,,,,,,,,,,,,,,,,,,,,,,,,,,,,,,
no_ortho_EhistolyticaKU27,NALN6,DOLASNTc,,,,,,,,,,,,,,,,,,,,,,,,,,,,,,,,,,,,,,,,,,,,,,,,,,,,,,,,,,,,,,,,,,
