,0,1,2,3,4,5,6,7,8,9,10,11,12,13,14,15,16,17,18,19,20,21,22,23,24,25,26,27,28,29,30,31,32,33,34,35,36,37,38,39,40,41,42,43,44,45,46,47,48,49,50,51,52,53,54,55,56,57,58,59,60,61,62,63,64,65,66,67,68,69,70,71,72,73,74,75,76,77,78,79,80,81,82,83
no_ortho_EcuniculiEC3,THZPSN,DIPS,PLBPC_SC,FEDCabc,SHSL2,DXHPScmc,OHPHM6nc,,,,,,,,,,,,,,,,,,,,,,,,,,,,,,,,,,,,,,,,,,,,,,,,,,,,,,,,,,,,,,,,,,,,,,,,,,,,,
no_ortho_TevansiSTIB805,THZPSN,DES_9,ACSERSULLm,LIPOS,PMEACPE,PCDAGAT,DES_15,APAPTm,ACSERLm,DOLASNT,,,,,,,,,,,,,,,,,,,,,,,,,,,,,,,,,,,,,,,,,,,,,,,,,,,,,,,,,,,,,,,,,,,,,,,,,,
PfalciparumTG01,DES_9,LIPOS,DXHPScm,ORNTArm,ADSHm,APAPTm,CRNCARtm,DOLASNT,HCGALm,FAS260_ap,FACOAL160t2pp_ap,FACOAL60t2pp_ap,FACOAL80t2pp_ap,FACOAL141t2pp_ap,FACOAL161t2pp_ap,FACOAL140t2pp_ap,FACOAL180t2pp_ap,FACOAL100t2pp_ap,FACOAL120t2pp_ap,FACOAL181t2pp_ap,PUNP2,LCAT1e,THZPSN_mt2,THZPSNm,CPPPGO_ap,HMBS_ap,GHMT2r_ap,,,,,,,,,,,,,,,,,,,,,,,,,,,,,,,,,,,,,,,,,,,,,,,,,,,,,,,,,
no_ortho_TgondiiARI,THZPSN,PSERDm_SC,DES_9,LIPOS,CPPPGOAN2,DHORD2,CPPPGO2,ALASm,THZSN,DOLASNT,GTHAMPORh,3OAS181_1,SELCYSTLh,CBL,DXS,,,,,,,,,,,,,,,,,,,,,,,,,,,,,,,,,,,,,,,,,,,,,,,,,,,,,,,,,,,,,,,,,,,,,
no_ortho_TcruziCLBrenerNon-Esmeraldo-like,THZPSN,FAS141ACPm,FAS181ACPm,DES_9,ACSERSULLm,LIPOS,FAS160ACPm,FAS182ACPm,FAS120ACPm,FAS140ACPm,FAS180ACPm,FAS80ACPm_L,DES_15,APAPTm,ACSERLm,FAS100ACPm,FAS161ACPm,DOLASNT,,,,,,,,,,,,,,,,,,,,,,,,,,,,,,,,,,,,,,,,,,,,,,,,,,,,,,,,,,,,,,,,,,
no_ortho_TgondiiRUB,THZPSN,DES_9,LIPOS,CPPPGOAN2,CPPPGO2,THZSN,DOLASNT,,,,,,,,,,,,,,,,,,,,,,,,,,,,,,,,,,,,,,,,,,,,,,,,,,,,,,,,,,,,,,,,,,,,,,,,,,,,,
no_ortho_PfragileNilgiri,DES_9,LIPOS,DXHPScm,ADSHm,APAPTm,APCS,CRNCARtm,SPRMS,DOLASNT,CBFCc,FAH120c,FAH160c,FAH1829Z12Zc,FAH140c,FAH1819Zc,,,,,,,,,,,,,,,,,,,,,,,,,,,,,,,,,,,,,,,,,,,,,,,,,,,,,,,,,,,,,,,,,,,,,
no_ortho_LdonovaniBPK282A1,THZPSN,DES_9,ACSERSULLm,LIPOS,APAPTm,ACSERLm,THZSN,NPPDO,DES_6,DES_6B,DOLASNT,,,,,,,,,,,,,,,,,,,,,,,,,,,,,,,,,,,,,,,,,,,,,,,,,,,,,,,,,,,,,,,,,,,,,,,,,
no_ortho_TgondiiGAB2-2007-GAL-DOM2,THZPSN,PSERDm_SC,DES_9,CLPNS160,LIPOS,CPPPGOAN2,CLPNS161,CLPNS180,CLPNS_SA,CLPNS181,CPPPGO2,ALASm,THZSN,CLPNS120,CLPNS140,DOLASNT,,,,,,,,,,,,,,,,,,,,,,,,,,,,,,,,,,,,,,,,,,,,,,,,,,,,,,,,,,,,,,,,,,,,
no_ortho_CmurisRN66,THZPSN,FAS141ACPm,FAS181ACPm,LNS14DM,PSERDm_SC,ORNTAC,MOTH2,MOTH3,PTOR,DXHPScm,FAS160ACPm,FAS182ACPm,GCC2bim,GCCbim,AMAOTr,FAS120ACPm,FAS140ACPm,FAS180ACPm,FAS80ACPm_L,ALASm,CRNCARtm,FAS100ACPm,FAS161ACPm,GLYCLm,DOLASNT,CLPNS181,CLPNS180,CLPNS120,CLPNS140,CLPNS161,CLPNS160,,,,,,,,,,,,,,,,,,,,,,,,,,,,,,,,,,,,,,,,,,,,,,,,,,,,,
no_ortho_CmeleagridisUKMEL1,THZPSN,FAS141ACPm,FAS181ACPm,DXHPScm,FAS182ACPm,PMEACPE,FAS180ACPm,ADSHm,CRNCARtm,FAS161ACPm,THZSN,DOLASNT,LPS3enhs,PI45PLC_16_0_16_0nhs,AGAT_LLA,PLA2_2nhs,r2411,PSSA2_cho,MSHAMID,,,,,,,,,,,,,,,,,,,,,,,,,,,,,,,,,,,,,,,,,,,,,,,,,,,,,,,,,,,,,,,,,
PgaboniG01,DES_9,LIPOS,DXHPScm,DHORD2,ORNTArm,CITALOR,ADSHm,APAPTm,CRNCARtm,DMCITALOR,DOLASNT,HCGALm,CBFCc,FAS260_ap,FACOAL160t2pp_ap,FACOAL60t2pp_ap,FACOAL80t2pp_ap,FACOAL141t2pp_ap,FACOAL161t2pp_ap,FACOAL140t2pp_ap,FACOAL180t2pp_ap,FACOAL100t2pp_ap,FACOAL120t2pp_ap,FACOAL181t2pp_ap,LCAT1e,THZPSN_mt2,THZPSNm,CPPPGO_ap,HMBS_ap,GHMT2r_ap,,,,,,,,,,,,,,,,,,,,,,,,,,,,,,,,,,,,,,,,,,,,,,,,,,,,,,
no_ortho_TbruceigambienseDAL972,THZPSN,DES_9,ACSERSULLm,LIPOS,PUNP8,URACPAH,PCDAGAT,APAPTm,ACSERLm,THZSN,DOLASNT,ACPSm,,,,,,,,,,,,,,,,,,,,,,,,,,,,,,,,,,,,,,,,,,,,,,,,,,,,,,,,,,,,,,,,,,,,,,,,
no_ortho_Vculicisfloridensis,THZPSN,C190cSN,KAS_HP2,PLDAGAT16018111Z1819Z2,PLDAGAT16018111Z1819Z4,PLDAGAT1601819Z1601,PLDAGAT1601819Z18111Z1,PLDAGAT1601819Z1819Z3,PLDAGAT1601819Z1819Z4,PLDAGAT18111Z1819Z1601,PLDAGAT18111Z1819Z1602,PLDAGAT18111Z1819Z18111Z1,PLDAGAT1819Z18111Z1601,PLDAGAT1819Z18111Z1819Z1,PLDAGAT1819Z18111Z1819Z4,PLDAGAT1819Z1819Z18111Z1,PLDAGAT1819Z1819Z18111Z2,PLDAGAT1819Z1819Z18111Z3,AOXSr2,PLDAGAT16018111Z1601,PLDAGAT16018111Z1602,PLDAGAT1601819Z18111Z2,PLDAGAT1601819Z18111Z3,PLDAGAT1801819Z18111Z1,PLDAGAT1801819Z1819Z3,PLDAGAT18111Z18111Z1601,PLDAGAT18111Z18111Z18111Z2,PLDAGAT18111Z18111Z1819Z4,PLDAGAT18111Z1819Z1819Z1,PLDAGAT18111Z1819Z1819Z3,PLDAGAT18111Z1819Z1819Z4,PLDAGAT1819Z18111Z1819Z2,PLDAGAT1819Z1819Z1601,PLDAGAT1819Z1819Z1819Z1,PLDAGAT1819Z1819Z1819Z2,PLDAGAT1819Z1819Z1819Z3,PLDAGAT1819Z1819Z1819Z4,DIPS,PCDAGAT,C180SN,FEDCabc,PLDAGAT16018111Z18111Z1,PLDAGAT16018111Z18111Z2,PLDAGAT16018111Z1819Z3,PLDAGAT1801819Z1819Z2,PLDAGAT18111Z18111Z1819Z3,PLDAGAT18111Z1819Z18111Z2,PLDAGAT18111Z1819Z18111Z3,PLDAGAT1819Z18111Z1602,PLDAGAT1819Z18111Z18111Z1,PLDAGAT1819Z18111Z18111Z3,PLDAGAT1819Z18111Z1819Z3,C140SN,PLDAGAT16018111Z18111Z3,PLDAGAT16018111Z1819Z1,PLDAGAT1601819Z1602,PLDAGAT1601819Z1819Z1,PLDAGAT1601819Z1819Z2,PLDAGAT1801819Z1601,PLDAGAT1801819Z1602,PLDAGAT1801819Z18111Z2,PLDAGAT1801819Z18111Z3,PLDAGAT1801819Z1819Z1,PLDAGAT1801819Z1819Z4,PLDAGAT18111Z18111Z1602,PLDAGAT18111Z18111Z18111Z1,PLDAGAT18111Z18111Z18111Z3,PLDAGAT18111Z18111Z1819Z1,PLDAGAT18111Z18111Z1819Z2,PLDAGAT18111Z1819Z1819Z2,PLDAGAT1819Z18111Z18111Z2,PLDAGAT1819Z1819Z1602,SHSL2,OHPHM6nc,FE3DCITabcppc,DXHPScmc,,,,,,,,
PfalciparumGB4,DES_9,LIPOS,DXHPScm,ORNTArm,ADSHm,APAPTm,CRNCARtm,DOLASNT,HCGALm,FAS260_ap,FACOAL160t2pp_ap,FACOAL80t2pp_ap,FACOAL141t2pp_ap,FACOAL161t2pp_ap,FACOAL140t2pp_ap,FACOAL180t2pp_ap,FACOAL100t2pp_ap,FACOAL120t2pp_ap,FACOAL181t2pp_ap,FACOAL60t2pp_ap,PUNP2,LCAT1e,THZPSNm,THZPSN_mt2,CPPPGO_ap,HMBS_ap,GHMT2r_ap,,,,,,,,,,,,,,,,,,,,,,,,,,,,,,,,,,,,,,,,,,,,,,,,,,,,,,,,,
no_ortho_PfalciparumGA01,DES_9,LIPOS,ADSHm,APAPTm,APCS,CRNCARtm,SPRMS,DOLASNT,SELCYSLY2_h,CBL,AHHST,DXS,ANXANOR,SELCYSTLh,ARGDh,STARCH300DEGRA,,,,,,,,,,,,,,,,,,,,,,,,,,,,,,,,,,,,,,,,,,,,,,,,,,,,,,,,,,,,,,,,,,,,
PcoatneyiHackeri,DES_9,LIPOS,DXHPScm,ERGSTESTH_SC,DHORD2,CDPDGPm_SC,FECOSTESTH_SC,ADSHm,APAPTm,CRNCARtm,EPISTESTH_SC,DOLASNT,CBFCc,THZPSN_mt2,THZPSNm,HMBS_ap,FAS260_ap,CPPPGO_ap,FACOAL160t2pp_ap,FACOAL60t2pp_ap,FACOAL80t2pp_ap,FACOAL141t2pp_ap,FACOAL161t2pp_ap,FACOAL140t2pp_ap,FACOAL180t2pp_ap,FACOAL100t2pp_ap,FACOAL120t2pp_ap,FACOAL181t2pp_ap,LCAT1e,GHMT2r_ap,,,,,,,,,,,,,,,,,,,,,,,,,,,,,,,,,,,,,,,,,,,,,,,,,,,,,,
no_ortho_NdisplodereJUm2807,THZPSN,LNS14DMx,PCDAGAT,FEDCabc,THZSN,SHSL2,DXHPScmc,DOLASNTc,,,,,,,,,,,,,,,,,,,,,,,,,,,,,,,,,,,,,,,,,,,,,,,,,,,,,,,,,,,,,,,,,,,,,,,,,,,,
no_ortho_TrangeliSC58,THZPSN,FAS141ACPm,FAS181ACPm,DES_9,ACSERSULLm,DXHPScm,FAS182ACPm,PMEACPE,FAS180ACPm,HADPCOADH,DES_15,ADSHm,APAPTm,ACSERLm,FAS161ACPm,GLYCLm,THZSN,DOLASNT,CBL_m,,,,,,,,,,,,,,,,,,,,,,,,,,,,,,,,,,,,,,,,,,,,,,,,,,,,,,,,,,,,,,,,,
no_ortho_LturanicaLEM423,THZPSN,DES_9,ACSERSULLm,LIPOS,APAPTm,ACSERLm,THZSN,NPPDO,DES_6,DES_6B,DOLASNT,PLDPE_EPA_GLNA_c,,,,,,,,,,,,,,,,,,,,,,,,,,,,,,,,,,,,,,,,,,,,,,,,,,,,,,,,,,,,,,,,,,,,,,,,
no_ortho_LenriettiiLEM3045,THZPSN,FAS141ACPm,FAS181ACPm,ACSERSULLm,PLDAGAT16018111Z1819Z4,PLDAGAT1601819Z1601,PLDAGAT1601819Z18111Z1,PLDAGAT1601819Z1819Z3,PLDAGAT1601819Z1819Z4,PLDAGAT18111Z1819Z1601,PLDAGAT18111Z1819Z1602,PLDAGAT18111Z1819Z18111Z1,PLDAGAT1819Z18111Z1601,PLDAGAT1819Z18111Z1819Z1,PLDAGAT1819Z18111Z1819Z4,PLDAGAT1819Z1819Z18111Z1,PLDAGAT1819Z1819Z18111Z2,PLDAGAT1819Z1819Z18111Z3,LIPOS,FAS182ACPm,PLDAGAT16018111Z1601,PLDAGAT16018111Z1602,PLDAGAT1601819Z18111Z2,PLDAGAT1601819Z18111Z3,PLDAGAT1801819Z18111Z1,PLDAGAT1801819Z1819Z3,PLDAGAT18111Z18111Z1601,PLDAGAT18111Z18111Z18111Z2,PLDAGAT18111Z18111Z1819Z4,PLDAGAT18111Z1819Z1819Z1,PLDAGAT18111Z1819Z1819Z3,PLDAGAT18111Z1819Z1819Z4,PLDAGAT1819Z1819Z1601,PLDAGAT1819Z1819Z1819Z1,PLDAGAT1819Z1819Z1819Z3,PLDAGAT1819Z1819Z1819Z4,FAS180ACPm,PLDAGAT16018111Z18111Z1,PLDAGAT16018111Z18111Z2,PLDAGAT16018111Z1819Z3,PLDAGAT18111Z18111Z1819Z3,PLDAGAT18111Z1819Z18111Z2,PLDAGAT18111Z1819Z18111Z3,PLDAGAT1819Z18111Z1602,PLDAGAT1819Z18111Z18111Z1,PLDAGAT1819Z18111Z18111Z3,PLDAGAT1819Z18111Z1819Z3,APAPTm,ACSERLm,FAS161ACPm,PLDAGAT16018111Z18111Z3,PLDAGAT16018111Z1819Z1,PLDAGAT1601819Z1602,PLDAGAT1601819Z1819Z1,PLDAGAT1801819Z1601,PLDAGAT1801819Z1602,PLDAGAT1801819Z18111Z2,PLDAGAT1801819Z18111Z3,PLDAGAT1801819Z1819Z1,PLDAGAT1801819Z1819Z4,PLDAGAT18111Z18111Z1602,PLDAGAT18111Z18111Z18111Z1,PLDAGAT18111Z18111Z18111Z3,PLDAGAT18111Z18111Z1819Z1,PLDAGAT1819Z18111Z18111Z2,PLDAGAT1819Z1819Z1602,ACPSm,ACPS,DOLASNT_c,,,,,,,,,,,,,,,
no_ortho_PknowlesiMalayanPk1A,DES_9,LIPOS,DXHPScm,ERGSTESTH_SC,FECOSTESTH_SC,ADSHm,APAPTm,APCS,CRNCARtm,EPISTESTH_SC,SPRMS,DOLASNT,CBFCc,,,,,,,,,,,,,,,,,,,,,,,,,,,,,,,,,,,,,,,,,,,,,,,,,,,,,,,,,,,,,,,,,,,,,,,
no_ortho_Tgondiip89,THZPSN,DES_9,LIPOS,CPPPGOAN2,CPPPGO2,THZSN,DOLASNT,,,,,,,,,,,,,,,,,,,,,,,,,,,,,,,,,,,,,,,,,,,,,,,,,,,,,,,,,,,,,,,,,,,,,,,,,,,,,
no_ortho_TgondiiFOU,THZPSN,DLYSOXGAT,DES_9,LIPOS,CPPPGOAN2,CPPPGO2,THZSN,DOLASNT,,,,,,,,,,,,,,,,,,,,,,,,,,,,,,,,,,,,,,,,,,,,,,,,,,,,,,,,,,,,,,,,,,,,,,,,,,,,
no_ortho_NausubeliERTm2,THZPSN,PCDAGAT,FEDCabc,SHSL2,DOLASNTc,DXHPScmc,,,,,,,,,,,,,,,,,,,,,,,,,,,,,,,,,,,,,,,,,,,,,,,,,,,,,,,,,,,,,,,,,,,,,,,,,,,,,,
no_ortho_LgerbilliLEM452,THZPSN,DES_9,ACSERSULLm,LIPOS,APAPTm,ACSERLm,ARGN_1,THZSN,DES_6,DES_6B,DOLASNT,PLDAGAT_PALM_EPA_DHA_PE_15_c,PLDAGAT_DHA_EPA_DHA_PE_15_c,PLDAGAT_DHA_EPA_DHA_PE_9_c,PLDAGAT_MYRS_EPA_DHA_PE_9_c,,,,,,,,,,,,,,,,,,,,,,,,,,,,,,,,,,,,,,,,,,,,,,,,,,,,,,,,,,,,,,,,,,,,,
no_ortho_PreichenowiCDC,DES_9,LIPOS,DXHPScm,ADSHm,APAPTm,APCS,SPRMS,DOLASNT,r2411,DAGAH_EPA_DHA_c,,,,,,,,,,,,,,,,,,,,,,,,,,,,,,,,,,,,,,,,,,,,,,,,,,,,,,,,,,,,,,,,,,,,,,,,,,
no_ortho_TcongolenseIL3000,THZPSN,FAS141ACPm,FAS181ACPm,AGM4PA,LIPOS,FAS182ACPm,PUNP8,AGM3PA,FAS180ACPm,PCDAGAT,FORGLUIH,APAPTm,FAS161ACPm,DOLASNT,PLDPE_HDE_ARA_c,PLDAGAT_HDE_EPA_LNA_PC_1_c,GLUDC_m,PLA2PC_HDE_DHA_c,PLDAGAT_HDE_HDE_HDE_PE_15_c,PLDAGAT_MYRS_EPA_HDE_PC_3_c,PLDAGAT_EPA_EPA_ARA_PC_3_c,PLDAGAT_HDE_PALM_LNA_PC_2_c,PLDAGAT_PALM_PALM_LNA_PC_1_c,PLDAGAT_HDE_EPA_LNA_PC_2_c,BLUB,,,,,,,,,,,,,,,,,,,,,,,,,,,,,,,,,,,,,,,,,,,,,,,,,,,,,,,,,,,
no_ortho_LaethiopicaL147,THZPSN,DES_9,ACSERSULLm,LIPOS,APAPTm,ACSERLm,THZSN,DES_6,DES_6B,DOLASNT,ACPS,ACPSm,,,,,,,,,,,,,,,,,,,,,,,,,,,,,,,,,,,,,,,,,,,,,,,,,,,,,,,,,,,,,,,,,,,,,,,,
no_ortho_ChominisUdeA01,THZPSN,FAS141ACPm,FAS181ACPm,PSERDm_SC,SUCFUMtm,PTOR,CLPNS2_BS,HKNTDH,DXHPScm,FAS160ACPm,FAS182ACPm,OAAICITtm,FAS120ACPm,FAS140ACPm,FAS180ACPm,FAS80ACPm_L,ADSHm,CRNCARtm,FAS100ACPm,FAS161ACPm,THZSN,DOLASNT,,,,,,,,,,,,,,,,,,,,,,,,,,,,,,,,,,,,,,,,,,,,,,,,,,,,,,,,,,,,,,
no_ortho_CsuisWienI,THZPSN,LNS14DM,DES_9,AGM4PH,LIPOS,DXHPScm,MG3A,AGM3PH,DHORD2,LNS14DMx,NOS,NOS2_1,AGMH,DHORD5,ALASm,THZSN,OIVD3m,DOLASNT,MG3B,GGH_6DHFl,,,,,,,,,,,,,,,,,,,,,,,,,,,,,,,,,,,,,,,,,,,,,,,,,,,,,,,,,,,,,,,,
no_ortho_PbergheiANKA,THZPSN,DLYSOXGAT,DES_9,LIPOS,DXHPScm,PCDAGAT,ADSHm,APAPTm,THZSN,DOLASNT,,,,,,,,,,,,,,,,,,,,,,,,,,,,,,,,,,,,,,,,,,,,,,,,,,,,,,,,,,,,,,,,,,,,,,,,,,
no_ortho_TcruziDm28c2018,THZPSN,DES_9,ACSERSULLm,LIPOS,S2FE2ST,DES_15,APAPTm,ACSERLm,DOLASNT,,,,,,,,,,,,,,,,,,,,,,,,,,,,,,,,,,,,,,,,,,,,,,,,,,,,,,,,,,,,,,,,,,,,,,,,,,,
PgaboniSY75,DES_9,LIPOS,DXHPScm,DHORD2,ORNTArm,CITALOR,ADSHm,APAPTm,DMCITALOR,DOLASNT,HCGALm,CBFCc,FAS260_ap,FACOAL160t2pp_ap,FACOAL60t2pp_ap,FACOAL80t2pp_ap,FACOAL141t2pp_ap,FACOAL161t2pp_ap,FACOAL140t2pp_ap,FACOAL180t2pp_ap,FACOAL100t2pp_ap,FACOAL120t2pp_ap,FACOAL181t2pp_ap,LCAT1e,THZPSN_mt2,THZPSNm,CPPPGO_ap,HMBS_ap,GHMT2r_ap,,,,,,,,,,,,,,,,,,,,,,,,,,,,,,,,,,,,,,,,,,,,,,,,,,,,,,,
no_ortho_PmalariaeUG01,DES_9,LIPOS,DXHPScm,CDPDGPm_SC,ADSHm,APAPTm,APCS,CRNCARtm,SPRMS,DOLASNT,PLDAGAT_LNA_EPA_ARA_PE_11_c,PLDPC_STC_LNA_c,PCHOLP_cho,PLDAGAT_PALM_HDE_GLNA_PC_8_c,PLDAGAT_HDE_MYRS_LNA_PC_8_c,PLDAGAT_PALM_HDE_GLNA_PC_7_c,PLDAGAT_HDE_MYRS_LNA_PC_6_c,PLDAGAT_PALM_EPA_ARA_PE_11_c,PLDAGAT_MYRS_EPA_LNA_PC_8_c,PLDAGAT_HDE_EPA_LNA_PC_5_c,PLDAGAT_LNA_EPA_GLNA_PC_6_c,PLDAGAT_HDE_MYRS_PALM_PC_8_c,PLDAGAT_PALM_EPA_LNA_PC_7_c,MOTH2,,,,,,,,,,,,,,,,,,,,,,,,,,,,,,,,,,,,,,,,,,,,,,,,,,,,,,,,,,,,
no_ortho_EcuniculiEC1,THZPSN,DIPS,PLBPC_SC,FEDCabc,SHSL2,DXHPScmc,OHPHM6nc,,,,,,,,,,,,,,,,,,,,,,,,,,,,,,,,,,,,,,,,,,,,,,,,,,,,,,,,,,,,,,,,,,,,,,,,,,,,,
PmalariaeUG01,DES_9,LIPOS,DXHPScm,CDPDGPm_SC,ORNTArm,ADSHm,APAPTm,CRNCARtm,DOLASNT,HCGALm,THZPSN_mt2,THZPSNm,FAS260_ap,CPPPGO_ap,FACOAL160t2pp_ap,FACOAL60t2pp_ap,FACOAL80t2pp_ap,FACOAL141t2pp_ap,FACOAL161t2pp_ap,FACOAL140t2pp_ap,FACOAL180t2pp_ap,FACOAL100t2pp_ap,FACOAL120t2pp_ap,FACOAL181t2pp_ap,LCAT1e,HMBS_ap,GHMT2r_ap,,,,,,,,,,,,,,,,,,,,,,,,,,,,,,,,,,,,,,,,,,,,,,,,,,,,,,,,,
no_ortho_PfalciparumSD01,DES_9,LIPOS,ADSHm,APAPTm,APCS,CRNCARtm,SPRMS,DOLASNT,,,,,,,,,,,,,,,,,,,,,,,,,,,,,,,,,,,,,,,,,,,,,,,,,,,,,,,,,,,,,,,,,,,,,,,,,,,,
no_ortho_LmajorLV39c5,THZPSN,DES_9,ACSERSULLm,LIPOS,PAPSR,HADPCOADH,APAPTm,ACSERLm,PAPSR2,THZSN,DES_6,DES_6B,,,,,,,,,,,,,,,,,,,,,,,,,,,,,,,,,,,,,,,,,,,,,,,,,,,,,,,,,,,,,,,,,,,,,,,,
no_ortho_SsalmonicidaATCC50377,THZPSN,DLYSOXGAT,ACSERSULL,AHSERL3,FEDCabc,SLCYSS,THZSN,ACSERL,DXHPScmc,FE3DCITabcppc,DOLASNTc,,,,,,,,,,,,,,,,,,,,,,,,,,,,,,,,,,,,,,,,,,,,,,,,,,,,,,,,,,,,,,,,,,,,,,,,,
no_ortho_TcruziDm28c2014,THZPSN,FAS141ACPm,FAS181ACPm,DLYSOXGAT,DES_9,ACSERSULLm,LIPOS,FAS182ACPm,NALN6,FAS180ACPm,DES_15,ACSERLm,FAS161ACPm,DOLASNT,,,,,,,,,,,,,,,,,,,,,,,,,,,,,,,,,,,,,,,,,,,,,,,,,,,,,,,,,,,,,,,,,,,,,,
no_ortho_PfalciparumTG01,DES_9,LIPOS,ADSHm,APAPTm,APCS,CRNCARtm,SPRMS,DOLASNT,DAGAH_HDE_DHA_c,PLDAGAT_MYRS_HDE_PALM_PC_5_c,PLDAGAT_OLE_HDE_HDE_PC_5_c,PLDAGAT_PALM_EPA_LNA_PC_3_c,PLDAGAT_HDE_MYRS_PALM_PC_5_c,PLDAGAT_LNA_EPA_GLNA_PC_3_c,,,,,,,,,,,,,,,,,,,,,,,,,,,,,,,,,,,,,,,,,,,,,,,,,,,,,,,,,,,,,,,,,,,,,,
no_ortho_EmonterogeiiLV88,THZPSN,DES_9,ACSERSULLm,LIPOS,APAPTm,ACSERLm,THZSN,NPPDO,DES_6,DES_6B,DOLASNT,ACPSm,ACPS,NEU22nhs,DOGULNO1,,,,,,,,,,,,,,,,,,,,,,,,,,,,,,,,,,,,,,,,,,,,,,,,,,,,,,,,,,,,,,,,,,,,,
no_ortho_ChominisTU502,THZPSN,PSERDm_SC,HKNTDH,DXHPScm,HYDFDi,ADSHm,THZSN,DOLASNT,DAGAH_EPA_DHA_c,PLDPE_EPA_OLE_c,ALPATE160pp_1,PLDAGAT_EPA_EPA_DHA_PC_5_c,HDL_HSDEGnhs,HMR_4777,PLDAGAT_EPA_EPA_LNA_PE_10_c,PLDAGAT_HDE_HDE_LNA_PE_10_c,AMY2e,PLA2PC_STC_EPA_c,PLA2PA_EPA_DHA_c,,,,,,,,,,,,,,,,,,,,,,,,,,,,,,,,,,,,,,,,,,,,,,,,,,,,,,,,,,,,,,,,,
no_ortho_TcruziTCC,THZPSN,FAS141ACPm,FAS181ACPm,DES_9,ACSERSULLm,LIPOS,FAS182ACPm,S2FE2ST,FAS180ACPm,DES_15,APAPTm,ACSERLm,FAS161ACPm,DOLASNT,PLDAGAT_OLE_EPA_EPA_PE_9_c,PLDAGAT_HDE_HDE_LNA_PC_3_c,DAGAH_DHA_DHA_c,,,,,,,,,,,,,,,,,,,,,,,,,,,,,,,,,,,,,,,,,,,,,,,,,,,,,,,,,,,,,,,,,,,
no_ortho_LmajorFriedlin,THZPSN,DES_9,ACSERSULLm,LIPOS,PAPSR,HADPCOADH,APAPTm,ACSERLm,PAPSR2,THZSN,DES_6,DES_6B,DOLASNT,,,,,,,,,,,,,,,,,,,,,,,,,,,,,,,,,,,,,,,,,,,,,,,,,,,,,,,,,,,,,,,,,,,,,,,
no_ortho_TcruziCLBrener,ACCOAL,GCC2bim,GCCbim,PI3P5K_SC,FE3abc,CA2abc1,ATPS,GLYCLm,PI4P5K_SC,FE2abc,ATPS1,NIabc,TCHOLABCtc,CAATPS_1,TCHOLAt3,CAATPS,RE2912M,FACOAL_160_m,MG2abc,GTHRDt,CA2abc,r1530,CYSabc,VALTRSm,GM1LIPAabcppc,PGP161abcppc,PG161abcppc,GM2LIPAabcppc,PGP180abcppc,PA120abcppc,PGP160abcppc,K2L4Aabcppc,PA180abcppc,PGP181abcppc,PA181abcppc,PS181abcppc,LIPAabcppc,PE120abcppc,PA141abcppc,PE180abcppc,PS120abcppc,PE181abcppc,PS160abcppc,PA140abcppc,PA160abcppc,PG141abcppc,PG180abcppc,PS141abcppc,PS161abcppc,PGP140abcppc,PE140abcppc,CHLDA1tuc,PE160abcppc,PS140abcppc,CHLDA2tuc,PG160abcppc,PE161abcppc,PA161abcppc,PS180abcppc,PGP120abcppc,PG120abcppc,PGP141abcppc,PG140abcppc,PG181abcppc,LIPACabcppc,PE141abcppc,COLIPAabcppc,generic_biomass,CHSTEROLt,,,,,,,,,,,,,,,
no_ortho_NcaninumLIV,THZPSN,PSERDm_SC,DES_9,ACSERSULLm,LIPOS,CPPPGOAN2,NOS,NOS2_1,ACSERLm,CPPPGO2,ALASm,DOLASNT,CGS_m,PLDAGAT_EPA_EPA_DHA_PC_8_c,PLDAGAT_HDE_HDE_LNA_PC_5_c,PLDAGAT_HDE_ARA_ARA_PC_7_c,PLDAGAT_OLE_EPA_DHA_PC_8_c,PLDAGAT_HDE_HDE_LNA_PC_7_c,PLA2PC_PALM_DHA_c,PLDPE_EPA_HDE_c,PLA2PC_EPA_ARA_c,PLDAGAT_HDE_EPA_OLE_PE_15_c,,,,,,,,,,,,,,,,,,,,,,,,,,,,,,,,,,,,,,,,,,,,,,,,,,,,,,,,,,,,,,
PbillcollinsiG01,DES_9,LIPOS,DXHPScm,CITALOR,ADSHm,APAPTm,CRNCARtm,DMCITALOR,DOLASNT,CBFCc,FAS260_ap,FACOAL160t2pp_ap,FACOAL60t2pp_ap,FACOAL80t2pp_ap,FACOAL141t2pp_ap,FACOAL161t2pp_ap,FACOAL140t2pp_ap,FACOAL180t2pp_ap,FACOAL100t2pp_ap,FACOAL120t2pp_ap,FACOAL181t2pp_ap,PUNP2,THZPSN_mt2,THZPSNm,LCAT1e,CPPPGO_ap,HMBS_ap,GHMT2r_ap,r0145,ARGDI_1,,,,,,,,,,,,,,,,,,,,,,,,,,,,,,,,,,,,,,,,,,,,,,,,,,,,,,
no_ortho_GintestinalisAssemblageADH,PUNP4,TMDPP,THZPSN,PUNP6,FEDCabc,THZSN,FE3DCITabcppc,DXHPScmc,DOLASNTc,ATPS4m,MTAM,,,,,,,,,,,,,,,,,,,,,,,,,,,,,,,,,,,,,,,,,,,,,,,,,,,,,,,,,,,,,,,,,,,,,,,,,
no_ortho_EtenellaHoughton,THZPSN,PSERDm_SC,DES_9,ACSERSULLm,LIPOS,MG3A,ADSHm,ACSERLm,ALASm,ACPS,OIVD3m,DOLASNT,MG3B,PLDAGAT_MYRS_MYRS_HDE_PE_9_c,PLDAGAT_MYRS_EPA_PALM_PE_9_c,PLDAGAT_PALM_EPA_EPA_PE_11_c,LPLIPAL1G120pp,PLDAGAT_EPA_EPA_DHA_PE_11_c,ARGDI_1,PLDAGAT_PALM_EPA_EPA_PE_9_c,PLDAGAT_HDE_EPA_EPA_PE_11_c,,,,,,,,,,,,,,,,,,,,,,,,,,,,,,,,,,,,,,,,,,,,,,,,,,,,,,,,,,,,,,,
no_ortho_NceranaePA08_1199,THZPSN,DIPS,FASC180ACP,FAS141ACPmc,FAS181ACPmc,OHPHM6nc,FAS182ACPmc,FE3DCITabcppc,DXHPScmc,FAS161ACPmc,,,,,,,,,,,,,,,,,,,,,,,,,,,,,,,,,,,,,,,,,,,,,,,,,,,,,,,,,,,,,,,,,,,,,,,,,,
PfalciparumKH01,DES_9,LIPOS,DXHPScm,ORNTArm,ADSHm,APAPTm,DOLASNT,HCGALm,FAS260_ap,FACOAL160t2pp_ap,FACOAL60t2pp_ap,FACOAL80t2pp_ap,FACOAL141t2pp_ap,FACOAL161t2pp_ap,FACOAL140t2pp_ap,FACOAL180t2pp_ap,FACOAL100t2pp_ap,FACOAL120t2pp_ap,FACOAL181t2pp_ap,PUNP2,LCAT1e,THZPSN_mt2,THZPSNm,CPPPGO_ap,HMBS_ap,GHMT2r_ap,,,,,,,,,,,,,,,,,,,,,,,,,,,,,,,,,,,,,,,,,,,,,,,,,,,,,,,,,,
PyoeliiyoeliiYM,THZPSN,DES_9,LIPOS,DXHPScm,CDPDGPm_SC,PCDAGAT,ADSHm,APAPTm,CRNCARtm,DOLASNT,THZPSN_mt2,THZPSNm,FAS260_ap,HMBS_ap,DOLASNT_pf,CPPPGO_ap,PUNP2,FACOAL160t2pp_ap,FACOAL60t2pp_ap,FACOAL80t2pp_ap,FACOAL141t2pp_ap,FACOAL161t2pp_ap,FACOAL140t2pp_ap,FACOAL180t2pp_ap,FACOAL100t2pp_ap,FACOAL120t2pp_ap,FACOAL181t2pp_ap,LCAT1e,GHMT2r_ap,,,,,,,,,,,,,,,,,,,,,,,,,,,,,,,,,,,,,,,,,,,,,,,,,,,,,,,
no_ortho_PcynomolgiB,DES_9,LIPOS,CDPDGPm_SC,ADSHm,APAPTm,APCS,SPRMS,DOLASNT,CBFCc,,,,,,,,,,,,,,,,,,,,,,,,,,,,,,,,,,,,,,,,,,,,,,,,,,,,,,,,,,,,,,,,,,,,,,,,,,,
no_ortho_EbieneusiH348,THZPSN,C190cSN,DIPS,FEDCabc,THZSN,FE3DCITabcppc,DXHPScmc,OHPHM6nc,,,,,,,,,,,,,,,,,,,,,,,,,,,,,,,,,,,,,,,,,,,,,,,,,,,,,,,,,,,,,,,,,,,,,,,,,,,,
no_ortho_PcoatneyiHackeri,DES_9,LIPOS,DXHPScm,ERGSTESTH_SC,CDPDGPm_SC,FECOSTESTH_SC,ADSHm,APAPTm,APCS,CRNCARtm,EPISTESTH_SC,SPRMS,DOLASNT,CBFCc,,,,,,,,,,,,,,,,,,,,,,,,,,,,,,,,,,,,,,,,,,,,,,,,,,,,,,,,,,,,,,,,,,,,,,
PfalciparumIT,DES_9,LIPOS,DXHPScm,ORNTArm,ADSHm,APAPTm,CRNCARtm,DOLASNT,HCGALm,FAS260_ap,FACOAL160t2pp_ap,FACOAL60t2pp_ap,FACOAL80t2pp_ap,FACOAL141t2pp_ap,FACOAL161t2pp_ap,FACOAL140t2pp_ap,FACOAL180t2pp_ap,FACOAL100t2pp_ap,FACOAL120t2pp_ap,FACOAL181t2pp_ap,PUNP2,LCAT1e,THZPSN_mt2,THZPSNm,CPPPGO_ap,HMBS_ap,GHMT2r_ap,,,,,,,,,,,,,,,,,,,,,,,,,,,,,,,,,,,,,,,,,,,,,,,,,,,,,,,,,
no_ortho_AalgeraePRA339,ACONMT,THZPSN,PC6YM,CPC6MT,DIPS,FEDCabc,THZSN,OHPHM6nc,DXHPScmc,,,,,,,,,,,,,,,,,,,,,,,,,,,,,,,,,,,,,,,,,,,,,,,,,,,,,,,,,,,,,,,,,,,,,,,,,,,
no_ortho_PinuiSanAntonio1,DES_9,LIPOS,DXHPScm,ERGSTESTH_SC,CDPDGPm_SC,FECOSTESTH_SC,APAPTm,APCS,EPISTESTH_SC,SPRMS,DOLASNT,CBFCc,r1447,PUNP1m,DAGAH_EPA_DHA_c,PLDPC_HDE_LNA_c,NEU22nhs,DAGAH_OLE_DHA_c,PLDAGAT_DHA_EPA_DHA_PE_14_c,,,,,,,,,,,,,,,,,,,,,,,,,,,,,,,,,,,,,,,,,,,,,,,,,,,,,,,,,,,,,,,,,
PvivaxP01,DES_9,LIPOS,DXHPScm,CDPDGPm_SC,ADSHm,APAPTm,CRNCARtm,DOLASNT,THZPSN_mt2,THZPSNm,FAS260_ap,CPPPGO_ap,FACOAL181t2pp_ap,FACOAL160t2pp_ap,FACOAL60t2pp_ap,FACOAL80t2pp_ap,FACOAL141t2pp_ap,FACOAL161t2pp_ap,FACOAL140t2pp_ap,FACOAL180t2pp_ap,FACOAL100t2pp_ap,FACOAL120t2pp_ap,LCAT1e,HMBS_ap,GHMT2r_ap,,,,,,,,,,,,,,,,,,,,,,,,,,,,,,,,,,,,,,,,,,,,,,,,,,,,,,,,,,,
no_ortho_TcruziDm28c2017,THZPSN,FAS141ACPm,FAS181ACPm,DLYSOXGAT,DES_9,ACSERSULLm,LIPOS,FAS182ACPm,FAS180ACPm,DES_15,APAPTm,ACSERLm,FAS161ACPm,DOLASNT,,,,,,,,,,,,,,,,,,,,,,,,,,,,,,,,,,,,,,,,,,,,,,,,,,,,,,,,,,,,,,,,,,,,,,
no_ortho_TbruceiTREU927,THZPSN,DES_9,ACSERSULLm,LIPOS,PMEACPE,PCDAGAT,DES_15,APAPTm,ACSERLm,DOLASNT,,,,,,,,,,,,,,,,,,,,,,,,,,,,,,,,,,,,,,,,,,,,,,,,,,,,,,,,,,,,,,,,,,,,,,,,,,
no_ortho_Pyoeliiyoelii17XNL,THZPSN,DES_9,LIPOS,DXHPScm,CDPDGPm_SC,PCDAGAT,ADSHm,APAPTm,CRNCARtm,DOLASNT,,,,,,,,,,,,,,,,,,,,,,,,,,,,,,,,,,,,,,,,,,,,,,,,,,,,,,,,,,,,,,,,,,,,,,,,,,
PfalciparumSN01,DES_9,LIPOS,DXHPScm,ORNTArm,ADSHm,APAPTm,DOLASNT,HCGALm,FAS260_ap,FACOAL160t2pp_ap,FACOAL60t2pp_ap,FACOAL80t2pp_ap,FACOAL141t2pp_ap,FACOAL161t2pp_ap,FACOAL140t2pp_ap,FACOAL180t2pp_ap,FACOAL100t2pp_ap,FACOAL120t2pp_ap,FACOAL181t2pp_ap,PUNP2,LCAT1e,THZPSN_mt2,THZPSNm,CPPPGO_ap,HMBS_ap,GHMT2r_ap,CERASE126er,HMR_2948,r1134,RE3289R,HMR_2982,HMR_2983,,,,,,,,,,,,,,,,,,,,,,,,,,,,,,,,,,,,,,,,,,,,,,,,,,,,
no_ortho_NausubeliERTm6,THZPSN,PCDAGAT,FEDCabc,SHSL2,DXHPScmc,DOLASNTc,FE3DCITabcppc,,,,,,,,,,,,,,,,,,,,,,,,,,,,,,,,,,,,,,,,,,,,,,,,,,,,,,,,,,,,,,,,,,,,,,,,,,,,,
no_ortho_HeriocheirGB1,THZPSN,DIPS,FEDCabc,AGAID,SHSL2,CDPDGPm_SCc,DXHPScmc,PLDPC_STC_GLNA_c,PLDPE_EPA_LNA_c,PCW3DS_LNA_ALNA_sn2_c,PLDAGAT_OLE_HDE_OLE_PC_3_c,ETHAPT_MYRS_GLNA_c,CLS_cho,PCD12DS_LNA_STC_sn1_c,ETHAPT_EPA_GLNA_c,lipid4,ETHAPT_MYRS_ALNA_c,PLDPE_STC_GLNA_c,PI4PLC_cho,PLDPC_EPA_LNA_c,ETHAPT_HDE_OLE_c,PI4PLC_18_2_18_1nhs,PI45PLC_18_2_18_1nhs,,,,,,,,,,,,,,,,,,,,,,,,,,,,,,,,,,,,,,,,,,,,,,,,,,,,,,,,,,,,,
no_ortho_PrelictumSGS1-like,DES_9,LIPOS,DXHPScm,ADSHm,APAPTm,CRNCARtm,DOLASNT,MIP2C324PLC_SC,PLDAGAT_LNA_PALM_HDE_PE_11_c,MIPC324PLC_SC,DAGAH_STC_EPA_c,PLDAGAT_HDE_MYRS_LNA_PE_15_c,PLDAGAT_MYRS_EPA_MYRS_PE_9_c,PLDAGAT_MYRS_EPA_LNA_PE_9_c,ALCDH_nadp_hi,PLDAGAT_HDE_EPA_HDE_PE_15_c,DAGAH_STC_ARA_c,PLDPC_STC_LNA_c,MDH_nadp_hi,PLDAGAT_PALM_ARA_PALM_PE_15_c,PLDPC_PALM_OLE_c,DAGAH_STC_DHA_c,PLA2PE_EPA_DHA_c,SMS21enhs,PLDPC_PALM_ARA_c,DAGAH_LNA_EPA_c,PLDAGAT_LNA_PALM_HDE_PE_9_c,,,,,,,,,,,,,,,,,,,,,,,,,,,,,,,,,,,,,,,,,,,,,,,,,,,,,,,,,
Pchabaudichabaudi,THZPSN,DLYSOXGAT,DES_9,LIPOS,DXHPScm,CDPDGPm_SC,ADSHm,APAPTm,CRNCARtm,DOLASNT,THZPSN_mt2,THZPSNm,FAS260_ap,HMBS_ap,CPPPGO_ap,DOLASNT_pf,PUNP2,FACOAL160t2pp_ap,FACOAL60t2pp_ap,FACOAL80t2pp_ap,FACOAL141t2pp_ap,FACOAL161t2pp_ap,FACOAL140t2pp_ap,FACOAL180t2pp_ap,FACOAL100t2pp_ap,FACOAL120t2pp_ap,FACOAL181t2pp_ap,LCAT1e,GHMT2r_ap,,,,,,,,,,,,,,,,,,,,,,,,,,,,,,,,,,,,,,,,,,,,,,,,,,,,,,,
no_ortho_VbrassicaformisCCMP3155,FUCASE2,ACSERSULLm,AGM4PH,LIPOS,AGM3PH,APAPTm,ACSERLm,AGMH,FUCASE,DOLASNT,3DHDCAt,PLDAGAT_LNA_EPA_GLNA_PC_4_c,CRVSthc,DAGAH_MYRS_DHA_c,PLDAGAT_PALM_EPA_LNA_PE_13_c,DAGAH_MYRS_EPA_c,,,,,,,,,,,,,,,,,,,,,,,,,,,,,,,,,,,,,,,,,,,,,,,,,,,,,,,,,,,,,,,,,,,,
no_ortho_Pvinckeivinckeivinckei,THZPSN,DLYSOXGAT,DES_9,LIPOS,DXHPScm,DHORD2,CDPDGPm_SC,PCDAGAT,ADSHm,APAPTm,CRNCARtm,THZSN,DOLASNT,CBFCc,,,,,,,,,,,,,,,,,,,,,,,,,,,,,,,,,,,,,,,,,,,,,,,,,,,,,,,,,,,,,,,,,,,,,,
no_ortho_EhistolyticaHM1IMSS-A,5DOAN,MTAN,THZPSN,AGM4PH,PUNP2,PUNP6,NALN6,AGM3PH,AGMH,AHCYSNS,THZSN,MG3Ac,DXHPScmc,DOLASNTc,lipid4,,,,,,,,,,,,,,,,,,,,,,,,,,,,,,,,,,,,,,,,,,,,,,,,,,,,,,,,,,,,,,,,,,,,,
no_ortho_NceranaeBRL01,THZPSN,DIPS,FASC180ACP,FAS182ACPmc,FE3DCITabcppc,DXHPScmc,FAS141ACPmc,FAS161ACPmc,FAS181ACPmc,OHPHM6nc,,,,,,,,,,,,,,,,,,,,,,,,,,,,,,,,,,,,,,,,,,,,,,,,,,,,,,,,,,,,,,,,,,,,,,,,,,
no_ortho_TcruzimarinkelleiB7,THZPSN,ORNTAC,DES_9,ACSERSULLm,LIPOS,DES_15,APAPTm,ACSERLm,BC10_new,DOLASNT,PSERDm_SC,CYANSTm,PLDAGAT_HDE_MYRS_LNA_PC_3_c,DAGAH_MYRS_DHA_c,PLDAGAT_PALM_EPA_DHA_PE_9_c,PLDAGAT_DHA_EPA_DHA_PC_4_c,PLDAGAT_HDE_EPA_OLE_PE_9_c,PLA2PC_HDE_DHA_c,PLDAGAT_HDE_PALM_EPA_PE_9_c,PLDAGAT_DHA_EPA_DHA_PE_11_c,PLDAGAT_HDE_EPA_DHA_PC_4_c,HDL_HSDEGnhs,PLDAGAT_HDE_EPA_LNA_PC_1_c,DAGAH_DHA_DHA_c,PLDAGAT_HDE_EPA_LNA_PE_13_c,PLDAGAT_OLE_HDE_HDE_PE_9_c,PLDAGAT_HDE_EPA_DHA_PC_1_c,,,,,,,,,,,,,,,,,,,,,,,,,,,,,,,,,,,,,,,,,,,,,,,,,,,,,,,,,
PcynomolgiB,DES_9,LIPOS,DXHPScm,CDPDGPm_SC,ADSHm,APAPTm,DOLASNT,CBFCc,THZPSN_mt2,THZPSNm,FAS260_ap,CPPPGO_ap,FACOAL160t2pp_ap,FACOAL60t2pp_ap,FACOAL80t2pp_ap,FACOAL141t2pp_ap,FACOAL161t2pp_ap,FACOAL140t2pp_ap,FACOAL180t2pp_ap,FACOAL100t2pp_ap,FACOAL120t2pp_ap,FACOAL181t2pp_ap,LCAT1e,HMBS_ap,GHMT2r_ap,AKGt2n,,,,,,,,,,,,,,,,,,,,,,,,,,,,,,,,,,,,,,,,,,,,,,,,,,,,,,,,,,
no_ortho_CfasciculataCfCl,THZPSN,DES_9,ACSERSULLm,LIPOS,APAPTm,ACSERLm,THZSN,NPPDO,DES_6,DES_6B,DOLASNT,PLDAGAT_HDE_ARA_ARA_PE_12_c,PLDAGAT_DHA_EPA_DHA_PE_12_c,DAGAH_STC_DHA_c,PLDPE_DHA_GLNA_c,DAGAH_STC_ARA_c,DAGAH_DHA_DHA_c,,,,,,,,,,,,,,,,,,,,,,,,,,,,,,,,,,,,,,,,,,,,,,,,,,,,,,,,,,,,,,,,,,,
no_ortho_LpyrrhocorisH10,THZPSN,DLYSOXGAT,DES_9,ACSERSULLm,LIPOS,APAPTm,ACSERLm,NPPDO,DES_6,DES_6B,DOLASNT,,,,,,,,,,,,,,,,,,,,,,,,,,,,,,,,,,,,,,,,,,,,,,,,,,,,,,,,,,,,,,,,,,,,,,,,,
no_ortho_GintestinalisAssemblageBGS,PUNP4,THZPSN,NORRDX,PUNP6,THZSN,DXHPScmc,DOLASNTc,,,,,,,,,,,,,,,,,,,,,,,,,,,,,,,,,,,,,,,,,,,,,,,,,,,,,,,,,,,,,,,,,,,,,,,,,,,,,
PfalciparumML01,DES_9,LIPOS,DXHPScm,ORNTArm,ADSHm,APAPTm,CRNCARtm,DOLASNT,HCGALm,FAS260_ap,FACOAL160t2pp_ap,FACOAL60t2pp_ap,FACOAL80t2pp_ap,FACOAL141t2pp_ap,FACOAL161t2pp_ap,FACOAL140t2pp_ap,FACOAL180t2pp_ap,FACOAL100t2pp_ap,FACOAL120t2pp_ap,FACOAL181t2pp_ap,PUNP2,LCAT1e,THZPSN_mt2,THZPSNm,CPPPGO_ap,HMBS_ap,GHMT2r_ap,,,,,,,,,,,,,,,,,,,,,,,,,,,,,,,,,,,,,,,,,,,,,,,,,,,,,,,,,
no_ortho_EaedisUSNM41457,THZPSN,4M2OPLOXRD,PLDAGAT16018111Z1819Z2,PLDAGAT16018111Z1819Z4,PLDAGAT1601819Z1601,PLDAGAT1601819Z18111Z1,PLDAGAT1601819Z1819Z3,PLDAGAT1601819Z1819Z4,PLDAGAT18111Z1819Z1601,PLDAGAT18111Z1819Z1602,PLDAGAT18111Z1819Z18111Z1,PLDAGAT1819Z18111Z1601,PLDAGAT1819Z18111Z1819Z1,PLDAGAT1819Z18111Z1819Z4,PLDAGAT1819Z1819Z18111Z1,PLDAGAT1819Z1819Z18111Z2,PLDAGAT1819Z1819Z18111Z3,AOXSr,PLDAGAT16018111Z1601,PLDAGAT16018111Z1602,PLDAGAT1601819Z18111Z2,PLDAGAT1601819Z18111Z3,PLDAGAT1801819Z18111Z1,PLDAGAT1801819Z1819Z3,PLDAGAT18111Z18111Z1601,PLDAGAT18111Z18111Z18111Z2,PLDAGAT18111Z18111Z1819Z4,PLDAGAT18111Z1819Z1819Z1,PLDAGAT18111Z1819Z1819Z3,PLDAGAT18111Z1819Z1819Z4,PLDAGAT1819Z18111Z1819Z2,PLDAGAT1819Z1819Z1601,PLDAGAT1819Z1819Z1819Z1,PLDAGAT1819Z1819Z1819Z2,PLDAGAT1819Z1819Z1819Z3,PLDAGAT1819Z1819Z1819Z4,DIPS,PCDAGAT,SERPT,OIVD1r,OIVD2,FEDCabc,NTRARz,PLDAGAT16018111Z18111Z1,PLDAGAT16018111Z18111Z2,PLDAGAT16018111Z1819Z3,PLDAGAT1801819Z1819Z2,PLDAGAT18111Z18111Z1819Z3,PLDAGAT18111Z1819Z18111Z2,PLDAGAT18111Z1819Z18111Z3,PLDAGAT1819Z18111Z1602,PLDAGAT1819Z18111Z18111Z1,PLDAGAT1819Z18111Z18111Z3,PLDAGAT1819Z18111Z1819Z3,THZPSN3,3M2OBLOXRD,3M2OPLOXRD,OIVD3,PLDAGAT16018111Z18111Z3,PLDAGAT16018111Z1819Z1,PLDAGAT1601819Z1602,PLDAGAT1601819Z1819Z1,PLDAGAT1601819Z1819Z2,PLDAGAT1801819Z1601,PLDAGAT1801819Z1602,PLDAGAT1801819Z18111Z2,PLDAGAT1801819Z18111Z3,PLDAGAT1801819Z1819Z1,PLDAGAT1801819Z1819Z4,PLDAGAT18111Z18111Z1602,PLDAGAT18111Z18111Z18111Z1,PLDAGAT18111Z18111Z18111Z3,PLDAGAT18111Z18111Z1819Z1,PLDAGAT18111Z18111Z1819Z2,PLDAGAT18111Z1819Z1819Z2,PLDAGAT1819Z18111Z18111Z2,PLDAGAT1819Z1819Z1602,SHSL2,OHPHM6nc,FE3DCITabcppc,DXHPScmc,,,
no_ortho_EinvadensIP1,AM4PA,THZPSN,APENTAMAH,AM3PA,PUNP6,NALN6,PCDAGAT,FEDCabc,AGMH,THZSN,CDGS1,AHALc,DXHPScmc,DOLASNTc,FE3DCITabcppc,,,,,,,,,,,,,,,,,,,,,,,,,,,,,,,,,,,,,,,,,,,,,,,,,,,,,,,,,,,,,,,,,,,,,
no_ortho_CveliaCCMP2878,TYRL,DHORD3,IOR3,FUCASE2,ACSERSULLm,LIPOS,AMAOTr,ASPO3,DHORD2,URACPAH,DHXFUTC,DMHDRFS,APAPTm,ACSERLm,BTS5,ALASm,IOR,FUCASE,BADP,DOLASNT,,,,,,,,,,,,,,,,,,,,,,,,,,,,,,,,,,,,,,,,,,,,,,,,,,,,,,,,,,,,,,,,
no_ortho_EhepatopenaeiTH1,THZPSN,DIPS,THZSN,NITR_NOc,DXHPScmc,,,,,,,,,,,,,,,,,,,,,,,,,,,,,,,,,,,,,,,,,,,,,,,,,,,,,,,,,,,,,,,,,,,,,,,,,,,,,,,
no_ortho_CtyzzeriUGA55,THZPSN,FAS141ACPm,FAS181ACPm,PSERDm_SC,PTOR,CLPNS2_BS,DXHPScm,FAS160ACPm,FAS182ACPm,FAS120ACPm,FAS140ACPm,FAS180ACPm,FAS80ACPm_L,ADSHm,FAS100ACPm,FAS161ACPm,THZSN,DOLASNT,PLDAGAT_MYRS_EPA_LNA_PC_7_c,PLDAGAT_LNA_EPA_ARA_PC_7_c,PLDAGAT_HDE_HDE_GLNA_PC_3_c,PLDAGAT_MYRS_EPA_MYRS_PC_8_c,PLDAGAT_HDE_EPA_OLE_PE_14_c,PLDAGAT_OLE_EPA_DHA_PC_6_c,PLDAGAT_MYRS_EPA_HDE_PE_14_c,PLDAGAT_DHA_EPA_DHA_PC_6_c,PLDAGAT_LNA_EPA_LNA_PC_3_c,,,,,,,,,,,,,,,,,,,,,,,,,,,,,,,,,,,,,,,,,,,,,,,,,,,,,,,,,
no_ortho_CcayetanensisCHN_HEN01,THZPSN,MSHAMID,DES_9,CLPNS160,ACSERSULLm,LIPOS,CPPPGOAN2,CLPNS161,CLPNS180,DHORD2,PNTEH,CLPNS181,NOS,NOS2_1,ACSERLm,CPPPGO2,CRNCARtm,THZSN,CLPNS120,CLPNS140,DOLASNT,CGS_m,,,,,,,,,,,,,,,,,,,,,,,,,,,,,,,,,,,,,,,,,,,,,,,,,,,,,,,,,,,,,,
Pfalciparum7G8,DES_9,LIPOS,DXHPScm,ORNTArm,ADSHm,APAPTm,CRNCARtm,DOLASNT,HCGALm,FAS260_ap,FACOAL160t2pp_ap,FACOAL60t2pp_ap,FACOAL80t2pp_ap,FACOAL141t2pp_ap,FACOAL161t2pp_ap,FACOAL140t2pp_ap,FACOAL180t2pp_ap,FACOAL100t2pp_ap,FACOAL120t2pp_ap,FACOAL181t2pp_ap,PUNP2,LCAT1e,THZPSN_mt2,THZPSNm,CPPPGO_ap,HMBS_ap,GHMT2r_ap,,,,,,,,,,,,,,,,,,,,,,,,,,,,,,,,,,,,,,,,,,,,,,,,,,,,,,,,,
no_ortho_Heriocheircanceri,THZPSN,DIPS,FEDCabc,AGAID,SHSL2,FE3DCITabcppc,CDPDGPm_SCc,DXHPScmc,,,,,,,,,,,,,,,,,,,,,,,,,,,,,,,,,,,,,,,,,,,,,,,,,,,,,,,,,,,,,,,,,,,,,,,,,,,,
no_ortho_EmoshkovskiiLaredo,5DOAN,MTAN,THZPSN,AGM4PH,NALN6,METGL,AGM3PH,AGMT,PCDAGAT,FEDCabc,ARGN_1,AGMH,AHCYSNS,THZSN,DOLASNTc,AHALc,DXHPScmc,HPT_h,G1PUT_h,,,,,,,,,,,,,,,,,,,,,,,,,,,,,,,,,,,,,,,,,,,,,,,,,,,,,,,,,,,,,,,,,
no_ortho_HhammondiHH34,THZPSN,PSERDm_SC,DES_9,LIPOS,CPPPGOAN2,DHORD2,NOS,NOS2_1,CPPPGO2,ALASm,THZSN,DOLASNT,,,,,,,,,,,,,,,,,,,,,,,,,,,,,,,,,,,,,,,,,,,,,,,,,,,,,,,,,,,,,,,,,,,,,,,,
no_ortho_OcolligataOC4,THZPSN,HYDFDN,HYDFDi,DIPS,FEDCabc,SHSL2,DXHPScmc,OHPHM6nc,FE3DCITabcppc,ACPS,ACPS2,,,,,,,,,,,,,,,,,,,,,,,,,,,,,,,,,,,,,,,,,,,,,,,,,,,,,,,,,,,,,,,,,,,,,,,,,
PfalciparumHB3,DES_9,LIPOS,DXHPScm,ORNTArm,ADSHm,APAPTm,CRNCARtm,DOLASNT,HCGALm,FAS260_ap,FACOAL160t2pp_ap,FACOAL60t2pp_ap,FACOAL80t2pp_ap,FACOAL141t2pp_ap,FACOAL161t2pp_ap,FACOAL140t2pp_ap,FACOAL180t2pp_ap,FACOAL100t2pp_ap,FACOAL120t2pp_ap,FACOAL181t2pp_ap,PUNP2,LCAT1e,THZPSN_mt2,THZPSNm,CPPPGO_ap,HMBS_ap,GHMT2r_ap,,,,,,,,,,,,,,,,,,,,,,,,,,,,,,,,,,,,,,,,,,,,,,,,,,,,,,,,,
no_ortho_TcruziSylvioX10-1-2012,THZPSN,FAS141ACPm,FAS181ACPm,DLYSOXGAT,ACSERSULLm,LIPOS,FAS182ACPm,APAPTm,ACSERLm,FAS161ACPm,UTPtm,DOLASNT,CYANSTm,PLDAGAT_PALM_PALM_LNA_PC_8_c,DAGAH_MYRS_EPA_c,PLDAGAT_HDE_PALM_LNA_PC_7_c,TECA1S45,PLA2PE_HDE_EPA_c,PLA2PC_DHA_ARA_c,PLDAGAT_HDE_PALM_LNA_PC_5_c,PLDAGAT_LNA_EPA_LNA_PC_5_c,PLDAGAT_HDE_PALM_LNA_PC_3_c,PLDAGAT_LNA_EPA_LNA_PC_8_c,DAGAH_DHA_DHA_c,PLDAGAT_HDE_EPA_OLE_PE_11_c,,,,,,,,,,,,,,,,,,,,,,,,,,,,,,,,,,,,,,,,,,,,,,,,,,,,,,,,,,,
PfalciparumCD01,DES_9,LIPOS,DXHPScm,ORNTArm,ADSHm,APAPTm,CRNCARtm,DOLASNT,HCGALm,CBFCc,FAS260_ap,FACOAL160t2pp_ap,FACOAL60t2pp_ap,FACOAL80t2pp_ap,FACOAL141t2pp_ap,FACOAL161t2pp_ap,FACOAL140t2pp_ap,FACOAL180t2pp_ap,FACOAL100t2pp_ap,FACOAL120t2pp_ap,FACOAL181t2pp_ap,PUNP2,LCAT1e,THZPSN_mt2,THZPSNm,CPPPGO_ap,HMBS_ap,GHMT2r_ap,,,,,,,,,,,,,,,,,,,,,,,,,,,,,,,,,,,,,,,,,,,,,,,,,,,,,,,,
PvivaxSal1,DES_9,LIPOS,DXHPScm,CDPDGPm_SC,ADSHm,APAPTm,CRNCARtm,DOLASNT,THZPSN_mt2,THZPSNm,FAS260_ap,FACOAL181t2pp_ap,FACOAL160t2pp_ap,FACOAL60t2pp_ap,FACOAL80t2pp_ap,FACOAL141t2pp_ap,FACOAL161t2pp_ap,FACOAL140t2pp_ap,FACOAL180t2pp_ap,FACOAL100t2pp_ap,FACOAL120t2pp_ap,HMBS_ap,CPPPGO_ap,GHMT2r_ap,LCAT1e,,,,,,,,,,,,,,,,,,,,,,,,,,,,,,,,,,,,,,,,,,,,,,,,,,,,,,,,,,,
no_ortho_TbruceiLister427_2018,THZPSN,DES_9,ACSERSULLm,LIPOS,PMEACPE,PCDAGAT,DES_15,APAPTm,ACSERLm,DOLASNT,MIPC324PLC_SC,,,,,,,,,,,,,,,,,,,,,,,,,,,,,,,,,,,,,,,,,,,,,,,,,,,,,,,,,,,,,,,,,,,,,,,,,
no_ortho_PvivaxP01,DES_9,LIPOS,DXHPScm,CDPDGPm_SC,ADSHm,APAPTm,APCS,CRNCARtm,SPRMS,DOLASNT,PLDPC_HDE_EPA_c,DAGAH_DHA_ARA_c,PLDPC_HDE_ARA_c,PLDPC_HDE_DHA_c,,,,,,,,,,,,,,,,,,,,,,,,,,,,,,,,,,,,,,,,,,,,,,,,,,,,,,,,,,,,,,,,,,,,,,
no_ortho_AspWSBS2006,THZPSN,ARMT,C190cSN,HYDFDi,DIPS,NNMT,FEDCabc,THZSN,DXHPScmc,OHPHM6nc,,,,,,,,,,,,,,,,,,,,,,,,,,,,,,,,,,,,,,,,,,,,,,,,,,,,,,,,,,,,,,,,,,,,,,,,,,
no_ortho_PvinckeipetteriCR,THZPSN,DES_9,LIPOS,DXHPScm,CDPDGPm_SC,PCDAGAT,ADSHm,APAPTm,APCS,CRNCARtm,SPRMS,THZSN,DOLASNT,CBFCc,PLDAGAT_HDE_EPA_ARA_PE_13_c,PLA2PE_LNA_ARA_c,DAGAH_PALM_DHA_c,,,,,,,,,,,,,,,,,,,,,,,,,,,,,,,,,,,,,,,,,,,,,,,,,,,,,,,,,,,,,,,,,,,
no_ortho_EhistolyticaHM3IMSS,5DOAN,MTAN,THZPSN,AGM4PH,PUNP2,PUNP6,NALN6,AGM3PH,AGMH,AHCYSNS,THZSN,DXHPScmc,DOLASNTc,lipid4,,,,,,,,,,,,,,,,,,,,,,,,,,,,,,,,,,,,,,,,,,,,,,,,,,,,,,,,,,,,,,,,,,,,,,
no_ortho_PfalciparumKH02,DES_9,LIPOS,ADSHm,APAPTm,APCS,CRNCARtm,SPRMS,DOLASNT,,,,,,,,,,,,,,,,,,,,,,,,,,,,,,,,,,,,,,,,,,,,,,,,,,,,,,,,,,,,,,,,,,,,,,,,,,,,
Pyoeliiyoelii17XNL,THZPSN,DES_9,LIPOS,DXHPScm,CDPDGPm_SC,PCDAGAT,ADSHm,APAPTm,CRNCARtm,DOLASNT,FACOAL160t2pp_ap,FACOAL60t2pp_ap,FACOAL80t2pp_ap,FACOAL141t2pp_ap,FACOAL161t2pp_ap,FACOAL140t2pp_ap,FACOAL180t2pp_ap,FACOAL100t2pp_ap,FACOAL120t2pp_ap,FACOAL181t2pp_ap,GHMT2r_ap,HMBS_ap,THZPSN_mt2,THZPSNm,DOLASNT_pf,FAS260_ap,LCAT1e,PUNP2,CPPPGO_ap,,,,,,,,,,,,,,,,,,,,,,,,,,,,,,,,,,,,,,,,,,,,,,,,,,,,,,,
no_ortho_PconfusumCUL13,THZPSN,FAS141ACPm,FAS181ACPm,DES_9,LIPOS,FAS182ACPm,NALN6,FAS180ACPm,APAPTm,FAS161ACPm,DES_6,DES_6B,DOLASNT,,,,,,,,,,,,,,,,,,,,,,,,,,,,,,,,,,,,,,,,,,,,,,,,,,,,,,,,,,,,,,,,,,,,,,,
no_ortho_PblacklockiG01,DES_9,LIPOS,DXHPScm,ORNTArm,CITALOR,ADSHm,APAPTm,CRNCARtm,DMCITALOR,DOLASNT,HCGALm,CBFCc,,,,,,,,,,,,,,,,,,,,,,,,,,,,,,,,,,,,,,,,,,,,,,,,,,,,,,,,,,,,,,,,,,,,,,,,
no_ortho_EhellemSwiss,THZPSN,HYDFDN,HYDFDi,DIPS,PLBPC_SC,FEDCabc,DXHPScmc,OHPHM6nc,,,,,,,,,,,,,,,,,,,,,,,,,,,,,,,,,,,,,,,,,,,,,,,,,,,,,,,,,,,,,,,,,,,,,,,,,,,,
no_ortho_TparvaMuguga,THZPSN,DLYSOXGAT,THZSN,DXHPScmc,,,,,,,,,,,,,,,,,,,,,,,,,,,,,,,,,,,,,,,,,,,,,,,,,,,,,,,,,,,,,,,,,,,,,,,,,,,,,,,,
no_ortho_GintestinalisAssemblageEP15,PUNP4,TMDPP,THZPSN,PUNP6,THZSN,DXHPScmc,DOLASNTc,MTAM,,,,,,,,,,,,,,,,,,,,,,,,,,,,,,,,,,,,,,,,,,,,,,,,,,,,,,,,,,,,,,,,,,,,,,,,,,,,
no_ortho_PfalciparumKH01,DES_9,LIPOS,ADSHm,APAPTm,APCS,CRNCARtm,SPRMS,DOLASNT,,,,,,,,,,,,,,,,,,,,,,,,,,,,,,,,,,,,,,,,,,,,,,,,,,,,,,,,,,,,,,,,,,,,,,,,,,,,
no_ortho_TtheileriEdinburgh,THZPSN,ACSERSULLm,LIPOS,APAPTm,ACSERLm,DES_6,DES_6B,DOLASNT,PLDAGAT_PALM_ARA_PALM_PE_14_c,PLDPE_EPA_LNA_c,PLDAGAT_EPA_EPA_LNA_PE_16_c,PLDAGAT_PALM_EPA_DHA_PE_10_c,DAGAH_HDE_DHA_c,PLDAGAT_PALM_PALM_LNA_PE_10_c,PLDAGAT_HDE_EPA_LNA_PE_16_c,PLDAGAT_HDE_HDE_LNA_PE_10_c,DAGAH_HDE_ARA_c,PLDAGAT_PALM_ARA_PALM_PE_10_c,PLDAGAT_HDE_HDE_LNA_PE_15_c,,,,,,,,,,,,,,,,,,,,,,,,,,,,,,,,,,,,,,,,,,,,,,,,,,,,,,,,,,,,,,,,,
no_ortho_ThominisUnknown,THZPSN,KAS16,C190cSN,KAS_HP2,FASC201ACP,PLDAGAT16018111Z1819Z2,PLDAGAT16018111Z1819Z4,PLDAGAT1601819Z1601,PLDAGAT1601819Z18111Z1,PLDAGAT1601819Z1819Z3,PLDAGAT1601819Z1819Z4,PLDAGAT18111Z1819Z1601,PLDAGAT18111Z1819Z1602,PLDAGAT18111Z1819Z18111Z1,PLDAGAT1819Z18111Z1601,PLDAGAT1819Z18111Z1819Z1,PLDAGAT1819Z18111Z1819Z4,PLDAGAT1819Z1819Z18111Z1,PLDAGAT1819Z1819Z18111Z2,PLDAGAT1819Z1819Z18111Z3,AOXSr2,FASC221ACP,FASC240ACP,PLDAGAT16018111Z1601,PLDAGAT16018111Z1602,PLDAGAT1601819Z18111Z2,PLDAGAT1601819Z18111Z3,PLDAGAT1801819Z18111Z1,PLDAGAT1801819Z1819Z3,PLDAGAT18111Z18111Z1601,PLDAGAT18111Z18111Z18111Z2,PLDAGAT18111Z18111Z1819Z4,PLDAGAT18111Z1819Z1819Z1,PLDAGAT18111Z1819Z1819Z3,PLDAGAT18111Z1819Z1819Z4,PLDAGAT1819Z18111Z1819Z2,PLDAGAT1819Z1819Z1601,PLDAGAT1819Z1819Z1819Z1,PLDAGAT1819Z1819Z1819Z2,PLDAGAT1819Z1819Z1819Z3,PLDAGAT1819Z1819Z1819Z4,DIPS,PCDAGAT,FEDCabc,FASC141ACP,FASC161ACP,PLDAGAT16018111Z18111Z1,PLDAGAT16018111Z18111Z2,PLDAGAT16018111Z1819Z3,PLDAGAT1801819Z1819Z2,PLDAGAT18111Z18111Z1819Z3,PLDAGAT18111Z1819Z18111Z2,PLDAGAT18111Z1819Z18111Z3,PLDAGAT1819Z18111Z1602,PLDAGAT1819Z18111Z18111Z1,PLDAGAT1819Z18111Z18111Z3,PLDAGAT1819Z18111Z1819Z3,KAS_HP,FASC182ACP,PLDAGAT16018111Z18111Z3,PLDAGAT16018111Z1819Z1,PLDAGAT1601819Z1602,PLDAGAT1601819Z1819Z1,PLDAGAT1601819Z1819Z2,PLDAGAT1801819Z1601,PLDAGAT1801819Z1602,PLDAGAT1801819Z18111Z2,PLDAGAT1801819Z18111Z3,PLDAGAT1801819Z1819Z1,PLDAGAT1801819Z1819Z4,PLDAGAT18111Z18111Z1602,PLDAGAT18111Z18111Z18111Z1,PLDAGAT18111Z18111Z18111Z3,PLDAGAT18111Z18111Z1819Z1,PLDAGAT18111Z18111Z1819Z2,PLDAGAT18111Z1819Z1819Z2,PLDAGAT1819Z18111Z18111Z2,PLDAGAT1819Z1819Z1602,SHSL2,DXHPScmc,OHPHM6nc,,,
no_ortho_LpanamensisMHOMCOL81L13,THZPSN,FAS141ACPm,FAS181ACPm,DES_9,ACSERSULLm,LIPOS,FAS182ACPm,FAS180ACPm,APAPTm,ACSERLm,FAS161ACPm,NPPDO,DES_6,DES_6B,DOLASNT,,,,,,,,,,,,,,,,,,,,,,,,,,,,,,,,,,,,,,,,,,,,,,,,,,,,,,,,,,,,,,,,,,,,,
no_ortho_TgondiiVEG,THZPSN,PSERDm_SC,DES_9,LIPOS,CPPPGOAN2,DHORD2,CPPPGO2,ALASm,THZSN,DOLASNT,,,,,,,,,,,,,,,,,,,,,,,,,,,,,,,,,,,,,,,,,,,,,,,,,,,,,,,,,,,,,,,,,,,,,,,,,,
no_ortho_ChominisTU502_2012,THZPSN,FAS141ACPm,FAS181ACPm,PSERDm_SC,SUCFUMtm,PTOR,CLPNS2_BS,HKNTDH,DXHPScm,FAS160ACPm,FAS182ACPm,OAAICITtm,FAS120ACPm,FAS140ACPm,FAS180ACPm,FAS80ACPm_L,ADSHm,CRNCARtm,FAS100ACPm,FAS161ACPm,THZSN,DOLASNT,,,,,,,,,,,,,,,,,,,,,,,,,,,,,,,,,,,,,,,,,,,,,,,,,,,,,,,,,,,,,,
no_ortho_BbovisT2Bo,THZPSN,THZSN,DXHPScmc,DOLASNTc,,,,,,,,,,,,,,,,,,,,,,,,,,,,,,,,,,,,,,,,,,,,,,,,,,,,,,,,,,,,,,,,,,,,,,,,,,,,,,,,
no_ortho_EpraecoxHoughton,THZPSN,ARMT,ORNTAC,DES_9,ACSERSULLm,LIPOS,MTAP,OAAICITtm,MG3A,DIPS,LNS14DMx,CITALOR,ACSERLm,AMALT4,ALASm,OIVD3m,BADP,DMCITALOR,DOLASNT,MG3B,ACOAD1fm,ACOADH160_m,ACOADH120_m,ACOADH140_m,ACOADH100_m,AMETt2m,ACOADH80_m,ACOADH60_m,CYSS_m,,,,,,,,,,,,,,,,,,,,,,,,,,,,,,,,,,,,,,,,,,,,,,,,,,,,,,,
no_ortho_EacervulinaHoughton,THZPSN,PSERDm_SC,DES_9,LIPOS,MG3A,ADSHm,G12MT4,ALASm,THZSN,OIVD3m,DOLASNT,G12MT3,MG3B,,,,,,,,,,,,,,,,,,,,,,,,,,,,,,,,,,,,,,,,,,,,,,,,,,,,,,,,,,,,,,,,,,,,,,,
no_ortho_PgaboniG01,DES_9,LIPOS,DXHPScm,ORNTArm,CITALOR,ADSHm,APAPTm,APCS,CRNCARtm,SPRMS,DMCITALOR,DOLASNT,HCGALm,CBFCc,,,,,,,,,,,,,,,,,,,,,,,,,,,,,,,,,,,,,,,,,,,,,,,,,,,,,,,,,,,,,,,,,,,,,,
no_ortho_PknowlesiH,DES_9,LIPOS,DXHPScm,ERGSTESTH_SC,FECOSTESTH_SC,ADSHm,APAPTm,APCS,CRNCARtm,EPISTESTH_SC,SPRMS,DOLASNT,PLDAGAT_LNA_EPA_LNA_PE_13_c,PUNP2,IDHPOXOXb,PLDAGAT_HDE_PALM_LNA_PE_11_c,PLDAGAT_MYRS_EPA_LNA_PE_11_c,,,,,,,,,,,,,,,,,,,,,,,,,,,,,,,,,,,,,,,,,,,,,,,,,,,,,,,,,,,,,,,,,,,
no_ortho_TequiWA,THZPSN,DLYSOXGAT,PAPSR,NOS,NOS2_1,PAPSR2,THZSN,DXHPScmc,DOLASNTc,,,,,,,,,,,,,,,,,,,,,,,,,,,,,,,,,,,,,,,,,,,,,,,,,,,,,,,,,,,,,,,,,,,,,,,,,,,
no_ortho_NparisiiERTm1,THZPSN,LNS14DM,4M2OPLOXRD,PDHa,AOXSr2,AOXSr,PCDAGAT,SERPT,OIVD1r,OIVD2,OBDHc,FEDCabc,THZPSN3,3M2OBLOXRD,3M2OPLOXRD,OIVD3,PFOR,SHSL2,ALASmc,DXHPScmc,DOLASNTc,,,,,,,,,,,,,,,,,,,,,,,,,,,,,,,,,,,,,,,,,,,,,,,,,,,,,,,,,,,,,,,
no_ortho_CfelisWinnie,THZPSN,DLYSOXGAT,NOS,NOS2_1,THZSN,CBFCc,DXHPScmc,DOLASNTc,PLDAGAT_HDE_EPA_OLE_PE_13_c,DAGAH_STC_DHA_c,PLDAGAT_EPA_EPA_LNA_PE_10_c,PLA2PC_EPA_STA_c,PLDPC_EPA_ALNA_c,,,,,,,,,,,,,,,,,,,,,,,,,,,,,,,,,,,,,,,,,,,,,,,,,,,,,,,,,,,,,,,,,,,,,,,
no_ortho_BovataMiyake,THZPSN,NOS,NOS2_1,THZSN,BCAROKTc,CBFCc,CEFc,DXHPScmc,DOLASNTc,,,,,,,,,,,,,,,,,,,,,,,,,,,,,,,,,,,,,,,,,,,,,,,,,,,,,,,,,,,,,,,,,,,,,,,,,,,
no_ortho_LdonovaniCL-SL,THZPSN,DES_9,ACSERSULLm,LIPOS,APAPTm,ACSERLm,THZSN,NPPDO,DES_6,DES_6B,PLDAGAT_HDE_ARA_ARA_PE_15_c,PLA2PE_PALM_DHA_c,PLDAGAT_MYRS_EPA_PALM_PE_12_c,PLDAGAT_HDE_EPA_OLE_PE_14_c,PLDPE_EPA_ARA_c,,,,,,,,,,,,,,,,,,,,,,,,,,,,,,,,,,,,,,,,,,,,,,,,,,,,,,,,,,,,,,,,,,,,,
no_ortho_PneurophiliaMK1,THZPSN,PLDAGAT16018111Z1819Z2,PLDAGAT16018111Z1819Z4,PLDAGAT1601819Z1601,PLDAGAT1601819Z18111Z1,PLDAGAT1601819Z1819Z3,PLDAGAT1601819Z1819Z4,PLDAGAT18111Z1819Z1601,PLDAGAT18111Z1819Z1602,PLDAGAT18111Z1819Z18111Z1,PLDAGAT1819Z18111Z1601,PLDAGAT1819Z18111Z1819Z1,PLDAGAT1819Z18111Z1819Z4,PLDAGAT1819Z1819Z18111Z1,PLDAGAT1819Z1819Z18111Z2,PLDAGAT1819Z1819Z18111Z3,PLDAGAT16018111Z1601,PLDAGAT16018111Z1602,PLDAGAT1601819Z18111Z2,PLDAGAT1601819Z18111Z3,PLDAGAT1801819Z18111Z1,PLDAGAT1801819Z1819Z3,PLDAGAT18111Z18111Z1601,PLDAGAT18111Z18111Z18111Z2,PLDAGAT18111Z18111Z1819Z4,PLDAGAT18111Z1819Z1819Z1,PLDAGAT18111Z1819Z1819Z3,PLDAGAT18111Z1819Z1819Z4,PLDAGAT1819Z18111Z1819Z2,PLDAGAT1819Z1819Z1601,PLDAGAT1819Z1819Z1819Z1,PLDAGAT1819Z1819Z1819Z2,PLDAGAT1819Z1819Z1819Z3,PLDAGAT1819Z1819Z1819Z4,DIPS,FEDCabc,PLDAGAT16018111Z18111Z1,PLDAGAT16018111Z18111Z2,PLDAGAT16018111Z1819Z3,PLDAGAT1801819Z1819Z2,PLDAGAT18111Z18111Z1819Z3,PLDAGAT18111Z1819Z18111Z2,PLDAGAT18111Z1819Z18111Z3,PLDAGAT1819Z18111Z1602,PLDAGAT1819Z18111Z18111Z1,PLDAGAT1819Z18111Z18111Z3,PLDAGAT1819Z18111Z1819Z3,PLDAGAT16018111Z18111Z3,PLDAGAT16018111Z1819Z1,PLDAGAT1601819Z1602,PLDAGAT1601819Z1819Z1,PLDAGAT1601819Z1819Z2,PLDAGAT1801819Z1601,PLDAGAT1801819Z1602,PLDAGAT1801819Z18111Z2,PLDAGAT1801819Z18111Z3,PLDAGAT1801819Z1819Z1,PLDAGAT1801819Z1819Z4,PLDAGAT18111Z18111Z1602,PLDAGAT18111Z18111Z18111Z1,PLDAGAT18111Z18111Z18111Z3,PLDAGAT18111Z18111Z1819Z1,PLDAGAT18111Z18111Z1819Z2,PLDAGAT18111Z1819Z1819Z2,PLDAGAT1819Z18111Z18111Z2,PLDAGAT1819Z1819Z1602,FE3DCITabcppc,DXHPScmc,OHPHM6nc,,,,,,,,,,,,,,,
no_ortho_Pchabaudichabaudi,THZPSN,DLYSOXGAT,DES_9,LIPOS,DXHPScm,CDPDGPm_SC,ADSHm,APAPTm,APCS,SPRMS,DOLASNT,,,,,,,,,,,,,,,,,,,,,,,,,,,,,,,,,,,,,,,,,,,,,,,,,,,,,,,,,,,,,,,,,,,,,,,,,
Pfalciparum3D7,DES_9,LIPOS,ADSHm,APAPTm,APCS,CRNCARtm,SPRMS,ACCOAC_ap,G3PD1ir_ap,GLUDy_ap,FUT94g_cho,DAGAH_MYRS_DHA_c,ABO6g_cho,PLDAGAT_PALM_PALM_LNA_PC_1_c,FUT14g_cho,DAGAH_STC_EPA_c,G14N8g,ABO4g_cho,,,,,,,,,,,,,,,,,,,,,,,,,,,,,,,,,,,,,,,,,,,,,,,,,,,,,,,,,,,,,,,,,,
no_ortho_GniphandrodesUnknown,ACSERSULLm,DHORD4i,DXHPScm,GCC2bim,GCCbim,OMCDCm,ACSERSULL,AHSERL3,ADSHm,APAPTm,ACSERLm,ADPDA,GLYCLm,SLCYSS,DAPDA,DOLASNT,CBL_m,,,,,,,,,,,,,,,,,,,,,,,,,,,,,,,,,,,,,,,,,,,,,,,,,,,,,,,,,,,,,,,,,,,
PcynomolgiM,DES_9,LIPOS,DXHPScm,CDPDGPm_SC,ADSHm,APAPTm,CRNCARtm,DOLASNT,THZPSN_mt2,THZPSNm,FAS260_ap,CPPPGO_ap,FACOAL160t2pp_ap,FACOAL60t2pp_ap,FACOAL80t2pp_ap,FACOAL141t2pp_ap,FACOAL161t2pp_ap,FACOAL140t2pp_ap,FACOAL180t2pp_ap,FACOAL100t2pp_ap,FACOAL120t2pp_ap,FACOAL181t2pp_ap,LCAT1e,HMBS_ap,GHMT2r_ap,,,,,,,,,,,,,,,,,,,,,,,,,,,,,,,,,,,,,,,,,,,,,,,,,,,,,,,,,,,
no_ortho_AcastellaniiNeff,CRNBTCT,TMDPP,FUCASE2,LIPOS,NALN6,ATRZCH,FUCASE,MM3c,MM2c,,,,,,,,,,,,,,,,,,,,,,,,,,,,,,,,,,,,,,,,,,,,,,,,,,,,,,,,,,,,,,,,,,,,,,,,,,,
Pgallinaceum8A,DES_9,LIPOS,DXHPScm,FECOSTESTH_SC,PCDAGAT,ADSHm,APAPTm,CRNCARtm,EPISTESTH_SC,DOLASNT,PUNP2,THZPSN_mt2,THZPSNm,FACOAL160t2pp_ap,FACOAL60t2pp_ap,FACOAL80t2pp_ap,FACOAL141t2pp_ap,FACOAL161t2pp_ap,FACOAL140t2pp_ap,FACOAL180t2pp_ap,FACOAL100t2pp_ap,FACOAL120t2pp_ap,FACOAL181t2pp_ap,LCAT1e,HMBS_ap,CPPPGO_ap,FAS260_ap,GHMT2r_ap,,,,,,,,,,,,,,,,,,,,,,,,,,,,,,,,,,,,,,,,,,,,,,,,,,,,,,,,
no_ortho_NbombycisCQ1,ACONMT,BWCOS,THZPSN,RAFH,C190cSN,BMOCOS,DIPS,LNS14DMx,PLBPC_SC,FEDCabc,THZSN,DXHPScmc,OHPHM6nc,,,,,,,,,,,,,,,,,,,,,,,,,,,,,,,,,,,,,,,,,,,,,,,,,,,,,,,,,,,,,,,,,,,,,,,
no_ortho_Slophii42_110,THZPSN,PLDAGAT16018111Z1819Z2,PLDAGAT16018111Z1819Z4,PLDAGAT1601819Z1601,PLDAGAT1601819Z18111Z1,PLDAGAT1601819Z1819Z3,PLDAGAT1601819Z1819Z4,PLDAGAT18111Z1819Z1601,PLDAGAT18111Z1819Z1602,PLDAGAT18111Z1819Z18111Z1,PLDAGAT1819Z18111Z1601,PLDAGAT1819Z18111Z1819Z1,PLDAGAT1819Z18111Z1819Z4,PLDAGAT1819Z1819Z18111Z1,PLDAGAT1819Z1819Z18111Z2,PLDAGAT1819Z1819Z18111Z3,PLDAGAT16018111Z1601,PLDAGAT16018111Z1602,PLDAGAT1601819Z18111Z2,PLDAGAT1601819Z18111Z3,PLDAGAT1801819Z18111Z1,PLDAGAT1801819Z1819Z3,PLDAGAT18111Z18111Z1601,PLDAGAT18111Z18111Z18111Z2,PLDAGAT18111Z18111Z1819Z4,PLDAGAT18111Z1819Z1819Z1,PLDAGAT18111Z1819Z1819Z3,PLDAGAT18111Z1819Z1819Z4,PLDAGAT1819Z18111Z1819Z2,PLDAGAT1819Z1819Z1601,PLDAGAT1819Z1819Z1819Z1,PLDAGAT1819Z1819Z1819Z2,PLDAGAT1819Z1819Z1819Z3,PLDAGAT1819Z1819Z1819Z4,DIPS,LNS14DMx,PCDAGAT,FEDCabc,PLDAGAT16018111Z18111Z1,PLDAGAT16018111Z18111Z2,PLDAGAT16018111Z1819Z3,PLDAGAT1801819Z1819Z2,PLDAGAT18111Z18111Z1819Z3,PLDAGAT18111Z1819Z18111Z2,PLDAGAT18111Z1819Z18111Z3,PLDAGAT1819Z18111Z1602,PLDAGAT1819Z18111Z18111Z1,PLDAGAT1819Z18111Z18111Z3,PLDAGAT1819Z18111Z1819Z3,THZSN,PLDAGAT16018111Z18111Z3,PLDAGAT16018111Z1819Z1,PLDAGAT1601819Z1602,PLDAGAT1601819Z1819Z1,PLDAGAT1601819Z1819Z2,PLDAGAT1801819Z1601,PLDAGAT1801819Z1602,PLDAGAT1801819Z18111Z2,PLDAGAT1801819Z18111Z3,PLDAGAT1801819Z1819Z1,PLDAGAT1801819Z1819Z4,PLDAGAT18111Z18111Z1602,PLDAGAT18111Z18111Z18111Z1,PLDAGAT18111Z18111Z18111Z3,PLDAGAT18111Z18111Z1819Z1,PLDAGAT18111Z18111Z1819Z2,PLDAGAT18111Z1819Z1819Z2,PLDAGAT1819Z18111Z18111Z2,PLDAGAT1819Z1819Z1602,DXHPScmc,OHPHM6nc,,,,,,,,,,,,,
no_ortho_PfalciparumML01,DES_9,LIPOS,ADSHm,APAPTm,APCS,CRNCARtm,SPRMS,DOLASNT,,,,,,,,,,,,,,,,,,,,,,,,,,,,,,,,,,,,,,,,,,,,,,,,,,,,,,,,,,,,,,,,,,,,,,,,,,,,
PovalecurtisiGH01,LIPOS,DXHPScm,DHORD2,ADSHm,APAPTm,DOLASNT,CBFCc,THZPSNm,THZPSN_mt2,FAS260_ap,CPPPGO_ap,FACOAL160t2pp_ap,FACOAL80t2pp_ap,FACOAL141t2pp_ap,FACOAL161t2pp_ap,FACOAL140t2pp_ap,FACOAL180t2pp_ap,FACOAL100t2pp_ap,FACOAL120t2pp_ap,FACOAL181t2pp_ap,FACOAL60t2pp_ap,LCAT1e,HMBS_ap,GHMT2r_ap,PLDAGAT_HDE_EPA_LNA_PE_16_c,PLDAGAT_PALM_EPA_EPA_PE_15_c,PLDAGAT_HDE_EPA_LNA_PC_1_c,DAGAH_LNA_ARA_c,,,,,,,,,,,,,,,,,,,,,,,,,,,,,,,,,,,,,,,,,,,,,,,,,,,,,,,,
no_ortho_BbigeminaBOND,PPCDC,THZPSN,4M2OPLOXRD,FASC201ACP,FASC221ACP,FASC240ACP,GND,FAS260,OIVD1r,OIVD2,FASC141ACP,NOS,NOS2_1,AKGDH,THZPSN3,POLYAO,3M2OBLOXRD,3M2OPLOXRD,OIVD3,PFOR,THZSN,FASC182ACP,GNDc,FAS182ACPmc,DOLASNTc,CBFCc,DXHPScmc,FAS141ACPmc,,,,,,,,,,,,,,,,,,,,,,,,,,,,,,,,,,,,,,,,,,,,,,,,,,,,,,,,
no_ortho_Pyoeliiyoelii17X,THZPSN,DES_9,LIPOS,DXHPScm,CDPDGPm_SC,PCDAGAT,ADSHm,APAPTm,APCS,CRNCARtm,SPRMS,DOLASNT,,,,,,,,,,,,,,,,,,,,,,,,,,,,,,,,,,,,,,,,,,,,,,,,,,,,,,,,,,,,,,,,,,,,,,,,
no_ortho_TbruceiLister427,THZPSN,DES_9,ACSERSULLm,LIPOS,PMEACPE,PCDAGAT,DES_15,APAPTm,ACSERLm,DOLASNT,,,,,,,,,,,,,,,,,,,,,,,,,,,,,,,,,,,,,,,,,,,,,,,,,,,,,,,,,,,,,,,,,,,,,,,,,,
no_ortho_LpanamensisMHOMPA94PSC1,THZPSN,DES_9,ACSERSULLm,LIPOS,APAPTm,ACSERLm,NPPDO,DES_6,DES_6B,DOLASNT,DOLGPP_Uer,,,,,,,,,,,,,,,,,,,,,,,,,,,,,,,,,,,,,,,,,,,,,,,,,,,,,,,,,,,,,,,,,,,,,,,,,
no_ortho_Pfalciparum7G8,DES_9,LIPOS,ADSHm,APAPTm,APCS,CRNCARtm,SPRMS,DOLASNT,,,,,,,,,,,,,,,,,,,,,,,,,,,,,,,,,,,,,,,,,,,,,,,,,,,,,,,,,,,,,,,,,,,,,,,,,,,,
PvinckeipetteriCR,THZPSN,DES_9,LIPOS,PUNP2,DXHPScm,CDPDGPm_SC,PCDAGAT,ADSHm,APAPTm,CRNCARtm,DOLASNT,CBFCc,GHMT2r_ap,FACOAL160t2pp_ap,FACOAL80t2pp_ap,FACOAL141t2pp_ap,FACOAL161t2pp_ap,FACOAL140t2pp_ap,FACOAL180t2pp_ap,FACOAL100t2pp_ap,FACOAL120t2pp_ap,FACOAL181t2pp_ap,FACOAL60t2pp_ap,LCAT1e,THZPSNm,THZPSN_mt2,DOLASNT_pf,CPPPGO_ap,FAS260_ap,HMBS_ap,,,,,,,,,,,,,,,,,,,,,,,,,,,,,,,,,,,,,,,,,,,,,,,,,,,,,,
no_ortho_LinfantumJPCM5,THZPSN,DES_9,ACSERSULLm,LIPOS,APAPTm,ACSERLm,THZSN,NPPDO,DES_6,DES_6B,DOLASNT,AACPS1_1,SELCYSTLh,CBL,AACPS4_1,ARGDh,AHHST,,,,,,,,,,,,,,,,,,,,,,,,,,,,,,,,,,,,,,,,,,,,,,,,,,,,,,,,,,,,,,,,,,,
no_ortho_EintestinalisATCC50506,THZPSN,AOXSr2,HYDFDN,HYDFDi,DIPS,PLBPC_SC,FEDCabc,OHPHM6nc,DXHPScmc,FE3DCITabcppc,lipid1,,,,,,,,,,,,,,,,,,,,,,,,,,,,,,,,,,,,,,,,,,,,,,,,,,,,,,,,,,,,,,,,,,,,,,,,,
no_ortho_EhistolyticaHM1IMSS,5DOAN,MTAN,THZPSN,AGM4PH,PUNP2,PUNP6,NALN6,AGM3PH,FEDCabc,AGMH,AHCYSNS,THZSN,DXHPScmc,DOLASNTc,lipid4,SMS21enhs,DAGAH_DHA_DHA_c,PCD5DS_MYRS_EPA_sn2_c,PCD12DS_LNA_STC_sn1_c,PCD6DS_LNA_GLNA_sn2_c,PCD6DS_STC_GLNA_sn2_c,,,,,,,,,,,,,,,,,,,,,,,,,,,,,,,,,,,,,,,,,,,,,,,,,,,,,,,,,,,,,,,
PreichenowiG01,DES_9,LIPOS,DXHPScm,ADSHm,APAPTm,CRNCARtm,DOLASNT,CBFCc,FAS260_ap,FACOAL160t2pp_ap,FACOAL60t2pp_ap,FACOAL80t2pp_ap,FACOAL141t2pp_ap,FACOAL161t2pp_ap,FACOAL140t2pp_ap,FACOAL180t2pp_ap,FACOAL100t2pp_ap,FACOAL120t2pp_ap,FACOAL181t2pp_ap,PUNP2,THZPSN_mt2,THZPSNm,LCAT1e,CPPPGO_ap,HMBS_ap,GHMT2r_ap,CBFC2pp,,,,,,,,,,,,,,,,,,,,,,,,,,,,,,,,,,,,,,,,,,,,,,,,,,,,,,,,,
PrelictumSGS1-like,DES_9,LIPOS,DXHPScm,FECOSTESTH_SC,ADSHm,APAPTm,CRNCARtm,EPISTESTH_SC,THZPSN_mt2,THZPSNm,FAS260_ap,CPPPGO_ap,FACOAL160t2pp_ap,FACOAL60t2pp_ap,FACOAL80t2pp_ap,FACOAL141t2pp_ap,FACOAL161t2pp_ap,FACOAL140t2pp_ap,FACOAL180t2pp_ap,FACOAL100t2pp_ap,FACOAL120t2pp_ap,FACOAL181t2pp_ap,PUNP2,HMBS_ap,LCAT1e,GHMT2r_ap,,,,,,,,,,,,,,,,,,,,,,,,,,,,,,,,,,,,,,,,,,,,,,,,,,,,,,,,,,
no_ortho_PgaboniSY75,DES_9,LIPOS,DXHPScm,CITALOR,ADSHm,APAPTm,APCS,SPRMS,DMCITALOR,DOLASNT,CBFCc,PLDAGAT_EPA_EPA_LNA_PC_4_c,PLDAGAT_HDE_ARA_ARA_PE_15_c,PLDAGAT_HDE_EPA_LNA_PC_4_c,PLDAGAT_DHA_EPA_ARA_PC_3_c,PLDAGAT_HDE_ARA_HDE_PC_2_c,PLDAGAT_EPA_EPA_LNA_PC_3_c,DAGAH_PALM_DHA_c,PLDAGAT_MYRS_EPA_ARA_PE_15_c,PLDAGAT_HDE_EPA_GLNA_PC_2_c,AGAT_LLA,,,,,,,,,,,,,,,,,,,,,,,,,,,,,,,,,,,,,,,,,,,,,,,,,,,,,,,,,,,,,,,
PfalciparumGN01,DES_9,LIPOS,DXHPScm,ORNTArm,ADSHm,APAPTm,CRNCARtm,DOLASNT,HCGALm,FAS260_ap,FACOAL160t2pp_ap,FACOAL60t2pp_ap,FACOAL80t2pp_ap,FACOAL141t2pp_ap,FACOAL161t2pp_ap,FACOAL140t2pp_ap,FACOAL180t2pp_ap,FACOAL100t2pp_ap,FACOAL120t2pp_ap,FACOAL181t2pp_ap,PUNP2,LCAT1e,THZPSN_mt2,THZPSNm,CPPPGO_ap,HMBS_ap,GHMT2r_ap,AKGt2n,,,,,,,,,,,,,,,,,,,,,,,,,,,,,,,,,,,,,,,,,,,,,,,,,,,,,,,,
Pvinckeivinckeivinckei,THZPSN,DLYSOXGAT,DES_9,LIPOS,DXHPScm,DHORD2,CDPDGPm_SC,PCDAGAT,ADSHm,APAPTm,CRNCARtm,DOLASNT,CBFCc,THZPSNm,THZPSN_mt2,FACOAL160t2pp_ap,FACOAL80t2pp_ap,FACOAL141t2pp_ap,FACOAL161t2pp_ap,FACOAL140t2pp_ap,FACOAL180t2pp_ap,FACOAL100t2pp_ap,FACOAL120t2pp_ap,FACOAL181t2pp_ap,FACOAL60t2pp_ap,GHMT2r_ap,LCAT1e,PUNP2,DOLASNT_pf,CPPPGO_ap,FAS260_ap,HMBS_ap,,,,,,,,,,,,,,,,,,,,,,,,,,,,,,,,,,,,,,,,,,,,,,,,,,,,
no_ortho_EhellemATCC50504,THZPSN,HYDFDN,HYDFDi,DIPS,PLBPC_SC,FEDCabc,FE3DCITabcppc,OHPHM6nc,DXHPScmc,,,,,,,,,,,,,,,,,,,,,,,,,,,,,,,,,,,,,,,,,,,,,,,,,,,,,,,,,,,,,,,,,,,,,,,,,,,
PknowlesiH,DES_9,LIPOS,DXHPScm,ERGSTESTH_SC,FECOSTESTH_SC,ADSHm,APAPTm,CRNCARtm,EPISTESTH_SC,DOLASNT,THZPSN_mt2,THZPSNm,FAS260_ap,CPPPGO_ap,FACOAL181t2pp_ap,FACOAL160t2pp_ap,FACOAL60t2pp_ap,FACOAL80t2pp_ap,FACOAL141t2pp_ap,FACOAL161t2pp_ap,FACOAL140t2pp_ap,FACOAL180t2pp_ap,FACOAL100t2pp_ap,FACOAL120t2pp_ap,PUNP2,LCAT1e,HMBS_ap,GHMT2r_ap,,,,,,,,,,,,,,,,,,,,,,,,,,,,,,,,,,,,,,,,,,,,,,,,,,,,,,,,
no_ortho_PfalciparumKE01,DES_9,LIPOS,ADSHm,APAPTm,APCS,CRNCARtm,SPRMS,DOLASNT,,,,,,,,,,,,,,,,,,,,,,,,,,,,,,,,,,,,,,,,,,,,,,,,,,,,,,,,,,,,,,,,,,,,,,,,,,,,
no_ortho_SneuronaSN3,THZPSN,PSERDm_SC,DLYSOXGAT,DES_9,ACSERSULLm,LIPOS,DHORD2,ACSERLm,ALASm,POLYAO,THZSN,DOLASNT,,,,,,,,,,,,,,,,,,,,,,,,,,,,,,,,,,,,,,,,,,,,,,,,,,,,,,,,,,,,,,,,,,,,,,,,
no_ortho_PbillcollinsiG01,DES_9,LIPOS,DXHPScm,CITALOR,ADSHm,APAPTm,APCS,CRNCARtm,SPRMS,DMCITALOR,DOLASNT,CBFCc,,,,,,,,,,,,,,,,,,,,,,,,,,,,,,,,,,,,,,,,,,,,,,,,,,,,,,,,,,,,,,,,,,,,,,,,
no_ortho_GintestinalisAssemblageBGS_B,PUNP4,THZPSN,PUNP6,THZSN,DXHPScmc,DOLASNTc,FE3DCITabcppc,,,,,,,,,,,,,,,,,,,,,,,,,,,,,,,,,,,,,,,,,,,,,,,,,,,,,,,,,,,,,,,,,,,,,,,,,,,,,
no_ortho_NparisiiERTm3,THZPSN,LNS14DM,4M2OPLOXRD,PDHa,AOXSr2,AOXSr,PCDAGAT,SERPT,OIVD1r,OIVD2,OBDHc,FEDCabc,THZPSN3,3M2OBLOXRD,3M2OPLOXRD,OIVD3,PFOR,SHSL2,DOLASNTc,ALASmc,DXHPScmc,,,,,,,,,,,,,,,,,,,,,,,,,,,,,,,,,,,,,,,,,,,,,,,,,,,,,,,,,,,,,,,
no_ortho_TvivaxY486,THZPSN,DES_9,ACSERSULLm,LIPOS,PMEACPE,PCDAGAT,DES_15,APAPTm,ACSERLm,DOLASNT_c,,,,,,,,,,,,,,,,,,,,,,,,,,,,,,,,,,,,,,,,,,,,,,,,,,,,,,,,,,,,,,,,,,,,,,,,,,
no_ortho_PreichenowiG01,DES_9,LIPOS,DXHPScm,ADSHm,APAPTm,APCS,CRNCARtm,SPRMS,DOLASNT,CBFCc,PLDAGAT_DHA_EPA_ARA_PC_2_c,PLDAGAT_MYRS_EPA_LNA_PC_1_c,PLDAGAT_HDE_EPA_LNA_PC_1_c,DAGAH_EPA_ARA_c,PLA2PE_DHA_EPA_c,PLDAGAT_HDE_EPA_DHA_PE_15_c,PLDAGAT_HDE_ARA_ARA_PC_2_c,PLDAGAT_DHA_EPA_ARA_PC_4_c,PLDAGAT_HDE_EPA_LNA_PC_2_c,PLDAGAT_HDE_EPA_DHA_PE_11_c,PLA2PC_STC_ARA_c,,,,,,,,,,,,,,,,,,,,,,,,,,,,,,,,,,,,,,,,,,,,,,,,,,,,,,,,,,,,,,,
PfragileNilgiri,DES_9,LIPOS,DXHPScm,ADSHm,APAPTm,CRNCARtm,DOLASNT,CBFCc,FAH120c,FAH160c,FAH1829Z12Zc,FAH140c,FAH1819Zc,CPPPGO_ap,THZPSN_mt2,THZPSNm,GHMT2r_ap,FACOAL160t2pp_ap,FACOAL60t2pp_ap,FACOAL80t2pp_ap,FACOAL141t2pp_ap,FACOAL161t2pp_ap,FACOAL140t2pp_ap,FACOAL180t2pp_ap,FACOAL100t2pp_ap,FACOAL120t2pp_ap,FACOAL181t2pp_ap,FAS260_ap,PUNP2,HMBS_ap,LCAT1e,,,,,,,,,,,,,,,,,,,,,,,,,,,,,,,,,,,,,,,,,,,,,,,,,,,,,
no_ortho_Chominis30976,THZPSN,FAS141ACPm,FAS181ACPm,PSERDm_SC,SUCFUMtm,PTOR,CLPNS2_BS,HKNTDH,DXHPScm,FAS160ACPm,FAS182ACPm,OAAICITtm,FAS120ACPm,FAS140ACPm,FAS180ACPm,FAS80ACPm_L,ADSHm,CRNCARtm,FAS100ACPm,FAS161ACPm,THZSN,DOLASNT,,,,,,,,,,,,,,,,,,,,,,,,,,,,,,,,,,,,,,,,,,,,,,,,,,,,,,,,,,,,,,
no_ortho_TannulataAnkara,THZPSN,DLYSOXGAT,NOS,NOS2_1,CITALOR,THZSN,DMCITALOR,DXHPScmc,DAGAH_MYRS_DHA_c,PCW3DS_STC_ETA_sn2_c,DAGAH_DHA_EPA_c,PCW3DS_LNA_ALNA_sn2_c,PCW3DS_DHA_ALNA_sn2_c,PLDAGAT_OLE_EPA_DHA_PE_15_c,PLDAGAT_HDE_HDE_HDE_PE_15_c,PCD5DS_DHA_EPA_sn2_c,DAGAH_DHA_DHA_c,,,,,,,,,,,,,,,,,,,,,,,,,,,,,,,,,,,,,,,,,,,,,,,,,,,,,,,,,,,,,,,,,,,
no_ortho_EdisparSAW760,5DOAN,MTAN,THZPSN,AGM4PH,PUNP2,PUNP6,NALN6,METGL,AGM3PH,AGMT,FEDCabc,ARGN_1,AGMH,AHCYSNS,THZSN,DXHPScmc,DOLASNTc,AHALc,FE3DCITabcppc,,,,,,,,,,,,,,,,,,,,,,,,,,,,,,,,,,,,,,,,,,,,,,,,,,,,,,,,,,,,,,,,,
PreichenowiCDC,DES_9,LIPOS,DXHPScm,ADSHm,APAPTm,CRNCARtm,DOLASNT,FAS260_ap,FACOAL160t2pp_ap,FACOAL60t2pp_ap,FACOAL80t2pp_ap,FACOAL141t2pp_ap,FACOAL161t2pp_ap,FACOAL140t2pp_ap,FACOAL180t2pp_ap,FACOAL100t2pp_ap,FACOAL120t2pp_ap,FACOAL181t2pp_ap,PUNP2,LCAT1e,THZPSN_mt2,THZPSNm,CPPPGO_ap,HMBS_ap,GHMT2r_ap,,,,,,,,,,,,,,,,,,,,,,,,,,,,,,,,,,,,,,,,,,,,,,,,,,,,,,,,,,,
PfalciparumDd2,DES_9,LIPOS,DXHPScm,ORNTArm,ADSHm,APAPTm,CRNCARtm,DOLASNT,HCGALm,FAS260_ap,FACOAL160t2pp_ap,FACOAL60t2pp_ap,FACOAL80t2pp_ap,FACOAL141t2pp_ap,FACOAL161t2pp_ap,FACOAL140t2pp_ap,FACOAL180t2pp_ap,FACOAL100t2pp_ap,FACOAL120t2pp_ap,FACOAL181t2pp_ap,PUNP2,LCAT1e,THZPSN_mt2,THZPSNm,CPPPGO_ap,HMBS_ap,GHMT2r_ap,,,,,,,,,,,,,,,,,,,,,,,,,,,,,,,,,,,,,,,,,,,,,,,,,,,,,,,,,
no_ortho_TgondiiVAND,THZPSN,DLYSOXGAT,DES_9,LIPOS,CPPPGOAN2,CPPPGO2,THZSN,DOLASNT,,,,,,,,,,,,,,,,,,,,,,,,,,,,,,,,,,,,,,,,,,,,,,,,,,,,,,,,,,,,,,,,,,,,,,,,,,,,
no_ortho_EnecatrixHoughton,THZPSN,ILETRSm,THRTRSm,4M2OPLOXRD,GCCa,DLYSOXGAT,PREPTHS2,MCBTS3,DES_9,FASC201ACP,ACSERSULLm,GLYTLm,PROAKGOX1,PBALm,AOXSr2,LYSDC,AOXSr,HBZOPT6m,HISTRSm,PHETRSm,KAS19SA,KAS20SA,UPPDC2,PREPTHS,PHYCBOXL,MCBTS2,MCBTS,MYCSacp58,MYCSacp56,MYCON4,FASm180,FASC221ACP,FASC240ACP,MATm,MG3A,ARGDC,LYSTRSm,HBZOPT6m_1,MYCON2,MYCON1,FASm3001,ALATL,ADSHm,ACSERLm,AKGDH,CPPPGO,THZPSN3,ALASm,ASPTRSm,3M2OBLOXRD,3M2OPLOXRD,PFOR,MYCSacp50,MYCON5,MYCON3,FASm340,OIVD3m,DOLASNT,MG3B,VALTRSm,RE2912M,HYDAm,ACLSa,SECYSTL,PLDAGAT_EPA_EPA_LNA_PC_8_c,PLDAGAT_EPA_EPA_LNA_PC_1_c,PLDAGAT_MYRS_ARA_HDE_PC_5_c,PLDAGAT_PALM_EPA_EPA_PC_8_c,PLDAGAT_PALM_EPA_EPA_PE_11_c,PLDAGAT_EPA_EPA_ARA_PC_3_c,PLDAGAT_PALM_HDE_HDE_PE_11_c,PLDAGAT_MYRS_EPA_LNA_PE_11_c,PLDAGAT_HDE_MYRS_HDE_PC_7_c,PLDAGAT_MYRS_ARA_HDE_PE_11_c,PLDAGAT_HDE_HDE_LNA_PC_3_c,PLDAGAT_HDE_EPA_EPA_PC_8_c,PLDAGAT_MYRS_EPA_DHA_PC_3_c,PLDAGAT_PALM_PALM_LNA_PC_3_c,PLDAGAT_MYRS_EPA_DHA_PE_11_c,,,,,
no_ortho_AalgeraePRA109,ACONMT,THZPSN,PC6YM,CPC6MT,DIPS,LNS14DMx,FEDCabc,THZSN,OHPHM6nc,DXHPScmc,,,,,,,,,,,,,,,,,,,,,,,,,,,,,,,,,,,,,,,,,,,,,,,,,,,,,,,,,,,,,,,,,,,,,,,,,,
no_ortho_EcanceriGB1,THZPSN,DIPS,LNS14DMx,FEDCabc,THZSN,DXHPScmc,PCD4DS_OLE_DHA_sn2_c,PLDAGAT_HDE_MYRS_LNA_PC_7_c,PLDPC_HDE_GLNA_c,PLDPE_HDE_GLNA_c,PCD4DS_EPA_DHA_sn2_c,DAGAH_EPA_DHA_c,PLDAGAT_HDE_MYRS_LNA_PE_16_c,PLDAGAT_PALM_PALM_LNA_PE_16_c,,,,,,,,,,,,,,,,,,,,,,,,,,,,,,,,,,,,,,,,,,,,,,,,,,,,,,,,,,,,,,,,,,,,,,
PblacklockiG01,DES_9,LIPOS,DXHPScm,ORNTArm,CITALOR,ADSHm,APAPTm,CRNCARtm,DMCITALOR,DOLASNT,HCGALm,CBFCc,FAS260_ap,FACOAL160t2pp_ap,FACOAL80t2pp_ap,FACOAL141t2pp_ap,FACOAL161t2pp_ap,FACOAL140t2pp_ap,FACOAL180t2pp_ap,FACOAL100t2pp_ap,FACOAL120t2pp_ap,FACOAL181t2pp_ap,FACOAL60t2pp_ap,PUNP2,LCAT1e,THZPSNm,THZPSN_mt2,CPPPGO_ap,HMBS_ap,GHMT2r_ap,PLA2PC_OLE_ARA_c,,,,,,,,,,,,,,,,,,,,,,,,,,,,,,,,,,,,,,,,,,,,,,,,,,,,,
no_ortho_BmicrotiRI,PUNP1,PUNP4,PUNP5,THZPSN,PUNP2,PUNP6,PUNP8,PUNP3,ORPT,PUNP7,THZSN,DXHPScmc,,,,,,,,,,,,,,,,,,,,,,,,,,,,,,,,,,,,,,,,,,,,,,,,,,,,,,,,,,,,,,,,,,,,,,,,
no_ortho_BsaltansLakeKonstanz,THZPSN,ARMT,FAS141ACPm,FAS181ACPm,URFGTT,C190cSN,DES_9,AGM4PH,LIPOS,FAS182ACPm,SAM24MT,AGM3PH,DHORD2,PMEACPE,DIPS,FAS180ACPm,NNDPRm,NNMT,PCDAGAT,APAPTm,APCS,FAS161ACPm,SPRMS,DES_6,DES_6B,MPBQ,DOLASNT,OHPHM6nc,GGCHLDAR,,,,,,,,,,,,,,,,,,,,,,,,,,,,,,,,,,,,,,,,,,,,,,,,,,,,,,,
no_ortho_PfalciparumSN01,DES_9,LIPOS,ADSHm,APAPTm,APCS,CRNCARtm,SPRMS,DOLASNT,PUNP2,,,,,,,,,,,,,,,,,,,,,,,,,,,,,,,,,,,,,,,,,,,,,,,,,,,,,,,,,,,,,,,,,,,,,,,,,,,
no_ortho_LbraziliensisMHOMBR75M2903,THZPSN,DES_9,ACSERSULLm,LIPOS,APAPTm,ACSERLm,NPPDO,DES_6,DES_6B,DOLASNT,PLDAGAT_PALM_EPA_DHA_PE_12_c,PLDAGAT_EPA_EPA_LNA_PE_16_c,PLDAGAT_PALM_EPA_LNA_PC_1_c,PLDAGAT_HDE_MYRS_LNA_PE_16_c,PLDAGAT_PALM_EPA_LNA_PE_13_c,PLDAGAT_LNA_EPA_LNA_PC_1_c,PLDAGAT_EPA_EPA_LNA_PC_6_c,PLA2PE_STC_EPA_c,,,,,,,,,,,,,,,,,,,,,,,,,,,,,,,,,,,,,,,,,,,,,,,,,,,,,,,,,,,,,,,,,,
no_ortho_TgondiiRH,AKGDm,DNDPt40m,DNDPt54m,,,,,,,,,,,,,,,,,,,,,,,,,,,,,,,,,,,,,,,,,,,,,,,,,,,,,,,,,,,,,,,,,,,,,,,,,,,,,,,,,
no_ortho_EcuniculiEC2,THZPSN,DIPS,PLBPC_SC,FEDCabc,SHSL2,OHPHM6nc,DXHPScmc,,,,,,,,,,,,,,,,,,,,,,,,,,,,,,,,,,,,,,,,,,,,,,,,,,,,,,,,,,,,,,,,,,,,,,,,,,,,,
no_ortho_PfalciparumDd2,DES_9,LIPOS,ADSHm,APAPTm,APCS,CRNCARtm,SPRMS,DOLASNT,,,,,,,,,,,,,,,,,,,,,,,,,,,,,,,,,,,,,,,,,,,,,,,,,,,,,,,,,,,,,,,,,,,,,,,,,,,,
no_ortho_LmajorSD75,THZPSN,ACSERSULLm,LIPOS,PAPSR,HADPCOADH,APAPTm,ACSERLm,PAPSR2,THZSN,DES_6,DES_6B,DOLASNT,PLDAGAT_MYRS_EPA_DHA_PE_13_c,PLDAGAT_HDE_HDE_HDE_PE_12_c,PLDAGAT_DHA_EPA_DHA_PE_12_c,PLDAGAT_HDE_ARA_HDE_PE_13_c,IDL_HSDEGnhs,PLDAGAT_HDE_HDE_HDE_PE_13_c,PLDAGAT_LNA_EPA_LNA_PE_14_c,PLDAGAT_PALM_PALM_LNA_PE_11_c,PLDAGAT_MYRS_EPA_DHA_PE_12_c,DAGAH_HDE_DHA_c,PLDAGAT_HDE_ARA_HDE_PC_8_c,PLDAGAT_PALM_EPA_DHA_PE_13_c,PLDAGAT_LNA_EPA_LNA_PE_12_c,PLDAGAT_PALM_PALM_LNA_PE_12_c,PLDAGAT_PALM_EPA_LNA_PC_5_c,CDGS1,LDL_HSDEGnhs,PLDAGAT_EPA_EPA_DHA_PE_11_c,,,,,,,,,,,,,,,,,,,,,,,,,,,,,,,,,,,,,,,,,,,,,,,,,,,,,,
no_ortho_SneuronaSOSN1,THZPSN,PSERDm_SC,DLYSOXGAT,DES_9,ACSERSULLm,LIPOS,ACSERLm,MECDPDH5,ALASm,POLYAO,THZSN,DOLASNT,HDSc,,,,,,,,,,,,,,,,,,,,,,,,,,,,,,,,,,,,,,,,,,,,,,,,,,,,,,,,,,,,,,,,,,,,,,,
no_ortho_Bdivergens1802A,THZPSN,PAPSR,PAPSR2,THZSN,CBFCc,DXHPScmc,DOLASNTc,,,,,,,,,,,,,,,,,,,,,,,,,,,,,,,,,,,,,,,,,,,,,,,,,,,,,,,,,,,,,,,,,,,,,,,,,,,,,
no_ortho_TgondiiME49,THZPSN,PSERDm_SC,LIPOS,CPPPGOAN2,CPPPGO2,ALASm,THZSN,DOLASNT,,,,,,,,,,,,,,,,,,,,,,,,,,,,,,,,,,,,,,,,,,,,,,,,,,,,,,,,,,,,,,,,,,,,,,,,,,,,
no_ortho_LspMARLEM2494,THZPSN,DES_9,ACSERSULLm,LIPOS,APAPTm,ACSERLm,THZSN,NPPDO,DES_6,DES_6B,DOLASNT,ACPSc,IDHPOXOXb,ACPpds,,,,,,,,,,,,,,,,,,,,,,,,,,,,,,,,,,,,,,,,,,,,,,,,,,,,,,,,,,,,,,,,,,,,,,
no_ortho_Candersoni30847,THZPSN,LNS14DM,PSERDm_SC,ORNTAC,PTOR,DXHPScm,GCC2bim,GCCbim,AMAOTr,ALASm,CRNCARtm,GLYCLm,DOLASNT,CLPNS160,CLPNS120,CLPNS161,CLPNS181,CLPNS140,CLPNS180,AHALc,PLDAGAT_DHA_EPA_ARA_PE_10_c,PLDPE_HDE_ARA_c,PLA2PE_EPA_DHA_c,PLDAGAT_MYRS_EPA_EPA_PE_11_c,PLDPE_STC_EPA_c,PLDAGAT_DHA_EPA_DHA_PE_14_c,PLDAGAT_MYRS_EPA_ARA_PE_10_c,PLDAGAT_DHA_EPA_ARA_PC_5_c,PLDAGAT_DHA_EPA_DHA_PE_9_c,PLDAGAT_MYRS_EPA_ARA_PE_11_c,PLDAGAT_MYRS_EPA_MYRS_PE_9_c,PLDAGAT_EPA_EPA_EPA_PC_8_c,PLDAGAT_PALM_EPA_EPA_PE_9_c,,,,,,,,,,,,,,,,,,,,,,,,,,,,,,,,,,,,,,,,,,,,,,,,,,,
no_ortho_GintestinalisAssemblageAWB,THZPSN,THZSN,DXHPScmc,DOLASNTc,,,,,,,,,,,,,,,,,,,,,,,,,,,,,,,,,,,,,,,,,,,,,,,,,,,,,,,,,,,,,,,,,,,,,,,,,,,,,,,,
no_ortho_PcynomolgiM,DES_9,LIPOS,DXHPScm,CDPDGPm_SC,ADSHm,APAPTm,APCS,CRNCARtm,SPRMS,DOLASNT,,,,,,,,,,,,,,,,,,,,,,,,,,,,,,,,,,,,,,,,,,,,,,,,,,,,,,,,,,,,,,,,,,,,,,,,,,
no_ortho_PyoeliiyoeliiYM,THZPSN,DES_9,LIPOS,DXHPScm,CDPDGPm_SC,PCDAGAT,ADSHm,APAPTm,APCS,CRNCARtm,SPRMS,DOLASNT,3OAS140_ap,,,,,,,,,,,,,,,,,,,,,,,,,,,,,,,,,,,,,,,,,,,,,,,,,,,,,,,,,,,,,,,,,,,,,,,
PfalciparumKH02,DES_9,LIPOS,DXHPScm,ORNTArm,ADSHm,APAPTm,CRNCARtm,DOLASNT,HCGALm,FAS260_ap,FACOAL160t2pp_ap,FACOAL60t2pp_ap,FACOAL80t2pp_ap,FACOAL141t2pp_ap,FACOAL161t2pp_ap,FACOAL140t2pp_ap,FACOAL180t2pp_ap,FACOAL100t2pp_ap,FACOAL120t2pp_ap,FACOAL181t2pp_ap,PUNP2,LCAT1e,THZPSN_mt2,THZPSNm,CPPPGO_ap,HMBS_ap,GHMT2r_ap,,,,,,,,,,,,,,,,,,,,,,,,,,,,,,,,,,,,,,,,,,,,,,,,,,,,,,,,,
no_ortho_EhistolyticaHM1IMSS-B,5DOAN,MTAN,THZPSN,PUNP2,PUNP6,NALN6,FEDCabc,AHCYSNS,THZSN,DXHPScmc,DOLASNTc,MG3Ac,lipid4,,,,,,,,,,,,,,,,,,,,,,,,,,,,,,,,,,,,,,,,,,,,,,,,,,,,,,,,,,,,,,,,,,,,,,,
no_ortho_VcorneaeATCC50505,THZPSN,4M2OPLOXRD,PDHa,AOXSr,DIPS,LNS14DMx,SERPT,OIVD1r,OIVD2,OBDHc,FEDCabc,THZPSN3,3M2OBLOXRD,3M2OPLOXRD,OIVD3,FE3DCITabcppc,PSERDv_SCc,PSERDg_SCc,DXHPScmc,OHPHM6nc,,,,,,,,,,,,,,,,,,,,,,,,,,,,,,,,,,,,,,,,,,,,,,,,,,,,,,,,,,,,,,,,
no_ortho_Pgallinaceum8A,DES_9,LIPOS,DXHPScm,PCDAGAT,ADSHm,APAPTm,CRNCARtm,DOLASNT,,,,,,,,,,,,,,,,,,,,,,,,,,,,,,,,,,,,,,,,,,,,,,,,,,,,,,,,,,,,,,,,,,,,,,,,,,,,
no_ortho_MdaphniaeUGP3,PUNP4,TMDPP,THZPSN,LNS14DM,PLDAGAT16018111Z1819Z2,PLDAGAT16018111Z1819Z4,PLDAGAT1601819Z1601,PLDAGAT1601819Z18111Z1,PLDAGAT1601819Z1819Z3,PLDAGAT1601819Z1819Z4,PLDAGAT18111Z1819Z1601,PLDAGAT18111Z1819Z1602,PLDAGAT18111Z1819Z18111Z1,PLDAGAT1819Z18111Z1601,PLDAGAT1819Z18111Z1819Z1,PLDAGAT1819Z18111Z1819Z4,PLDAGAT1819Z1819Z18111Z1,PLDAGAT1819Z1819Z18111Z2,PLDAGAT1819Z1819Z18111Z3,LIPOS,PUNP6,PLDAGAT16018111Z1601,PLDAGAT16018111Z1602,PLDAGAT1601819Z18111Z2,PLDAGAT1601819Z18111Z3,PLDAGAT1801819Z18111Z1,PLDAGAT1801819Z1819Z3,PLDAGAT18111Z18111Z1601,PLDAGAT18111Z18111Z18111Z2,PLDAGAT18111Z18111Z1819Z4,PLDAGAT18111Z1819Z1819Z1,PLDAGAT18111Z1819Z1819Z3,PLDAGAT18111Z1819Z1819Z4,PLDAGAT1819Z18111Z1819Z2,PLDAGAT1819Z1819Z1601,PLDAGAT1819Z1819Z1819Z1,PLDAGAT1819Z1819Z1819Z2,PLDAGAT1819Z1819Z1819Z3,PLDAGAT1819Z1819Z1819Z4,LNS14DMx,PLDAGAT16018111Z18111Z1,PLDAGAT16018111Z18111Z2,PLDAGAT16018111Z1819Z3,PLDAGAT1801819Z1819Z2,PLDAGAT18111Z18111Z1819Z3,PLDAGAT18111Z1819Z18111Z2,PLDAGAT18111Z1819Z18111Z3,PLDAGAT1819Z18111Z1602,PLDAGAT1819Z18111Z18111Z1,PLDAGAT1819Z18111Z18111Z3,PLDAGAT1819Z18111Z1819Z3,BC10_new,THZSN,HOXG,PLDAGAT16018111Z18111Z3,PLDAGAT16018111Z1819Z1,PLDAGAT1601819Z1602,PLDAGAT1601819Z1819Z1,PLDAGAT1601819Z1819Z2,PLDAGAT1801819Z1601,PLDAGAT1801819Z1602,PLDAGAT1801819Z18111Z2,PLDAGAT1801819Z18111Z3,PLDAGAT1801819Z1819Z1,PLDAGAT1801819Z1819Z4,PLDAGAT18111Z18111Z1602,PLDAGAT18111Z18111Z18111Z1,PLDAGAT18111Z18111Z18111Z3,PLDAGAT18111Z18111Z1819Z1,PLDAGAT18111Z18111Z1819Z2,PLDAGAT18111Z1819Z1819Z2,PLDAGAT1819Z18111Z18111Z2,PLDAGAT1819Z1819Z1602,CBFCc,DXHPScmc,DOLASNTc,FAH140c,FAH1819Zc,FAH120c,FAH160c,FAH1829Z12Zc,FTCL,ME2m,ARGNm
no_ortho_CparvumIowaII,THZPSN,FAS141ACPm,FAS181ACPm,PSERDm_SC,CLPNS2_BS,DXHPScm,FAS160ACPm,FAS182ACPm,FAS120ACPm,FAS140ACPm,FAS180ACPm,FAS80ACPm_L,ADSHm,FAS100ACPm,FAS161ACPm,THZSN,DOLASNT,MMSAD1m,GLUDC_m,,,,,,,,,,,,,,,,,,,,,,,,,,,,,,,,,,,,,,,,,,,,,,,,,,,,,,,,,,,,,,,,,
no_ortho_NfowleriATCC30863,AGM4PH,LIPOS,NALN6,GALMAN4,SAGH,AGM3PH,AMAOTr,GALMAN6,POLYAO,DES_6,DES_6B,MM3c,MM2c,SGHBc,,,,,,,,,,,,,,,,,,,,,,,,,,,,,,,,,,,,,,,,,,,,,,,,,,,,,,,,,,,,,,,,,,,,,,
no_ortho_TgrayiANR4,THZPSN,FAS141ACPm,FAS181ACPm,DLYSOXGAT,DES_9,ACSERSULLm,LIPOS,FAS182ACPm,FAS180ACPm,APAPTm,ACSERLm,APCS,FAS161ACPm,SPRMS,DES_6,DES_6B,DOLASNT,CYANSTm,PLDAGAT_OLE_PALM_HDE_PE_9_c,DAGAH_PALM_DHA_c,PLDAGAT_LNA_EPA_LNA_PC_4_c,PE224_HSPLA2nhs,PLDAGAT_LNA_EPA_LNA_PE_15_c,PLDAGAT_HDE_MYRS_LNA_PC_2_c,PLDAGAT_HDE_EPA_HDE_PC_1_c,PLDAGAT_OLE_PALM_HDE_PC_4_c,PLDAGAT_PALM_EPA_LNA_PC_1_c,DAGAH_MYRS_DHA_c,PLDAGAT_EPA_EPA_LNA_PC_2_c,PLDAGAT_EPA_EPA_LNA_PE_15_c,PLDAGAT_EPA_EPA_DHA_PC_1_c,PLDAGAT_HDE_HDE_LNA_PE_15_c,PLA2PE_EPA_DHA_c,,,,,,,,,,,,,,,,,,,,,,,,,,,,,,,,,,,,,,,,,,,,,,,,,,,
no_ortho_LbraziliensisMHOMBR75M2904,THZPSN,DES_9,ACSERSULLm,LIPOS,APAPTm,ACSERLm,NPPDO,DES_6,DES_6B,DOLASNT,,,,,,,,,,,,,,,,,,,,,,,,,,,,,,,,,,,,,,,,,,,,,,,,,,,,,,,,,,,,,,,,,,,,,,,,,,
no_ortho_PfalciparumHB3,DES_9,LIPOS,ADSHm,APAPTm,APCS,CRNCARtm,SPRMS,DOLASNT,,,,,,,,,,,,,,,,,,,,,,,,,,,,,,,,,,,,,,,,,,,,,,,,,,,,,,,,,,,,,,,,,,,,,,,,,,,,
no_ortho_EcuniculiGBM1,THZPSN,DIPS,PLBPC_SC,FEDCabc,SHSL2,DXHPScmc,OHPHM6nc,,,,,,,,,,,,,,,,,,,,,,,,,,,,,,,,,,,,,,,,,,,,,,,,,,,,,,,,,,,,,,,,,,,,,,,,,,,,,
no_ortho_TgondiiTgCatPRC2,THZPSN,PSERDm_SC,DLYSOXGAT,DES_9,LIPOS,CPPPGOAN2,DHORD2,CPPPGO2,ALASm,THZSN,DOLASNT,,,,,,,,,,,,,,,,,,,,,,,,,,,,,,,,,,,,,,,,,,,,,,,,,,,,,,,,,,,,,,,,,,,,,,,,,
PknowlesiMalayanPk1A,DES_9,LIPOS,DXHPScm,ERGSTESTH_SC,FECOSTESTH_SC,ADSHm,APAPTm,EPISTESTH_SC,DOLASNT,CBFCc,THZPSN_mt2,THZPSNm,FAS260_ap,FACOAL160t2pp_ap,FACOAL60t2pp_ap,FACOAL80t2pp_ap,FACOAL141t2pp_ap,FACOAL161t2pp_ap,FACOAL140t2pp_ap,FACOAL180t2pp_ap,FACOAL100t2pp_ap,FACOAL120t2pp_ap,FACOAL181t2pp_ap,PUNP2,HMBS_ap,CPPPGO_ap,LCAT1e,GHMT2r_ap,PLDAGAT_PALM_EPA_DHA_PC_2_c,PLDAGAT_OLE_EPA_DHA_PC_2_c,PLDAGAT_PALM_PALM_GLNA_PE_15_c,PLDAGAT_HDE_MYRS_GLNA_PE_15_c,,,,,,,,,,,,,,,,,,,,,,,,,,,,,,,,,,,,,,,,,,,,,,,,,,,,
PfalciparumKE01,DES_9,LIPOS,DXHPScm,ORNTArm,ADSHm,APAPTm,CRNCARtm,DOLASNT,HCGALm,FAS260_ap,FACOAL160t2pp_ap,FACOAL60t2pp_ap,FACOAL80t2pp_ap,FACOAL141t2pp_ap,FACOAL161t2pp_ap,FACOAL140t2pp_ap,FACOAL180t2pp_ap,FACOAL100t2pp_ap,FACOAL120t2pp_ap,FACOAL181t2pp_ap,PUNP2,LCAT1e,THZPSN_mt2,THZPSNm,CPPPGO_ap,HMBS_ap,GHMT2r_ap,AKGt2n,,,,,,,,,,,,,,,,,,,,,,,,,,,,,,,,,,,,,,,,,,,,,,,,,,,,,,,,
no_ortho_TvaginalisG3,IG3PS,TMDPP,THZPSN,FUCASE2,AGM4PH,CHITPH,SAGH,AGM3PH,AMAOTr,PCDAGAT,AGMH,CDGS1,FUCASE,MM2c,DXHPScmc,DOLASNTc,MM3c,,,,,,,,,,,,,,,,,,,,,,,,,,,,,,,,,,,,,,,,,,,,,,,,,,,,,,,,,,,,,,,,,,,
no_ortho_LamazonensisMHOMBR71973M2269,THZPSN,DES_9,ACSERSULLm,LIPOS,PTHPS,APAPTm,ACSERLm,NPPDO,DES_6,DES_6B,DOLASNT,PLDAGAT_MYRS_EPA_ARA_PE_16_c,PLA2PE_DHA_DHA_c,DXS,DAGAH_DHA_DHA_c,DAGAH_DHA_ARA_c,PI45PLC_cho,,,,,,,,,,,,,,,,,,,,,,,,,,,,,,,,,,,,,,,,,,,,,,,,,,,,,,,,,,,,,,,,,,,
PadleriG01,DES_9,LIPOS,DXHPScm,DHORD2,CITALOR,ADSHm,APAPTm,CRNCARtm,DMCITALOR,DOLASNT,CBFCc,FAS260_ap,FACOAL181t2pp_ap,FACOAL160t2pp_ap,FACOAL60t2pp_ap,FACOAL80t2pp_ap,FACOAL141t2pp_ap,FACOAL161t2pp_ap,FACOAL140t2pp_ap,FACOAL180t2pp_ap,FACOAL100t2pp_ap,FACOAL120t2pp_ap,PUNP2,LCAT1e,THZPSN_mt2,THZPSNm,CPPPGO_ap,HMBS_ap,GHMT2r_ap,,,,,,,,,,,,,,,,,,,,,,,,,,,,,,,,,,,,,,,,,,,,,,,,,,,,,,,
no_ortho_EmitisHoughton,THZPSN,4M2OPLOXRD,C190cSN,KAS_HP2,PREPTHS2,MCBTS3,DES_9,TOCOPHOM1,TOCOPHOM2,FASC201ACP,ACSERSULLm,AOXSr2,AOXSr,UPPDC2,PREPTHS,MCBTS2,MCBTS,MYCSacp58,MYCSacp56,MYCON4,FASm180,FASC221ACP,FASC240ACP,ACSERSULL,AHSERL3,OHPHM,OPMEACPS,DIPS,MYCON2,MYCON1,FASm3001,G12MT4,ACSERLm,ADPDA,AKGDH,AMALT4,THZPSN3,ALASm,3M2OBLOXRD,3M2OPLOXRD,SLCYSS,KAS_HP,MYCSacp50,MYCON5,MYCON3,FASm340,FASm280,MPBQ,OIVD3m,DAPDA,FASC182ACP,BADP,DOLASNT,G12MT3,ACSERL,AHSERL4,AMETt2m,ACLSa,OHPHM6nc,CBFCc,,,,,,,,,,,,,,,,,,,,,,,,
PfalciparumSD01,DES_9,LIPOS,DXHPScm,ORNTArm,ADSHm,APAPTm,HCGALm,FAS260_ap,FACOAL160t2pp_ap,FACOAL60t2pp_ap,FACOAL80t2pp_ap,FACOAL141t2pp_ap,FACOAL161t2pp_ap,FACOAL140t2pp_ap,FACOAL180t2pp_ap,FACOAL100t2pp_ap,FACOAL120t2pp_ap,FACOAL181t2pp_ap,PUNP2,LCAT1e,THZPSN_mt2,THZPSNm,CPPPGO_ap,HMBS_ap,GHMT2r_ap,,,,,,,,,,,,,,,,,,,,,,,,,,,,,,,,,,,,,,,,,,,,,,,,,,,,,,,,,,,
no_ortho_TgondiiMAS,THZPSN,DLYSOXGAT,DES_9,LIPOS,CPPPGOAN2,DHORD2,CPPPGO2,THZSN,DOLASNT,,,,,,,,,,,,,,,,,,,,,,,,,,,,,,,,,,,,,,,,,,,,,,,,,,,,,,,,,,,,,,,,,,,,,,,,,,,
no_ortho_LtropicaL590,THZPSN,DES_9,ACSERSULLm,LIPOS,APAPTm,ACSERLm,ARGN_1,THZSN,DES_6,DES_6B,DOLASNT,ACPS,ACPSm,,,,,,,,,,,,,,,,,,,,,,,,,,,,,,,,,,,,,,,,,,,,,,,,,,,,,,,,,,,,,,,,,,,,,,,
no_ortho_EfalciformisBayerHaberkorn1970,THZPSN,PSERDm_SC,DLYSOXGAT,DES_9,LIPOS,MG3A,NOS,NOS2_1,ADSHm,ALASm,GLYCLm,POLYAO,THZSN,OIVD3m,DOLASNT,MG3B,ACSERSULLm,GRGTc,,,,,,,,,,,,,,,,,,,,,,,,,,,,,,,,,,,,,,,,,,,,,,,,,,,,,,,,,,,,,,,,,,
no_ortho_Pfalciparum3D7,DES_9,LIPOS,ADSHm,APAPTm,APCS,CRNCARtm,SPRMS,DOLASNT,,,,,,,,,,,,,,,,,,,,,,,,,,,,,,,,,,,,,,,,,,,,,,,,,,,,,,,,,,,,,,,,,,,,,,,,,,,,
no_ortho_PpraefalciparumG01,DES_9,LIPOS,DXHPScm,ADSHm,APAPTm,APCS,CRNCARtm,SPRMS,DOLASNT,CBFCc,PLA2PA_EPA_DHA_c,DAGAH_LNA_ARA_c,MOTH2,,,,,,,,,,,,,,,,,,,,,,,,,,,,,,,,,,,,,,,,,,,,,,,,,,,,,,,,,,,,,,,,,,,,,,,
no_ortho_LseymouriATCC30220,THZPSN,FAS141ACPm,FAS181ACPm,ACSERSULLm,LIPOS,FAS182ACPm,NALN6,FAS180ACPm,HADPCOADH,APAPTm,ACSERLm,FAS161ACPm,NPPDO,DES_6,DES_6B,,,,,,,,,,,,,,,,,,,,,,,,,,,,,,,,,,,,,,,,,,,,,,,,,,,,,,,,,,,,,,,,,,,,,
Pyoeliiyoelii17X,THZPSN,DES_9,LIPOS,DXHPScm,CDPDGPm_SC,PCDAGAT,ADSHm,APAPTm,CRNCARtm,DOLASNT,THZPSN_mt2,THZPSNm,FAS260_ap,HMBS_ap,DOLASNT_pf,CPPPGO_ap,PUNP2,FACOAL160t2pp_ap,FACOAL60t2pp_ap,FACOAL80t2pp_ap,FACOAL141t2pp_ap,FACOAL161t2pp_ap,FACOAL140t2pp_ap,FACOAL180t2pp_ap,FACOAL100t2pp_ap,FACOAL120t2pp_ap,FACOAL181t2pp_ap,LCAT1e,GHMT2r_ap,,,,,,,,,,,,,,,,,,,,,,,,,,,,,,,,,,,,,,,,,,,,,,,,,,,,,,,
no_ortho_PadleriG01,DES_9,LIPOS,DXHPScm,CITALOR,ADSHm,APAPTm,APCS,CRNCARtm,SPRMS,DMCITALOR,DOLASNT,CBFCc,,,,,,,,,,,,,,,,,,,,,,,,,,,,,,,,,,,,,,,,,,,,,,,,,,,,,,,,,,,,,,,,,,,,,,,,
no_ortho_TcruziCLBrenerEsmeraldo-like,THZPSN,FAS141ACPm,FAS181ACPm,DES_9,ACSERSULLm,LIPOS,FAS182ACPm,FAS180ACPm,DES_15,APAPTm,ACSERLm,FAS161ACPm,DOLASNT,,,,,,,,,,,,,,,,,,,,,,,,,,,,,,,,,,,,,,,,,,,,,,,,,,,,,,,,,,,,,,,,,,,,,,,
no_ortho_LarabicaLEM1108,THZPSN,DES_9,ACSERSULLm,LIPOS,APAPTm,ACSERLm,THZSN,DES_6,DES_6B,DOLASNT,,,,,,,,,,,,,,,,,,,,,,,,,,,,,,,,,,,,,,,,,,,,,,,,,,,,,,,,,,,,,,,,,,,,,,,,,,
no_ortho_Cubiquitum39726,THZPSN,CITtcm,FAS141ACPm,FAS181ACPm,LNS14DM,SUCFUMtm,PTOR,CLPNS2_BS,DXHPScm,FAS160ACPm,FAS182ACPm,FAS120ACPm,FAS140ACPm,FAS180ACPm,FAS80ACPm_L,ADSHm,CRNCARtm,FAS100ACPm,FAS161ACPm,THZSN,DOLASNT,AHALc,DAGAH_HDE_DHA_c,DAGAH_STC_ARA_c,DAGAH_PALM_ARA_c,PLDAGAT_PALM_PALM_LNA_PE_13_c,PLA2PC_PALM_ARA_c,PLDAGAT_EPA_EPA_ARA_PE_11_c,,,,,,,,,,,,,,,,,,,,,,,,,,,,,,,,,,,,,,,,,,,,,,,,,,,,,,,,
no_ortho_EromaleaeSJ2008,THZPSN,AOXSr2,HYDFDN,HYDFDi,DIPS,PLBPC_SC,DXHPScmc,OHPHM6nc,,,,,,,,,,,,,,,,,,,,,,,,,,,,,,,,,,,,,,,,,,,,,,,,,,,,,,,,,,,,,,,,,,,,,,,,,,,,
no_ortho_PfalciparumCD01,DES_9,LIPOS,ADSHm,APAPTm,APCS,CRNCARtm,SPRMS,DOLASNT,CBFCc,,,,,,,,,,,,,,,,,,,,,,,,,,,,,,,,,,,,,,,,,,,,,,,,,,,,,,,,,,,,,,,,,,,,,,,,,,,
no_ortho_TorientalisShintoku,THZPSN,NOS,NOS2_1,CITALOR,THZSN,DMCITALOR,DXHPScmc,PLDAGAT_DHA_EPA_ARA_PE_10_c,PI45PLC_cho,PLDAGAT_MYRS_EPA_EPA_PE_10_c,PCW3DS_MYRS_ETA_sn2_c,PIPLC_cho,PCW3DS_HDE_EPA_sn2_c,PLA2PC_HDE_ARA_c,PLDPC_PALM_ARA_c,,,,,,,,,,,,,,,,,,,,,,,,,,,,,,,,,,,,,,,,,,,,,,,,,,,,,,,,,,,,,,,,,,,,,
no_ortho_Pvivax-likePvl01,DES_9,LIPOS,DXHPScm,CDPDGPm_SC,ADSHm,APAPTm,APCS,CRNCARtm,SPRMS,DOLASNT,CBFCc,,,,,,,,,,,,,,,,,,,,,,,,,,,,,,,,,,,,,,,,,,,,,,,,,,,,,,,,,,,,,,,,,,,,,,,,,
no_ortho_EbrunettiHoughton,THZPSN,ORNTAC,DLYSOXGAT,DES_9,LIPOS,DXHPScm,MTAP,DHORD2,ADSHm,G12MT4,ALASm,OIVD3m,DOLASNT,G12MT3,ACSERSULLm,PCW3DS_HDE_EPA_sn2_c,ALCDH_nadp_hi,PCD5DS_EPA_EPA_sn2_c,AGAT_LLA,DGDGW6DS1829Z12Z1617Z,PCD12DS_LNA_STC_sn1_c,BCAROXR_h,ACPS2,,,,,,,,,,,,,,,,,,,,,,,,,,,,,,,,,,,,,,,,,,,,,,,,,,,,,,,,,,,,,
no_ortho_PfalciparumGN01,DES_9,LIPOS,ADSHm,APAPTm,APCS,CRNCARtm,SPRMS,DOLASNT,,,,,,,,,,,,,,,,,,,,,,,,,,,,,,,,,,,,,,,,,,,,,,,,,,,,,,,,,,,,,,,,,,,,,,,,,,,,
no_ortho_TcruziSylvioX10-1,THZPSN,FAS141ACPm,FAS181ACPm,URFGTT,OMBZLM6m,C190cSN,DES_9,ACSERSULLm,LIPOS,FAS182ACPm,PMEACPE,CDPDGPm_SC,FAS180ACPm,NNMT,DES_15,PNTEH,APAPTm,ACSERLm,OMBZLM,THZPSN3,3DH5HPBMTm,ALASm,FAS161ACPm,THZSN,OHPHM6nc,DAGAH_PALM_DHA_c,PLDAGAT_PALM_PALM_LNA_PC_4_c,PLDAGAT_OLE_PALM_HDE_PC_3_c,PLDAGAT_MYRS_EPA_LNA_PC_8_c,PLDAGAT_HDE_EPA_OLE_PC_3_c,PLDAGAT_PALM_EPA_LNA_PE_15_c,LDL_HSDEGnhs,DAGAH_OLE_DHA_c,PLA2PC_STC_DHA_c,PLDAGAT_OLE_HDE_OLE_PE_14_c,PLDAGAT_PALM_PALM_LNA_PC_3_c,PLDAGAT_HDE_EPA_EPA_PE_14_c,PLDAGAT_HDE_EPA_HDE_PC_3_c,DAGAH_LNA_DHA_c,PLDAGAT_MYRS_EPA_MYRS_PC_4_c,PLDAGAT_PALM_EPA_LNA_PC_7_c,HMR_0807nhs,lipid4,PLDAGAT_HDE_EPA_OLE_PC_7_c,PLDAGAT_EPA_EPA_ARA_PC_7_c,PLDAGAT_LNA_EPA_LNA_PC_4_c,PLDAGAT_EPA_EPA_ARA_PC_6_c,DAGAH_MYRS_EPA_c,PLDAGAT_OLE_PALM_HDE_PC_5_c,PLDAGAT_PALM_PALM_LNA_PC_6_c,DAGAH_MYRS_DHA_c,,,,,,,,,,,,,,,,,,,,,,,,,,,,,,,,,
no_ortho_EcuniculiEcunIII-L,THZPSN,DIPS,PLBPC_SC,FEDCabc,SHSL2,OHPHM6nc,DXHPScmc,,,,,,,,,,,,,,,,,,,,,,,,,,,,,,,,,,,,,,,,,,,,,,,,,,,,,,,,,,,,,,,,,,,,,,,,,,,,,
no_ortho_LmexicanaMHOMGT2001U1103,THZPSN,DES_9,ACSERSULLm,LIPOS,PTHPS,APAPTm,ACSERLm,NPPDO,DES_6,DES_6B,DOLASNT,HMR_6838,PLDPE_PALM_GLNA_c,PLPSD18111Z1835Z9Z12Z,TRIODTHYSULT,,,,,,,,,,,,,,,,,,,,,,,,,,,,,,,,,,,,,,,,,,,,,,,,,,,,,,,,,,,,,,,,,,,,,
no_ortho_EmaximaWeybridge,ACONMT,THZPSN,ARMT,URFGTT,TOCOPHOM1,TOCOPHOM2,LIPOS,SAM24MT,OHPHM,DIPS,OMBZLM,THZSN,MPBQ,BADP,DOLASNT,CGS_m,ACSERSULLm,DMTc,GRGTc,CBFCc,MALMDA,,,,,,,,,,,,,,,,,,,,,,,,,,,,,,,,,,,,,,,,,,,,,,,,,,,,,,,,,,,,,,,
no_ortho_BayalaiB08-376,THZPSN,PLDAGAT16018111Z1819Z2,PLDAGAT16018111Z1819Z4,PLDAGAT1601819Z1601,PLDAGAT1601819Z18111Z1,PLDAGAT1601819Z1819Z3,PLDAGAT1601819Z1819Z4,PLDAGAT18111Z1819Z1601,PLDAGAT18111Z1819Z1602,PLDAGAT18111Z1819Z18111Z1,PLDAGAT1819Z18111Z1601,PLDAGAT1819Z18111Z1819Z1,PLDAGAT1819Z18111Z1819Z4,PLDAGAT1819Z1819Z18111Z1,PLDAGAT1819Z1819Z18111Z2,PLDAGAT1819Z1819Z18111Z3,LIPOS,MIPC326PLC_SC,PLDAGAT16018111Z1601,PLDAGAT16018111Z1602,PLDAGAT1601819Z18111Z2,PLDAGAT1601819Z18111Z3,PLDAGAT1801819Z18111Z1,PLDAGAT1801819Z1819Z3,PLDAGAT18111Z18111Z1601,PLDAGAT18111Z18111Z18111Z2,PLDAGAT18111Z18111Z1819Z4,PLDAGAT18111Z1819Z1819Z1,PLDAGAT18111Z1819Z1819Z3,PLDAGAT18111Z1819Z1819Z4,PLDAGAT1819Z18111Z1819Z2,PLDAGAT1819Z1819Z1601,PLDAGAT1819Z1819Z1819Z1,PLDAGAT1819Z1819Z1819Z2,PLDAGAT1819Z1819Z1819Z3,PLDAGAT1819Z1819Z1819Z4,MIP2C326PLC_SC,MIPC324PLC_SC,PLDAGAT16018111Z18111Z1,PLDAGAT16018111Z18111Z2,PLDAGAT16018111Z1819Z3,PLDAGAT1801819Z1819Z2,PLDAGAT18111Z18111Z1819Z3,PLDAGAT18111Z1819Z18111Z2,PLDAGAT18111Z1819Z18111Z3,PLDAGAT1819Z18111Z1602,PLDAGAT1819Z18111Z18111Z1,PLDAGAT1819Z18111Z18111Z3,PLDAGAT1819Z18111Z1819Z3,APAPTm,MIP2C324PLC_SC,DES_6,DES_6B,PLDAGAT16018111Z18111Z3,PLDAGAT16018111Z1819Z1,PLDAGAT1601819Z1602,PLDAGAT1601819Z1819Z1,PLDAGAT1601819Z1819Z2,PLDAGAT1801819Z1601,PLDAGAT1801819Z1602,PLDAGAT1801819Z18111Z2,PLDAGAT1801819Z18111Z3,PLDAGAT1801819Z1819Z1,PLDAGAT1801819Z1819Z4,PLDAGAT18111Z18111Z1602,PLDAGAT18111Z18111Z18111Z1,PLDAGAT18111Z18111Z18111Z3,PLDAGAT18111Z18111Z1819Z1,PLDAGAT18111Z18111Z1819Z2,PLDAGAT18111Z1819Z1819Z2,PLDAGAT1819Z18111Z18111Z2,PLDAGAT1819Z1819Z1602,MEVK1x,FAO181p_even,FAOXC241181x,,,,,,,,,
no_ortho_TgondiiGT1,THZPSN,PSERDm_SC,DES_9,LIPOS,CPPPGOAN2,DHORD2,CPPPGO2,ALASm,THZSN,DOLASNT,,,,,,,,,,,,,,,,,,,,,,,,,,,,,,,,,,,,,,,,,,,,,,,,,,,,,,,,,,,,,,,,,,,,,,,,,,
no_ortho_LtarentolaeParrotTarII,THZPSN,ACSERSULLm,LIPOS,HADPCOADH,APAPTm,ACSERLm,THZSN,NPPDO,DES_6,DES_6B,DOLASNT,ACPSm,ACPS,,,,,,,,,,,,,,,,,,,,,,,,,,,,,,,,,,,,,,,,,,,,,,,,,,,,,,,,,,,,,,,,,,,,,,,
no_ortho_PfalciparumGB4,DES_9,LIPOS,ADSHm,APAPTm,APCS,CRNCARtm,SPRMS,DOLASNT,,,,,,,,,,,,,,,,,,,,,,,,,,,,,,,,,,,,,,,,,,,,,,,,,,,,,,,,,,,,,,,,,,,,,,,,,,,,
no_ortho_PovalecurtisiGH01,DES_9,LIPOS,DXHPScm,ADSHm,APAPTm,DOLASNT,CBFCc,PLDAGAT_DHA_EPA_DHA_PC_3_c,PLDAGAT_EPA_EPA_ARA_PC_3_c,PLDAGAT_EPA_EPA_ARA_PC_7_c,PLDAGAT_OLE_EPA_DHA_PC_6_c,PLDAGAT_MYRS_ARA_HDE_PC_6_c,PLDAGAT_EPA_EPA_DHA_PC_3_c,DAGAH_MYRS_EPA_c,,,,,,,,,,,,,,,,,,,,,,,,,,,,,,,,,,,,,,,,,,,,,,,,,,,,,,,,,,,,,,,,,,,,,,
PbergheiANKA,THZPSN,DLYSOXGAT,DES_9,LIPOS,DXHPScm,PCDAGAT,ADSHm,APAPTm,DOLASNT,THZPSN_mt2,THZPSNm,FAS260_ap,HMBS_ap,DOLASNT_pf,CPPPGO_ap,PUNP2,FACOAL160t2pp_ap,FACOAL60t2pp_ap,FACOAL80t2pp_ap,FACOAL141t2pp_ap,FACOAL161t2pp_ap,FACOAL140t2pp_ap,FACOAL180t2pp_ap,FACOAL100t2pp_ap,FACOAL120t2pp_ap,FACOAL181t2pp_ap,LCAT1e,GHMT2r_ap,PLDAGAT_LNA_EPA_LNA_PC_7_c,PLDAGAT_PALM_PALM_LNA_PC_5_c,PLA2PE_EPA_DHA_c,CRVS23M24hc,RE3033R,HMR_2942,PLDAGAT_EPA_EPA_DHA_PE_15_c,DAGAH_HDE_DHA_c,PLDAGAT_LNA_EPA_LNA_PC_1_c,PLDAGAT_MYRS_EPA_LNA_PE_13_c,PLDAGAT_LNA_EPA_LNA_PC_5_c,PLDAGAT_MYRS_EPA_LNA_PC_1_c,PLDAGAT_OLE_EPA_DHA_PE_14_c,PLDAGAT_HDE_HDE_LNA_PE_13_c,,,,,,,,,,,,,,,,,,,,,,,,,,,,,,,,,,,,,,,,,,
PinuiSanAntonio1,DES_9,LIPOS,DXHPScm,ERGSTESTH_SC,CDPDGPm_SC,FECOSTESTH_SC,ADSHm,APAPTm,CRNCARtm,EPISTESTH_SC,DOLASNT,CBFCc,FACOAL160t2pp_ap,FACOAL60t2pp_ap,FACOAL80t2pp_ap,FACOAL141t2pp_ap,FACOAL161t2pp_ap,FACOAL140t2pp_ap,FACOAL180t2pp_ap,FACOAL100t2pp_ap,FACOAL120t2pp_ap,FACOAL181t2pp_ap,LCAT1e,THZPSN_mt2,THZPSNm,FAS260_ap,CPPPGO_ap,HMBS_ap,GHMT2r_ap,,,,,,,,,,,,,,,,,,,,,,,,,,,,,,,,,,,,,,,,,,,,,,,,,,,,,,,
no_ortho_PvivaxSal1,DES_9,LIPOS,DXHPScm,CDPDGPm_SC,ADSHm,APAPTm,APCS,CRNCARtm,SPRMS,DOLASNT,ACCOAC_h,3OAR181_1,ARGDh,PLDPC_DHA_PALM_c,PLDAGAT_PALM_PALM_LNA_PC_7_c,PLDAGAT_PALM_PALM_LNA_PE_13_c,ATPM_h,DAGAH_DHA_DHA_c,,,,,,,,,,,,,,,,,,,,,,,,,,,,,,,,,,,,,,,,,,,,,,,,,,,,,,,,,,,,,,,,,,
no_ortho_PfalciparumIT,DES_9,LIPOS,ADSHm,APAPTm,APCS,CRNCARtm,SPRMS,DOLASNT,,,,,,,,,,,,,,,,,,,,,,,,,,,,,,,,,,,,,,,,,,,,,,,,,,,,,,,,,,,,,,,,,,,,,,,,,,,,
no_ortho_EnuttalliP19,5DOAN,MTAN,THZPSN,AGM4PH,PUNP2,PUNP6,NALN6,AGM3PH,ARGN_1,AGMH,AHCYSNS,THZSN,MG3Ac,DXHPScmc,DOLASNTc,ATPS_h,ATPSh,,,,,,,,,,,,,,,,,,,,,,,,,,,,,,,,,,,,,,,,,,,,,,,,,,,,,,,,,,,,,,,,,,,
PfalciparumGA01,DES_9,LIPOS,DXHPScm,ORNTArm,ADSHm,APAPTm,CRNCARtm,DOLASNT,HCGALm,FAS260_ap,FACOAL160t2pp_ap,FACOAL60t2pp_ap,FACOAL80t2pp_ap,FACOAL141t2pp_ap,FACOAL161t2pp_ap,FACOAL140t2pp_ap,FACOAL180t2pp_ap,FACOAL100t2pp_ap,FACOAL120t2pp_ap,FACOAL181t2pp_ap,PUNP2,LCAT1e,THZPSN_mt2,THZPSNm,CPPPGO_ap,HMBS_ap,GHMT2r_ap,,,,,,,,,,,,,,,,,,,,,,,,,,,,,,,,,,,,,,,,,,,,,,,,,,,,,,,,,
PpraefalciparumG01,DES_9,LIPOS,DXHPScm,ADSHm,APAPTm,CRNCARtm,DOLASNT,CBFCc,FAS260_ap,FACOAL160t2pp_ap,FACOAL60t2pp_ap,FACOAL80t2pp_ap,FACOAL141t2pp_ap,FACOAL161t2pp_ap,FACOAL140t2pp_ap,FACOAL180t2pp_ap,FACOAL100t2pp_ap,FACOAL120t2pp_ap,FACOAL181t2pp_ap,PUNP2,LCAT1e,THZPSN_mt2,THZPSNm,CPPPGO_ap,GHMT2r_ap,HMBS_ap,,,,,,,,,,,,,,,,,,,,,,,,,,,,,,,,,,,,,,,,,,,,,,,,,,,,,,,,,,
no_ortho_EhistolyticaKU27,5DOAN,MTAN,THZPSN,AGM4PH,PUNP2,NALN6,AGM3PH,AGMH,AHCYSNS,THZSN,DXHPScmc,DOLASNTc,,,,,,,,,,,,,,,,,,,,,,,,,,,,,,,,,,,,,,,,,,,,,,,,,,,,,,,,,,,,,,,,,,,,,,,,
