,0,1,2,3,4,5,6,7,8,9,10,11,12,13,14,15,16,17,18,19,20,21,22,23,24,25,26,27,28,29,30,31,32,33,34,35,36,37,38,39,40,41,42,43,44,45,46,47,48,49,50,51,52,53,54,55,56,57,58,59,60,61,62,63,64,65,66,67,68,69,70,71,72,73,74,75,76,77,78,79,80,81,82,83,84,85,86,87,88,89,90,91,92,93,94,95,96,97,98,99,100,101,102
no_ortho_EcuniculiEC3,PANTS,CERS226,ALATA_D2,DIPS,HBZOPT6,AGPAT120,ANPRT,r0016,L_LACD,FEROt,OHPHM6nc,ENLIPIDAt1exc,ANTPPTc,,,,,,,,,,,,,,,,,,,,,,,,,,,,,,,,,,,,,,,,,,,,,,,,,,,,,,,,,,,,,,,,,,,,,,,,,,,,,,,,,,,,,,,,,,
no_ortho_TevansiSTIB805,2AGPGAT141,CD2t4,2AGPGAT161,AHSERL3,2AGPEAT141,2HP6MPMOm,LYSTRSm,METTRSm,PPTTm,HBZOPT6,HBZOPT6m_1,2AGPEAT161,DOLASNT,ACSERL,TRPTRSm,r0016,HISTRSm,PHETRSm,ARGTRSm,FEROt,THIORDXm,CYSS_m,ENLIPIDAt1exc,,,,,,,,,,,,,,,,,,,,,,,,,,,,,,,,,,,,,,,,,,,,,,,,,,,,,,,,,,,,,,,,,,,,,,,,,,,,,,,,
PfalciparumTG01,ILETRSm,THRTRSm,VALTRSm,CDGGGPP3,CD2t4,ASNTRSm,HISTRSm,PHETRSm,AGPAT190,LYSTRSm,METTRSm,PPTTm,HBZOPT6,FEDCabc,APAPTm,ASPTRSm,CRNCARtm,CDGGGPP4,DOLASNT,LEUTRSm,PTPATe,TYRTRSm,ARGTRSm,TRPTRSm,ENLIPIDAt1exc,CYO1b2pp_sync,CYO1bpp_sync,THZPSNm,THZPSN_mt2,GHMT2r_ap,DOLPMT3,FCLT_ap,,,,,,,,,,,,,,,,,,,,,,,,,,,,,,,,,,,,,,,,,,,,,,,,,,,,,,,,,,,,,,,,,,,,,,,
no_ortho_TgondiiARI,2AGPGAT141,THRTRSm,VALTRSm,HISTRSm,PHETRSm,2AGPEAT141,DHORD2,LYSTRSm,METTRSm,PPTTm,HBZOPT6,HBZOPT6m_1,ALATL,MCPST,ASPTRSm,DOLASNT,TRPTRSm,ARGTRSm,r0016,FEROt,CYSS_m,ENLIPIDAt1exc,PCHLD450ORc,DVPCHLD450ORc,DVPCHLD646ORc,PCHLD646ORc,PLDAGAT_PALM_PALM_LNA_PC_2_c,PLDAGAT_LNA_PALM_HDE_PE_14_c,PLDAGAT_PALM_PALM_LNA_PC_6_c,PLDAGAT_LNA_EPA_LNA_PC_7_c,,,,,,,,,,,,,,,,,,,,,,,,,,,,,,,,,,,,,,,,,,,,,,,,,,,,,,,,,,,,,,,,,,,,,,,,,
no_ortho_TcruziCLBrenerNon-Esmeraldo-like,FAS141ACPm,FAS181ACPm,HEMEOSm,UPLA4FNT,FAS182ACPm,NALN6,AGAIAGT,2HP6MPMOm,FAS80ACPm_L,FTHFLmi,LYSTRSm,PPTTm,UPLA4NT,HBZOPT6,HBZOPT6m_1,FEDCabc,APAPTm,HEMEOSm_1,APCS,FAS161ACPm,TPK1,DOLASNT,NDP3ex,ASNNe,NDH1_4ppc,NDH1_3uc,,,,,,,,,,,,,,,,,,,,,,,,,,,,,,,,,,,,,,,,,,,,,,,,,,,,,,,,,,,,,,,,,,,,,,,,,,,,,
no_ortho_TgondiiRUB,2AGPGAT141,THRTRSm,VALTRSm,MCBTS3,HISTRSm,PHETRSm,MCBTS2,MCBTS,2AGPEAT141,LYSTRSm,METTRSm,PPTTm,GLCR1TRB1,HBZOPT6,HBZOPT6m_1,ALATL,MCPST,ASPTRSm,GLCR1TRA1,DOLASNT,ARGTRSm,TRPTRSm,r0016,FEROt,CYSS_m,ENLIPIDAt1exc,PCHLD450ORc,DVPCHLD646ORc,PCHLD646ORc,DVPCHLD450ORc,,,,,,,,,,,,,,,,,,,,,,,,,,,,,,,,,,,,,,,,,,,,,,,,,,,,,,,,,,,,,,,,,,,,,,,,,
no_ortho_PfragileNilgiri,ILETRSm,THRTRSm,VALTRSm,NTRARf,CD2t4,ASNTRSm,HISTRSm,LEUTRSm,PHETRSm,LYSTRSm,METTRSm,PPTTm,HBZOPT6,FEDCabc,ALATL,APAPTm,ASPTRSm,DOLASNT,ARGTRSm,FCLTm,TRPTRSm,SECYSTL,ENLIPIDAt1exc,CBFCc,biomass,,,,,,,,,,,,,,,,,,,,,,,,,,,,,,,,,,,,,,,,,,,,,,,,,,,,,,,,,,,,,,,,,,,,,,,,,,,,,,
no_ortho_LdonovaniBPK282A1,THRTRSm,VALTRSm,SQD2_160,SQD2_183_9_12_15,CD2t4,SQD2_183_6_9_12,SQD2_181,2HP6MPMOm,LYSTRSm,METTRSm,PPTTm,HBZOPT6m_1,SQD2_161,SQD2_181_9,SQD2_182_9_12,ALATL,APAPTm,HEMEOSm_1,LIPO3S24_BS,TECA2S,TPK1,SQD2_180,SQD2_184_6_9_12_15,SULOm,NDP3ex,SECYSTL,ENLIPIDAt1exc,PLDAGAT_EPA_EPA_LNA_PC_1_c,LPCAT_OLE_DHA_sn2_c,LPCAT_DHA_DHA_sn2_c,PLDAGAT_HDE_EPA_LNA_PE_13_c,PLDAGAT_LNA_EPA_LNA_PC_4_c,PLDAGAT_HDE_PALM_LNA_PE_13_c,PLDAGAT_HDE_PALM_LNA_PC_4_c,PLDAGAT_LNA_EPA_ARA_PC_2_c,MOAT2,PLDAGAT_HDE_EPA_LNA_PC_7_c,PLDAGAT_MYRS_HDE_HDE_PE_13_c,AACPDAGAT_OLE_PALM_HDE_h,PLDAGAT_OLE_PALM_HDE_PE_13_c,PLDAGAT_HDE_EPA_LNA_PE_15_c,PLDAGAT_EPA_EPA_LNA_PE_15_c,PLDAGAT_HDE_MYRS_LNA_PC_4_c,,,,,,,,,,,,,,,,,,,,,,,,,,,,,,,,,,,,,,,,,,,,,,,,,,,,,,,,,,,,
no_ortho_TgondiiGAB2-2007-GAL-DOM2,2AGPGAT141,THRTRSm,VALTRSm,HISTRSm,PHETRSm,AHSERL3,2AGPEAT141,LYSTRSm,METTRSm,PPTTm,GLCR1TRB1,HBZOPT6,HBZOPT6m_1,ALATL,MCPST,ASPTRSm,GLCR1TRA1,DOLASNT,ACSERL,r0016,ARGTRSm,TRPTRSm,FEROt,CYSS_m,ENLIPIDAt1exc,,,,,,,,,,,,,,,,,,,,,,,,,,,,,,,,,,,,,,,,,,,,,,,,,,,,,,,,,,,,,,,,,,,,,,,,,,,,,,
no_ortho_CmurisRN66,THRTRSm,VALTRSm,PREPTHS2,MCBTS3,GRTT2,PTOR,CD2t4,UPLA4FNT,HEMEOMOm,HISTRSm,TRPTRSm,MCBTS2,MCBTS,AGPAT190,2HP6MPMOm,LYSTRSm,METTRSm,PPTTm,HBZOPT6,HBZOPT6m_1,ALATL,THZPSN3,CRNCARtm,AGPAT160190,DOLASNT,IPDPUPT,ARGTRSm,r0016,PHETRSm,DMATT,FCLTm,FEROt,GPPShc,AGPAT1601819Zhc,AGPAT18111Z1819Zhc,AGPAT1801819Zhc,AGPAT1819Z1819Zhc,,,,,,,,,,,,,,,,,,,,,,,,,,,,,,,,,,,,,,,,,,,,,,,,,,,,,,,,,,,,,,,,,,
no_ortho_CmeleagridisUKMEL1,THRTRSm,VALTRSm,HEXTT,PREPTHS2,MCBTS3,GRTT2,PTOR,HEMEOMOm,HISTRSm,TRPTRSm,MCBTS2,MCBTS,DMATT,2HP6MPMOm,LYSTRSm,METTRSm,HBZOPT6,ALATL,THZPSN3,ASPTRSm,CRNCARtm,UDPDPS2,DOLASNT,IPDPUPT,PHETRSm,FCLTm,ARGTRSm,r0016,FEROt,AGPAT1601819Zhc,AGPAT18111Z1819Zhc,ENLIPIDAt1exc,AGPAT1801819Zhc,AGPAT1819Z1819Zhc,GPPShc,,,,,,,,,,,,,,,,,,,,,,,,,,,,,,,,,,,,,,,,,,,,,,,,,,,,,,,,,,,,,,,,,,,,
PgaboniG01,ILETRSm,THRTRSm,VALTRSm,CD2t4,ASNTRSm,HISTRSm,LEUTRSm,PHETRSm,LYSTRSm,METTRSm,PPTTm,HBZOPT6,FEDCabc,APAPTm,ASPTRSm,CRNCARtm,DOLASNT,PTPATe,TYRTRSm,ARGTRSm,TRPTRSm,CBFCc,THZPSNm,THZPSN_mt2,GHMT2r_ap,DOLPMT3,FCLT_ap,RTOT_2nhs,PGPP180pp,LACZpp,,,,,,,,,,,,,,,,,,,,,,,,,,,,,,,,,,,,,,,,,,,,,,,,,,,,,,,,,,,,,,,,,,,,,,,,,
no_ortho_TbruceigambienseDAL972,HEMEOSm,ACSERSULLm,MEGLYXYLAMH,DHROm,CD2t4,NALN6,LIDOAMH,AHSERL3,2HP6MPMOm,LYSTRSm,METTRSm,PPTTm,UPLA4NT,HBZOPT6,HBZOPT6m_1,FEDCabc,HEMEOSm_1,MCPST,OMMBLHX6m,DOLASNT,ACSERL,CYSS_m,NDP3ex,SQDGW3DS1839Z12Z15Z160c,MLDEP1ppc,MLDEP2ppc,DVPCHLD450ORc,DGDGD7DS1819Z1617Zc,DGDGW3DS1819Z1637Z10Z13Zc,PCHLD450ORc,DGDGW3DS1839Z12Z15Z1634Z7Z10Zc,PGW3DS1839Z12Z15Z160c,MGDGW3DS1829Z12Z1644Z7Z10Z13Zc,MGDGW3DS1839Z12Z15Z160c,MGDGW3DS1839Z12Z15Z1634Z7Z10Zc,DGDGW3DS1839Z12Z15Z160c,DGDGW3DS1839Z12Z15Z1627Z10Zc,DGDGD7DS1829Z12Z1617Zc,DGDGW3DS1829Z12Z1637Z10Z13Zc,MGDGD7DS1819Z1617Zc,MGDGD7DS1829Z12Z1617Zc,ENLIPIDAt1exc,MGDGW3DS1819Z1637Z10Z13Zc,MGDGW3DS1829Z12Z1637Z10Z13Zc,MGDGW3DS1839Z12Z15Z1627Z10Zc,DVPCHLD646ORc,PCHLD646ORc,,,,,,,,,,,,,,,,,,,,,,,,,,,,,,,,,,,,,,,,,,,,,,,,,,,,,,,,
no_ortho_Vculicisfloridensis,PANTS,C160SN,GRTT2,PLDAGAT16018111Z1819Z2,PLDAGAT16018111Z1819Z4,PLDAGAT1601819Z1601,PLDAGAT1601819Z18111Z1,PLDAGAT1601819Z1819Z3,PLDAGAT1601819Z1819Z4,PLDAGAT18111Z1819Z1601,PLDAGAT18111Z1819Z1602,PLDAGAT18111Z1819Z18111Z1,PLDAGAT1819Z18111Z1601,PLDAGAT1819Z18111Z1819Z1,PLDAGAT1819Z18111Z1819Z4,PLDAGAT1819Z1819Z18111Z1,PLDAGAT1819Z1819Z18111Z2,PLDAGAT1819Z1819Z18111Z3,C181SN,PLDAGAT16018111Z1601,PLDAGAT16018111Z1602,PLDAGAT1601819Z18111Z2,PLDAGAT1601819Z18111Z3,PLDAGAT1801819Z18111Z1,PLDAGAT1801819Z1819Z3,PLDAGAT18111Z18111Z1601,PLDAGAT18111Z18111Z18111Z2,PLDAGAT18111Z18111Z1819Z4,PLDAGAT18111Z1819Z1819Z1,PLDAGAT18111Z1819Z1819Z3,PLDAGAT18111Z1819Z1819Z4,PLDAGAT1819Z18111Z1819Z2,PLDAGAT1819Z1819Z1601,PLDAGAT1819Z1819Z1819Z1,PLDAGAT1819Z1819Z1819Z2,PLDAGAT1819Z1819Z1819Z3,PLDAGAT1819Z1819Z1819Z4,GRTT,HBZOPT6,C180SN,PLDAGAT16018111Z18111Z1,PLDAGAT16018111Z18111Z2,PLDAGAT16018111Z1819Z3,PLDAGAT1801819Z1819Z2,PLDAGAT18111Z18111Z1819Z3,PLDAGAT18111Z1819Z18111Z2,PLDAGAT18111Z1819Z18111Z3,PLDAGAT1819Z18111Z1602,PLDAGAT1819Z18111Z18111Z1,PLDAGAT1819Z18111Z18111Z3,PLDAGAT1819Z18111Z1819Z3,S2FE2SR,C140SN,PLDAGAT16018111Z18111Z3,PLDAGAT16018111Z1819Z1,PLDAGAT1601819Z1602,PLDAGAT1601819Z1819Z1,PLDAGAT1601819Z1819Z2,PLDAGAT1801819Z1601,PLDAGAT1801819Z1602,PLDAGAT1801819Z18111Z2,PLDAGAT1801819Z18111Z3,PLDAGAT1801819Z1819Z1,PLDAGAT1801819Z1819Z4,PLDAGAT18111Z18111Z1602,PLDAGAT18111Z18111Z18111Z1,PLDAGAT18111Z18111Z18111Z3,PLDAGAT18111Z18111Z1819Z1,PLDAGAT18111Z18111Z1819Z2,PLDAGAT18111Z1819Z1819Z2,PLDAGAT1819Z18111Z18111Z2,PLDAGAT1819Z1819Z1602,ANPRT,r0016,FEROt,ENLIPIDAt1exc,ANTPPTc,,,,,,,,,,,,,,,,,,,,,,,,,,
PfalciparumGB4,ILETRSm,THRTRSm,VALTRSm,CDGGGPP3,CD2t4,ASNTRSm,HISTRSm,PHETRSm,AGPAT190,LYSTRSm,METTRSm,PPTTm,HBZOPT6,FEDCabc,APAPTm,ASPTRSm,CDGGGPP4,DOLASNT,LEUTRSm,PTPATe,TYRTRSm,ARGTRSm,TRPTRSm,CYO1bpp_sync,CYO1b2pp_sync,ENLIPIDAt1exc,THZPSN_mt2,THZPSNm,GHMT2r_ap,DOLPMT3,FCLT_ap,ACOADAGAT_HDE_ARA_ARA_c,PLDAGAT_DHA_EPA_ARA_PC_3_c,PLDAGAT_HDE_ARA_ARA_PC_1_c,ACOADAGAT_DHA_EPA_DHA_c,PLDAGAT_DHA_EPA_ARA_PE_11_c,,,,,,,,,,,,,,,,,,,,,,,,,,,,,,,,,,,,,,,,,,,,,,,,,,,,,,,,,,,,,,,,,,,
no_ortho_PfalciparumGA01,ILETRSm,THRTRSm,VALTRSm,CDGGGPP3,CD2t4,ASNTRSm,HISTRSm,PHETRSm,AGPAT190,LYSTRSm,METTRSm,PPTTm,HBZOPT6,ALATL,APAPTm,ASPTRSm,CRNCARtm,CDGGGPP4,DOLASNT,LEUTRSm,TYRTRSm,ARGTRSm,TRPTRSm,FCLTm,ENLIPIDAt1exc,CYO1b2pp_sync,CYO1bpp_sync,biomass,,,,,,,,,,,,,,,,,,,,,,,,,,,,,,,,,,,,,,,,,,,,,,,,,,,,,,,,,,,,,,,,,,,,,,,,,,,
PcoatneyiHackeri,ILETRSm,THRTRSm,VALTRSm,CD2t4,ASNTRSm,HISTRSm,PHETRSm,DHORD2,LYSTRSm,METTRSm,PPTTm,HBZOPT6,FEDCabc,APAPTm,S2FE2SR,ASPTRSm,CRNCARtm,DOLASNT,PTPATe,SUCRe,LEUTRSm,ARGTRSm,r0707,NDP10ex,TRPTRSm,r0497,SECYSTL,NDP3ex,CBFCc,ENLIPIDAt1exc,DSBAO1e,FCLT_ap,DOLPMT3,GHMT2r_ap,,,,,,,,,,,,,,,,,,,,,,,,,,,,,,,,,,,,,,,,,,,,,,,,,,,,,,,,,,,,,,,,,,,,,
no_ortho_NdisplodereJUm2807,2AGPGAT141,PANTS,4M2OPLOXRD,CD2t4,2AGPEAT141,ALATA_D2,UREASE,HBZOPT6,THZPSN3,3M2OBLOXRD,3M2OPLOXRD,ANPRT,ANTPPTc,DOLASNTc,GTHPe,,,,,,,,,,,,,,,,,,,,,,,,,,,,,,,,,,,,,,,,,,,,,,,,,,,,,,,,,,,,,,,,,,,,,,,,,,,,,,,,,,,,,,,,
no_ortho_TrangeliSC58,THRTRSm,VALTRSm,DHROm,UPLA4FNT,HEMEOMOm,NALN6,AHSERL3,2HP6MPMOm,LYSTRSm,METTRSm,PPTTm,UPLA4NT,HBZOPT6,HBZOPT6m_1,ALATL,DOLASNT,ACSERL,ARGTRSm,HISTRSm,PHETRSm,TRPTRSm,r0016,CYSS_m,FEROt,SECYSTL,DGDGW3DS1819Z1637Z10Z13Zc,DGDGW3DS1839Z12Z15Z1634Z7Z10Zc,MGDGW3DS1829Z12Z1644Z7Z10Z13Zc,MGDGW3DS1839Z12Z15Z160c,MGDGW3DS1839Z12Z15Z1634Z7Z10Zc,DVPCHLD646ORc,PCHLD646ORc,DGDGW3DS1839Z12Z15Z160c,DGDGW3DS1839Z12Z15Z1627Z10Zc,DGDGW3DS1829Z12Z1637Z10Z13Zc,SQDGW3DS1839Z12Z15Z160c,PCHLD450ORc,DVPCHLD450ORc,MGDGW3DS1819Z1637Z10Z13Zc,MGDGW3DS1829Z12Z1637Z10Z13Zc,PGW3DS1839Z12Z15Z160c,MGDGW3DS1839Z12Z15Z1627Z10Zc,ACOADAGAT_PALM_EPA_EPA_c,PLDAGAT_MYRS_EPA_LNA_PE_11_c,,,,,,,,,,,,,,,,,,,,,,,,,,,,,,,,,,,,,,,,,,,,,,,,,,,,,,,,,,,
no_ortho_LturanicaLEM423,THRTRSm,VALTRSm,SQD2_160,SQD2_183_9_12_15,CD2t4,SQD2_183_6_9_12,SQD2_181,2HP6MPMOm,FTHFLmi,GHMT2rm,LYSTRSm,METTRSm,PPTTm,HBZOPT6m_1,SQD2_161,SQD2_181_9,SQD2_182_9_12,ALATL,APAPTm,HEMEOSm_1,LIPO3S24_BS,CRNCARtm,TECA2S,SQD2_180,SQD2_184_6_9_12_15,DOLASNT,SECYSTL,ENLIPIDAt1exc,LPSSYN_HPc,,,,,,,,,,,,,,,,,,,,,,,,,,,,,,,,,,,,,,,,,,,,,,,,,,,,,,,,,,,,,,,,,,,,,,,,,,
no_ortho_LenriettiiLEM3045,THRTRSm,VALTRSm,MCBTS3,SQD2_183_9_12_15,PLDAGAT16018111Z1819Z2,PLDAGAT16018111Z1819Z4,NALN6,MCBTS2,MCBTS,SQD2_183_6_9_12,SQD2_181,PLDAGAT16018111Z1601,PLDAGAT16018111Z1602,PLDAGAT18111Z18111Z1601,PLDAGAT18111Z18111Z18111Z2,PLDAGAT18111Z18111Z1819Z4,2HP6MPMOm,FTHFLmi,GHMT2rm,LYSTRSm,METTRSm,PPTTm,HBZOPT6m_1,SQD2_161,SQD2_181_9,SQD2_182_9_12,ALATL,PLDAGAT16018111Z18111Z1,PLDAGAT16018111Z18111Z2,PLDAGAT16018111Z1819Z3,PLDAGAT18111Z18111Z1819Z3,APAPTm,HEMEOSm_1,LIPO3S24_BS,APCS,CRNCARtm,TECA2S,TPK1,SQD2_180,SQD2_184_6_9_12_15,PLDAGAT16018111Z18111Z3,PLDAGAT16018111Z1819Z1,PLDAGAT18111Z18111Z1602,PLDAGAT18111Z18111Z18111Z1,PLDAGAT18111Z18111Z18111Z3,PLDAGAT18111Z18111Z1819Z1,PLDAGAT18111Z18111Z1819Z2,DOLASNT,SULOm,FEROt,r0016,SECYSTL,ENLIPIDAt1exc,LPSSYN_HPc,HMR_2773,LCAT41enhs,LDL_HSSYNnhs,,,,,,,,,,,,,,,,,,,,,,,,,,,,,,,,,,,,,,,,,,,,,,
no_ortho_PknowlesiMalayanPk1A,ILETRSm,THRTRSm,VALTRSm,CD2t4,UPLA4FNT,ASNTRSm,HISTRSm,PHETRSm,LYSTRSm,METTRSm,PPTTm,HBZOPT6,FEDCabc,ALATL,APAPTm,ASPTRSm,CRNCARtm,DOLASNT,PTPATe,LEUTRSm,ARGTRSm,TRPTRSm,SECYSTL,ENLIPIDAt1exc,CBFCc,biomass,,,,,,,,,,,,,,,,,,,,,,,,,,,,,,,,,,,,,,,,,,,,,,,,,,,,,,,,,,,,,,,,,,,,,,,,,,,,,
no_ortho_Tgondiip89,2AGPGAT141,THRTRSm,VALTRSm,CD2t4,HISTRSm,PHETRSm,2AGPEAT141,LYSTRSm,METTRSm,PPTTm,HBZOPT6,HBZOPT6m_1,ALATL,MCPST,ASPTRSm,DOLASNT,TRPTRSm,ARGTRSm,r0016,FEROt,CYSS_m,ENLIPIDAt1exc,PCHLD450ORc,DVPCHLD646ORc,PCHLD646ORc,DVPCHLD450ORc,DOLASNT_pf,,,,,,,,,,,,,,,,,,,,,,,,,,,,,,,,,,,,,,,,,,,,,,,,,,,,,,,,,,,,,,,,,,,,,,,,,,,,
no_ortho_TgondiiFOU,2AGPGAT141,THRTRSm,VALTRSm,HISTRSm,PHETRSm,2AGPEAT141,LYSTRSm,METTRSm,PPTTm,GLCR1TRB1,HBZOPT6,HBZOPT6m_1,ALATL,MCPST,ASPTRSm,GLCR1TRA1,DOLASNT,ARGTRSm,r0016,TRPTRSm,CYSS_m,FEROt,PCHLD450ORc,DVPCHLD450ORc,ENLIPIDAt1exc,DVPCHLD646ORc,PCHLD646ORc,MMAMT,TMAMT,,,,,,,,,,,,,,,,,,,,,,,,,,,,,,,,,,,,,,,,,,,,,,,,,,,,,,,,,,,,,,,,,,,,,,,,,,
no_ortho_NausubeliERTm2,PANTS,GRTT2,UPLA4FNT,MCCC,ALATA_D2,GRTT,UREASE,HBZOPT6,GTHPe,DOLASNTc,MCTCc,PLDAGAT_EPA_EPA_DHA_PE_11_c,PLDAGAT_LNA_EPA_GLNA_PE_12_c,PLDAGAT_LNA_EPA_GLNA_PE_15_c,PLDAGAT_HDE_EPA_DHA_PE_11_c,LPCAT_OLE_EPA_sn2_c,MOATN,,,,,,,,,,,,,,,,,,,,,,,,,,,,,,,,,,,,,,,,,,,,,,,,,,,,,,,,,,,,,,,,,,,,,,,,,,,,,,,,,,,,,,
no_ortho_LgerbilliLEM452,THRTRSm,VALTRSm,SQD2_160,SQD2_183_9_12_15,SQD2_183_6_9_12,SQD2_181,2HP6MPMOm,FTHFLmi,GHMT2rm,LYSTRSm,METTRSm,PPTTm,HBZOPT6m_1,SQD2_161,SQD2_181_9,SQD2_182_9_12,ALATL,APAPTm,HEMEOSm_1,LIPO3S24_BS,APCS,CRNCARtm,TECA2S,SQD2_180,SQD2_184_6_9_12_15,DOLASNT,SECYSTL,UDCPDPex,NDP3ex,ENLIPIDAt1exc,LPSSYN_HPc,LPEAT_LNA_EPA_sn2_c,PLDAGAT_DHA_EPA_DHA_PC_8_c,PLDAGAT_MYRS_EPA_EPA_PC_8_c,LPEAT_LNA_DHA_sn2_c,PLDAGAT_MYRS_EPA_EPA_PC_2_c,,,,,,,,,,,,,,,,,,,,,,,,,,,,,,,,,,,,,,,,,,,,,,,,,,,,,,,,,,,,,,,,,,,
no_ortho_PreichenowiCDC,HEMEOSm,ILETRSm,THRTRSm,VALTRSm,CDGGGPP3,CD2t4,ASNTRSm,HISTRSm,PHETRSm,AGPAT190,GHMT2rm,LYSTRSm,METTRSm,PPTTm,HBZOPT6,FEDCabc,ALATL,APAPTm,HEMEOSm_1,CDGGGPP4,DOLASNT,HEMELm,SECYSTL,HCGALm,CYO1bpp_sync,CYO1b2pp_sync,biomass,,,,,,,,,,,,,,,,,,,,,,,,,,,,,,,,,,,,,,,,,,,,,,,,,,,,,,,,,,,,,,,,,,,,,,,,,,,,
no_ortho_TcongolenseIL3000,2AGPGAT141,HEMEOSm,THRTRSm,VALTRSm,HEXTT,CD2t4,IPDDI3x,2AGPEAT141,2HP6MPMOm,FTHFLmi,LYSTRSm,METTRSm,HBZOPT6m_1,FEDCabc,IPDDI3y,ALATL,APAPTm,HEMEOSm_1,TPK1,UDPDPS2,DOLASNT,IPDPUPT,NDP3ex,SECYSTL,ENLIPIDAt1exc,,,,,,,,,,,,,,,,,,,,,,,,,,,,,,,,,,,,,,,,,,,,,,,,,,,,,,,,,,,,,,,,,,,,,,,,,,,,,,
no_ortho_LaethiopicaL147,THRTRSm,VALTRSm,SQD2_160,SQD2_183_9_12_15,CD2t4,SQD2_183_6_9_12,SQD2_181,2HP6MPMOm,FTHFLmi,GHMT2rm,LYSTRSm,METTRSm,PPTTm,HBZOPT6m_1,SQD2_161,SQD2_181_9,SQD2_182_9_12,ALATL,APAPTm,HEMEOSm_1,LIPO3S24_BS,CRNCARtm,TECA2S,TPK1,SQD2_180,SQD2_184_6_9_12_15,DOLASNT,SULOm,SECYSTL,UDCPDPex,NDP3ex,LPSSYN_HPc,ENLIPIDAt1exc,,,,,,,,,,,,,,,,,,,,,,,,,,,,,,,,,,,,,,,,,,,,,,,,,,,,,,,,,,,,,,,,,,,,,,
no_ortho_ChominisUdeA01,THRTRSm,VALTRSm,HEXTT,PREPTHS2,MCBTS3,GRTT2,PTOR,ULA4NFT,HEMEOMOm,HISTRSm,TRPTRSm,MCBTS2,MCBTS,DMATT,2HP6MPMOm,LYSTRSm,METTRSm,HBZOPT6,ALATL,THZPSN3,ASPTRSm,CRNCARtm,UDPDPS2,DOLASNT,IPDPUPT,PHETRSm,r0016,ARGTRSm,FCLTm,FEROt,HMR_4777,AGPAT1801819Zhc,AGPAT1819Z1819Zhc,ENLIPIDAt1exc,AGPAT1601819Zhc,AGPAT18111Z1819Zhc,,,,,,,,,,,,,,,,,,,,,,,,,,,,,,,,,,,,,,,,,,,,,,,,,,,,,,,,,,,,,,,,,,,
no_ortho_CsuisWienI,THRTRSm,VALTRSm,CDGGGPP3,HISTRSm,PHETRSm,AGPAT190,LYSTRSm,METTRSm,PPTTm,HBZOPT6,HBZOPT6m_1,ALATL,MCPST,MECDPDH5,CDGGGPP4,DOLASNT,TRPTRSm,ARGTRSm,r0016,CYSS_m,FEROt,PCHLD450ORc,ENLIPIDAt1exc,HDSc,DVPCHLD646ORc,PCHLD646ORc,DVPCHLD450ORc,PLDAGAT_OLE_PALM_PALM_PC_1_c,PLDAGAT_OLE_PALM_PALM_PE_13_c,PLDAGAT_PALM_MYRS_PALM_PE_13_c,,,,,,,,,,,,,,,,,,,,,,,,,,,,,,,,,,,,,,,,,,,,,,,,,,,,,,,,,,,,,,,,,,,,,,,,,
no_ortho_PbergheiANKA,HEMEOSm,THRTRSm,VALTRSm,DHPS,NTRARf,CD2t4,DHPS2,UPLA4FNT,HISTRSm,PHETRSm,TRPTRSm,AGPAT190,GHMT2rm,LYSTRSm,METTRSm,PPTTm,FEDCabc,ALATL,APAPTm,HEMEOSm_1,ASPTRSm,DOLASNT,HEMELm,HCGALm,SECYSTL,CYO1b2pp_sync,CYO1bpp_sync,biomass,,,,,,,,,,,,,,,,,,,,,,,,,,,,,,,,,,,,,,,,,,,,,,,,,,,,,,,,,,,,,,,,,,,,,,,,,,,
no_ortho_TcruziDm28c2018,UPLA4FNT,NALN6,2HP6MPMOm,LYSTRSm,METTRSm,PPTTm,UPLA4NT,HBZOPT6,HBZOPT6m_1,TPK1,DOLASNT,ARGTRSm,PHETRSm,PTPATe,TRPTRSm,r0016,HISTRSm,FEROt,NDH1_4ppc,NDH1_3uc,ENLIPIDAt1exc,,,,,,,,,,,,,,,,,,,,,,,,,,,,,,,,,,,,,,,,,,,,,,,,,,,,,,,,,,,,,,,,,,,,,,,,,,,,,,,,,,
PgaboniSY75,ILETRSm,THRTRSm,VALTRSm,CD2t4,ASNTRSm,HISTRSm,LEUTRSm,PHETRSm,LYSTRSm,METTRSm,PPTTm,HBZOPT6,FEDCabc,APAPTm,ASPTRSm,CRNCARtm,DOLASNT,SUCRe,TYRTRSm,r0707,ARGTRSm,CHOLESTle,TRPTRSm,NDP10ex,r0497,CBFCc,THZPSNm,THZPSN_mt2,GHMT2r_ap,DOLPMT3,FCLT_ap,,,,,,,,,,,,,,,,,,,,,,,,,,,,,,,,,,,,,,,,,,,,,,,,,,,,,,,,,,,,,,,,,,,,,,,,
no_ortho_PmalariaeUG01,HEMEOSm,ILETRSm,THRTRSm,VALTRSm,DHPS,CD2t4,DHPS2,HISTRSm,PHETRSm,GHMT2rm,LYSTRSm,METTRSm,PPTTm,HBZOPT6,FEDCabc,ALATL,APAPTm,HEMEOSm_1,MCPST,ASPTRSm,CERS224,DOLASNT,HEMELm,SECYSTL,HCGALm,CYO1b2pp_sync,ENLIPIDAt1exc,CYO1bpp_sync,biomass,PLDAGAT_HDE_MYRS_LNA_PC_2_c,PLDAGAT_MYRS_EPA_HDE_PE_16_c,PLDAGAT_EPA_EPA_ARA_PC_1_c,PLDAGAT_EPA_EPA_ARA_PC_6_c,PLDAGAT_HDE_MYRS_LNA_PE_12_c,PLDAGAT_LNA_EPA_ARA_PC_1_c,PLDAGAT_HDE_MYRS_HDE_PE_16_c,PLDAGAT_LNA_EPA_ARA_PC_4_c,,,,,,,,,,,,,,,,,,,,,,,,,,,,,,,,,,,,,,,,,,,,,,,,,,,,,,,,,,,,,,,,,,
no_ortho_EcuniculiEC1,PANTS,CERS226,NaKt_1,ALATA_D2,DIPS,HBZOPT6,AGPAT120,ANPRT,r0016,L_LACD,FEROt,ANTPPTc,OHPHM6nc,ENLIPIDAt1exc,,,,,,,,,,,,,,,,,,,,,,,,,,,,,,,,,,,,,,,,,,,,,,,,,,,,,,,,,,,,,,,,,,,,,,,,,,,,,,,,,,,,,,,,,
PmalariaeUG01,CERS226,HEMEOSm,ILETRSm,THRTRSm,VALTRSm,CD2t4,HISTRSm,PHETRSm,GHMT2rm,LYSTRSm,METTRSm,PPTTm,FEDCabc,APAPTm,HEMEOSm_1,MCPST,ASPTRSm,CERS224,CRNCARtm,DOLASNT,HEMELm,SECYSTL,HCGALm,CYO1b2pp_sync,ENLIPIDAt1exc,CYO1bpp_sync,THZPSN_mt2,THZPSNm,FCLT_ap,DOLPMT3,GHMT2r_m,GHMT2r_ap,CHOLESACATc_1nhs,,,,,,,,,,,,,,,,,,,,,,,,,,,,,,,,,,,,,,,,,,,,,,,,,,,,,,,,,,,,,,,,,,,,,,
no_ortho_PfalciparumSD01,ILETRSm,THRTRSm,VALTRSm,CDGGGPP3,CD2t4,ASNTRSm,HISTRSm,PHETRSm,AGPAT190,LYSTRSm,METTRSm,PPTTm,HBZOPT6,FEDCabc,ALATL,APAPTm,ASPTRSm,CRNCARtm,CDGGGPP4,DOLASNT,LEUTRSm,TYRTRSm,ARGTRSm,TRPTRSm,FCLTm,CYO1b2pp_sync,CYO1bpp_sync,ENLIPIDAt1exc,biomass,,,,,,,,,,,,,,,,,,,,,,,,,,,,,,,,,,,,,,,,,,,,,,,,,,,,,,,,,,,,,,,,,,,,,,,,,,
no_ortho_LmajorLV39c5,THRTRSm,VALTRSm,MCBTS3,SQD2_160,SQD2_183_9_12_15,LEUTRSm,MCBTS2,MCBTS,SQD2_183_6_9_12,SQD2_181,2HP6MPMOm,FTHFLmi,GHMT2rm,LYSTRSm,METTRSm,PPTTm,HBZOPT6m_1,SQD2_161,SQD2_181_9,SQD2_182_9_12,ALATL,APAPTm,HEMEOSm_1,LIPO3S24_BS,CRNCARtm,TECA2S,SQD2_180,SQD2_184_6_9_12_15,DOLASNT,NDP3ex,SECYSTL,ENLIPIDAt1exc,LPSSYN_HPc,,,,,,,,,,,,,,,,,,,,,,,,,,,,,,,,,,,,,,,,,,,,,,,,,,,,,,,,,,,,,,,,,,,,,,
no_ortho_SsalmonicidaATCC50377,BTS3r,BTSr,BTS_1,THZPSN3,TPK1,DOLASNTc,3NTYROXDAppc,ENLIPIDAt1exc,ETHAPT_EPA_EPA_c,ETHAPT,PLDAGAT_EPA_EPA_ARA_PC_7_c,PLDAGAT_EPA_EPA_ARA_PE_15_c,CHOPT_EPA_EPA_c,,,,,,,,,,,,,,,,,,,,,,,,,,,,,,,,,,,,,,,,,,,,,,,,,,,,,,,,,,,,,,,,,,,,,,,,,,,,,,,,,,,,,,,,,,
no_ortho_TcruziDm28c2014,FAS141ACPm,FAS181ACPm,UPLA4FNT,FAS182ACPm,NALN6,2HP6MPMOm,FAS80ACPm_L,LYSTRSm,PPTTm,UPLA4NT,HBZOPT6,HBZOPT6m_1,FAS161ACPm,TPK1,DOLASNT,ARGTRSm,CYANSTm,TREHe,r0707,NDP10ex,ASNNe,TRPTRSm,PHETRSm,HCO3Ee,LIDOAMH,r0497,SUCRe,HISTRSm,NDH1_4ppc,NDH1_3uc,ENLIPIDAt1exc,LPEAT_LNA_EPA_sn2_c,NADPNe,LDL_HSSYNnhs,PLA2_2e_cho,CHOPT_STC_STC_c,CHOPT_OLE_EPA_c,CHOPT_HDE_OLE_c,CHOPT_STC_EPA_c,,,,,,,,,,,,,,,,,,,,,,,,,,,,,,,,,,,,,,,,,,,,,,,,,,,,,,,,,,,,,,,,
no_ortho_PfalciparumTG01,ILETRSm,THRTRSm,VALTRSm,CDGGGPP3,CD2t4,ASNTRSm,HISTRSm,PHETRSm,AGPAT190,LYSTRSm,METTRSm,PPTTm,HBZOPT6,ALATL,APAPTm,ASPTRSm,CRNCARtm,CDGGGPP4,DOLASNT,LEUTRSm,TYRTRSm,ARGTRSm,TRPTRSm,FCLTm,ENLIPIDAt1exc,CYO1b2pp_sync,CYO1bpp_sync,biomass,,,,,,,,,,,,,,,,,,,,,,,,,,,,,,,,,,,,,,,,,,,,,,,,,,,,,,,,,,,,,,,,,,,,,,,,,,,
no_ortho_EmonterogeiiLV88,ILETRSm,THRTRSm,VALTRSm,MCBTS3,SQD2_183_9_12_15,CD2t4,LEUTRSm,MCBTS2,MCBTS,SQD2_183_6_9_12,SQD2_181,2HP6MPMOm,FTHFLmi,GHMT2rm,LYSTRSm,METTRSm,PPTTm,HBZOPT6m_1,SQD2_161,SQD2_181_9,SQD2_182_9_12,ALATL,APAPTm,HEMEOSm_1,TPK1,SQD2_180,SQD2_184_6_9_12_15,DOLASNT,NDP3ex,SECYSTL,ENLIPIDAt1exc,CHOPT_PALM_EPA_c,LPS_YPpenta,LPEAT_PALM_EPA_sn2_c,PLDAGAT_LNA_EPA_ARA_PC_2_c,2_7_8_3,PLDAGAT_LNA_EPA_ARA_PC_1_c,,,,,,,,,,,,,,,,,,,,,,,,,,,,,,,,,,,,,,,,,,,,,,,,,,,,,,,,,,,,,,,,,,
no_ortho_ChominisTU502,THRTRSm,VALTRSm,HEXTT,PREPTHS2,MCBTS3,HISTRSm,TRPTRSm,MCBTS2,MCBTS,MYCON4,DMATT,LYSTRSm,METTRSm,HBZOPT6,MYCON2,MYCON1,ALATL,THZPSN3,MYCON5,MYCON3,PHETRSm,FCLTm,ARGTRSm,r0016,FEROt,ENLIPIDAt1exc,GPPShc,FUT31gnhs,PLDAGAT_HDE_ARA_ARA_PC_6_c,HMR_8287nhs,PLDAGAT_PALM_EPA_DHA_PE_15_c,PLDAGAT_HDE_ARA_ARA_PC_5_c,,,,,,,,,,,,,,,,,,,,,,,,,,,,,,,,,,,,,,,,,,,,,,,,,,,,,,,,,,,,,,,,,,,,,,,
no_ortho_TcruziTCC,UPLA4FNT,NALN6,2HP6MPMOm,LYSTRSm,METTRSm,PPTTm,UPLA4NT,HBZOPT6,HBZOPT6m_1,TPK1,DOLASNT,PTPATe,ARGTRSm,PHETRSm,TRPTRSm,HISTRSm,r0016,FEROt,ENLIPIDAt1exc,NDH1_4ppc,NDH1_3uc,2_7_8_3,,,,,,,,,,,,,,,,,,,,,,,,,,,,,,,,,,,,,,,,,,,,,,,,,,,,,,,,,,,,,,,,,,,,,,,,,,,,,,,,,
no_ortho_LmajorFriedlin,THRTRSm,VALTRSm,MCBTS3,SQD2_160,SQD2_183_9_12_15,MCBTS2,MCBTS,SQD2_183_6_9_12,SQD2_181,LYSTRSm,PPTTm,HBZOPT6m_1,SQD2_161,SQD2_181_9,SQD2_182_9_12,APAPTm,HEMEOSm_1,LIPO3S24_BS,CRNCARtm,TECA2S,SQD2_180,SQD2_184_6_9_12_15,DOLASNT,SECYSTL,LPSSYN_HPc,ENLIPIDAt1exc,,,,,,,,,,,,,,,,,,,,,,,,,,,,,,,,,,,,,,,,,,,,,,,,,,,,,,,,,,,,,,,,,,,,,,,,,,,,,
no_ortho_TcruziCLBrener,2AGPGAT120,2AGPGAT141,AACPS9,2AGPEAT140,2AGPGAT161,AACPS1,AACPS4,AACPS7,HEMEOMOm,2AGPEAT141,2AGPEAT120,2AGPEAT161,2AGPGAT140,AACPS2,AACPS8,GLYCLm,FACOAL_160_m,RE2912M,VALTRSm,AACPS1_1c,AACPS4_1c,protein_bm,ATPH1e,LANOSTESTH_SCe,,,,,,,,,,,,,,,,,,,,,,,,,,,,,,,,,,,,,,,,,,,,,,,,,,,,,,,,,,,,,,,,,,,,,,,,,,,,,,,
no_ortho_NcaninumLIV,2AGPGAT141,THRTRSm,VALTRSm,HBZOPT6m,HISTRSm,PHETRSm,FOLD3,2AGPEAT141,LYSTRSm,METTRSm,GLCR1TRB1,HBZOPT6,HBZOPT6m_1,ALATL,GLCR1TRA1,TPK1,DOLASNT,TRPTRSm,ARGTRSm,r0016,PTPATe,CYSS_m,FEROt,DVPCHLD646ORc,PCHLD646ORc,DVPCHLD450ORc,ENLIPIDAt1exc,PCHLD450ORc,PCPPTh,GTHAMPORh,PLDAGAT_HDE_EPA_ARA_PC_2_c,3OAR40_ap,EAR40x_ap,PLDAGAT_PALM_EPA_ARA_PC_2_c,PLDAGAT_HDE_ARA_HDE_PE_9_c,PLDAGAT_PALM_EPA_LNA_PC_4_c,PLDAGAT_EPA_EPA_LNA_PC_3_c,PLDAGAT_DHA_EPA_ARA_PC_7_c,PLDAGAT_DHA_EPA_ARA_PC_4_c,PLDAGAT_EPA_EPA_LNA_PC_1_c,3OAS60_ap,ACOADAGAT_PALM_EPA_DHA_c,ANXANOR,ACOADAGAT_HDE_EPA_DHA_c,LPEAT_PALM_ARA_sn2_c,PLDAGAT_HDE_MYRS_LNA_PC_3_c,PLDAGAT_HDE_EPA_ARA_PC_7_c,,,,,,,,,,,,,,,,,,,,,,,,,,,,,,,,,,,,,,,,,,,,,,,,,,,,,,,,
PbillcollinsiG01,ILETRSm,THRTRSm,VALTRSm,CDGGGPP3,CD2t4,ASNTRSm,HISTRSm,PHETRSm,LYSTRSm,METTRSm,PPTTm,HBZOPT6,FEDCabc,APAPTm,ASPTRSm,CRNCARtm,CDGGGPP4,DOLASNT,LEUTRSm,PTPATe,TYRTRSm,ARGTRSm,TRPTRSm,CBFCc,THZPSN_mt2,THZPSNm,PYK_ap2,GHMT2r_ap,DOLPMT3,FCLT_ap,,,,,,,,,,,,,,,,,,,,,,,,,,,,,,,,,,,,,,,,,,,,,,,,,,,,,,,,,,,,,,,,,,,,,,,,,
no_ortho_GintestinalisAssemblageADH,CERH124,NORRDX,NODOx,NODOy,PYAM5PO,ROO,CERH126,HBZOPT6,FEDCabc,ACGAMT,PDX5POi,PYDXNO,GLCNACT_cho,CYTBD2,LLDH_ferr_xc,LLDH_ferr_mc,DOLASNTc,3NTYROXDAppc,ENLIPIDAt1exc,PLDAGAT_HDE_EPA_OLE_PE_13_c,PLDAGAT_MYRS_EPA_LNA_PC_2_c,ACOADAGAT_OLE_EPA_EPA_c,CHOPT_MYRS_EPA_c,,,,,,,,,,,,,,,,,,,,,,,,,,,,,,,,,,,,,,,,,,,,,,,,,,,,,,,,,,,,,,,,,,,,,,,,,,,,,,,,
no_ortho_EtenellaHoughton,2AGPGAT141,ILETRSm,THRTRSm,VALTRSm,MCBTS3,PBALm,HISTRSm,PHETRSm,MCBTS2,MCBTS,2AGPEAT141,LYSTRSm,PPTTm,HBZOPT6m_1,ALATL,G12MT4,MCPST,S2FE2SR,DOLASNT,G12MT3,ASNTRSm,LEUTRSm,ARGTRSm,FCLTm,r0016,TRPTRSm,FEROt,CYSS_m,SECYSTL,ENLIPIDAt1exc,protein_bm,,,,,,,,,,,,,,,,,,,,,,,,,,,,,,,,,,,,,,,,,,,,,,,,,,,,,,,,,,,,,,,,,,,,,,,,
no_ortho_NceranaePA08_1199,PANTS,NaKt_1,HBZOPT6,GLUS_F420,LIPO3S24_BS,SERTRS,THZPSN3,CDIPTr_cho,ANPRT,SERTRS2,ENLIPIDAt1exc,ANTPPTc,FAS80ACPm_Lc,DXHPScmc,GHMT2r,,,,,,,,,,,,,,,,,,,,,,,,,,,,,,,,,,,,,,,,,,,,,,,,,,,,,,,,,,,,,,,,,,,,,,,,,,,,,,,,,,,,,,,,
PfalciparumKH01,ILETRSm,THRTRSm,VALTRSm,CDGGGPP3,CD2t4,ASNTRSm,HISTRSm,PHETRSm,AGPAT190,LYSTRSm,METTRSm,PPTTm,HBZOPT6,FEDCabc,APAPTm,ASPTRSm,CDGGGPP4,DOLASNT,LEUTRSm,PTPATe,TYRTRSm,ARGTRSm,TRPTRSm,ENLIPIDAt1exc,CYO1b2pp_sync,CYO1bpp_sync,THZPSN_mt2,THZPSNm,GHMT2r_ap,DOLPMT3,FCLT_ap,PLDAGAT_HDE_EPA_ARA_PC_7_c,PLDAGAT_DHA_EPA_ARA_PC_2_c,PLDAGAT_DHA_EPA_ARA_PC_5_c,ACOADAGAT_PALM_EPA_ARA_c,PHA,PLDAGAT_HDE_EPA_ARA_PE_16_c,PLDAGAT_HDE_EPA_ARA_PC_2_c,,,,,,,,,,,,,,,,,,,,,,,,,,,,,,,,,,,,,,,,,,,,,,,,,,,,,,,,,,,,,,,,,
PyoeliiyoeliiYM,HEMEOSm,ILETRSm,THRTRSm,VALTRSm,CD2t4,UPLA4FNT,HISTRSm,PHETRSm,TRPTRSm,LYSTRSm,METTRSm,PPTTm,HBZOPT6,FEDCabc,APAPTm,HEMEOSm_1,ASPTRSm,CRNCARtm,DOLASNT,HEMELm,SECYSTL,HCGALm,CYO1b2pp_sync,CYO1bpp_sync,ENLIPIDAt1exc,FCLT_ap,DOLPMT3,GHMT2r_ap,,,,,,,,,,,,,,,,,,,,,,,,,,,,,,,,,,,,,,,,,,,,,,,,,,,,,,,,,,,,,,,,,,,,,,,,,,,
no_ortho_PcynomolgiB,ILETRSm,THRTRSm,VALTRSm,NTRARf,ASNTRSm,HISTRSm,PHETRSm,LYSTRSm,METTRSm,PPTTm,FEDCabc,ALATL,APAPTm,ASPTRSm,CRNCARtm,DOLASNT,PTPATe,LEUTRSm,ARGTRSm,FCLTm,TRPTRSm,CYANSTm,CYANST,SECYSTL,CBFCc,biomass,,,,,,,,,,,,,,,,,,,,,,,,,,,,,,,,,,,,,,,,,,,,,,,,,,,,,,,,,,,,,,,,,,,,,,,,,,,,,
no_ortho_EbieneusiH348,2AGPGAT120,2AGPGAT141,PANTS,KAS1,KAS3,KAS5,KAS6,GRTT2,3OAS121,3OAS80,UPLA4FNT,KAS10,KAS19SA,2AGPEAT141,3OAS60,ALATA_D2,GRTT,I2FE2SR,OPMEACPS,KAS11,KAS4,UPLA4NT,HBZOPT6,2AGPEAT120,3OAS141,ENTCS,THZPSN3,KAS12,KAS9,ANPRT,r0016,FEROt,HYD3,ENLIPIDAt1exc,ANTPPTc,3OAS60_1c,DXHPScmc,3OAS80_1c,,,,,,,,,,,,,,,,,,,,,,,,,,,,,,,,,,,,,,,,,,,,,,,,,,,,,,,,,,,,,,,,,
no_ortho_PcoatneyiHackeri,ILETRSm,THRTRSm,VALTRSm,CD2t4,ASNTRSm,HISTRSm,PHETRSm,LYSTRSm,METTRSm,PPTTm,HBZOPT6,FEDCabc,ALATL,APAPTm,S2FE2SR,ASPTRSm,CRNCARtm,DOLASNT,LEUTRSm,ARGTRSm,TRPTRSm,SECYSTL,CBFCc,ENLIPIDAt1exc,biomass,,,,,,,,,,,,,,,,,,,,,,,,,,,,,,,,,,,,,,,,,,,,,,,,,,,,,,,,,,,,,,,,,,,,,,,,,,,,,,
PfalciparumIT,ILETRSm,THRTRSm,VALTRSm,CDGGGPP3,CD2t4,ASNTRSm,HISTRSm,PHETRSm,AGPAT190,LYSTRSm,METTRSm,PPTTm,HBZOPT6,FEDCabc,APAPTm,ASPTRSm,CRNCARtm,CDGGGPP4,DOLASNT,LEUTRSm,PTPATe,TYRTRSm,ARGTRSm,TRPTRSm,CYO1b2pp_sync,CYO1bpp_sync,ENLIPIDAt1exc,THZPSN_mt2,THZPSNm,GHMT2r_ap,DOLPMT3,FCLT_ap,,,,,,,,,,,,,,,,,,,,,,,,,,,,,,,,,,,,,,,,,,,,,,,,,,,,,,,,,,,,,,,,,,,,,,,
no_ortho_AalgeraePRA339,2AGPGAT141,ACONMT,PANTS,PC6YM,CPC6MT,CDGGGPP3,2AGPGAT161,2AGPEAT141,DIPS,HBZOPT6,2AGPEAT161,2AGPEAT181,2AGPGAT181,AMMQLT8,CDGGGPP4,ANPRT,L_LACD,OHPHM6nc,ENLIPIDAt1exc,ANTPPTc,ACOADAGAT_HDE_EPA_DHA_c,LPCAT_STC_DHA_sn2_c,PLDAGAT_HDE_EPA_DHA_PC_5_c,,,,,,,,,,,,,,,,,,,,,,,,,,,,,,,,,,,,,,,,,,,,,,,,,,,,,,,,,,,,,,,,,,,,,,,,,,,,,,,,
no_ortho_PinuiSanAntonio1,ILETRSm,THRTRSm,VALTRSm,CD2t4,ASNTRSm,HISTRSm,PHETRSm,LYSTRSm,METTRSm,PPTTm,FEDCabc,ALATL,APAPTm,ASPTRSm,DOLASNT,ARGTRSm,LEUTRSm,TRPTRSm,SECYSTL,CBFCc,ENLIPIDAt1exc,biomass,PLDAGAT_OLE_EPA_EPA_PE_15_c,PLDAGAT_MYRS_EPA_ARA_PC_1_c,PLDAGAT_OLE_EPA_EPA_PC_5_c,PLDAGAT_MYRS_EPA_ARA_PC_4_c,MGDG181_9,LPCAT_HDE_EPA_sn2_c,,,,,,,,,,,,,,,,,,,,,,,,,,,,,,,,,,,,,,,,,,,,,,,,,,,,,,,,,,,,,,,,,,,,,,,,,,,
PvivaxP01,HEMEOSm,ILETRSm,THRTRSm,VALTRSm,CD2t4,ASNTRSm,HISTRSm,PHETRSm,FTHFLmi,GHMT2rm,LYSTRSm,METTRSm,PPTTm,HBZOPT6m_1,FEDCabc,APAPTm,HEMEOSm_1,ASPTRSm,CRNCARtm,DOLASNT,HEMELm,SECYSTL,HCGALm,CYO1b2pp_sync,ENLIPIDAt1exc,CYO1bpp_sync,FCLT_ap,HBZOPTm,DOLPMT3,GHMT2r_m,GHMT2r_ap,PLDAGAT_PALM_EPA_LNA_PC_8_c,G3PAT1619Z_h,PLDAGAT_HDE_EPA_LNA_PE_10_c,PLDAGAT_EPA_EPA_DHA_PE_15_c,DGDGS_HDE_HDE_h,GGGT_OLE_HDDE_8_h,DGDGS_OLE_HDDE_h,CHOLESACATc,PLDAGAT_EPA_EPA_LNA_PC_4_c,GGGT_HDE_HDE_5_h,3OAS180_h,PLDAGAT_HDE_EPA_LNA_PC_4_c,ACOADAGAT_EPA_EPA_DHA_c,DGDGS_EPA_HDE_h,PLDAGAT_EPA_EPA_LNA_PC_8_c,3OAS181_1,PLDAGAT_PALM_EPA_LNA_PC_6_c,,,,,,,,,,,,,,,,,,,,,,,,,,,,,,,,,,,,,,,,,,,,,,,,,,,,,,,
no_ortho_TcruziDm28c2017,UPLA4FNT,NALN6,2HP6MPMOm,LYSTRSm,METTRSm,PPTTm,UPLA4NT,HBZOPT6,HBZOPT6m_1,TPK1,DOLASNT,HISTRSm,PHETRSm,ARGTRSm,TRPTRSm,r0016,FEROt,NDH1_4ppc,NDH1_3uc,CHOPT_LNA_LNA_c,,,,,,,,,,,,,,,,,,,,,,,,,,,,,,,,,,,,,,,,,,,,,,,,,,,,,,,,,,,,,,,,,,,,,,,,,,,,,,,,,,,
no_ortho_TbruceiTREU927,2AGPGAT141,HEMEOSm,CD2t4,2AGPGAT161,AHSERL3,2AGPEAT141,2HP6MPMOm,FTHFLmi,LYSTRSm,METTRSm,PPTTm,HBZOPT6,HBZOPT6m_1,APAPTm,HEMEOSm_1,2AGPEAT161,APCS,DOLASNT,ACSERL,CYSS_m,THIORDXm,ENLIPIDAt1exc,DAGCPT,,,,,,,,,,,,,,,,,,,,,,,,,,,,,,,,,,,,,,,,,,,,,,,,,,,,,,,,,,,,,,,,,,,,,,,,,,,,,,,,
no_ortho_Pyoeliiyoelii17XNL,ILETRSm,THRTRSm,VALTRSm,NTRARf,CD2t4,HISTRSm,PHETRSm,LYSTRSm,METTRSm,PPTTm,FEDCabc,ALATL,APAPTm,ASPTRSm,CRNCARtm,DOLASNT,ARGTRSm,LEUTRSm,ASNTRSm,FCLTm,TRPTRSm,SECYSTL,ENLIPIDAt1exc,CYO1b2pp_sync,CYO1bpp_sync,biomass,r2228,HMR_0876nhs,r2182,,,,,,,,,,,,,,,,,,,,,,,,,,,,,,,,,,,,,,,,,,,,,,,,,,,,,,,,,,,,,,,,,,,,,,,,,,
PfalciparumSN01,ILETRSm,THRTRSm,VALTRSm,CDGGGPP3,CD2t4,ASNTRSm,HISTRSm,PHETRSm,AGPAT190,LYSTRSm,METTRSm,PPTTm,HBZOPT6,FEDCabc,APAPTm,ASPTRSm,CRNCARtm,CDGGGPP4,DOLASNT,LEUTRSm,PTPATe,TYRTRSm,ARGTRSm,TRPTRSm,ENLIPIDAt1exc,CYO1b2pp_sync,CYO1bpp_sync,THZPSN_mt2,THZPSNm,GHMT2r_ap,DOLPMT3,FCLT_ap,,,,,,,,,,,,,,,,,,,,,,,,,,,,,,,,,,,,,,,,,,,,,,,,,,,,,,,,,,,,,,,,,,,,,,,
no_ortho_NausubeliERTm6,PANTS,GRTT2,CD2t4,UPLA4FNT,NaKt_1,ALATA_D2,GRTT,HBZOPT6,THZPSN3,ANPRT,r0016,GTHPe,FEROt,DOLASNTc,ANTPPTc,PLDAGAT_MYRS_EPA_ARA_PC_1_c,PLDAGAT_LNA_EPA_LNA_PE_15_c,PLDAGAT_HDE_HDE_LNA_PE_13_c,PLDAGAT_HDE_MYRS_LNA_PE_15_c,ACOADAGAT_MYRS_EPA_ARA_c,,,,,,,,,,,,,,,,,,,,,,,,,,,,,,,,,,,,,,,,,,,,,,,,,,,,,,,,,,,,,,,,,,,,,,,,,,,,,,,,,,,
no_ortho_HeriocheirGB1,GRTT2,NaKt_1,GRTT,DIPS,PINOS_SC,UDPDPS,HBZOPT6,FEDCabc,YUMPS,PSUDS,CDIPTr_cho,ANPRT,ANTPPTc,ENLIPIDAt1exc,GTHPe,,,,,,,,,,,,,,,,,,,,,,,,,,,,,,,,,,,,,,,,,,,,,,,,,,,,,,,,,,,,,,,,,,,,,,,,,,,,,,,,,,,,,,,,
no_ortho_PrelictumSGS1-like,HEMEOSm,ILETRSm,THRTRSm,VALTRSm,CD2t4,DHPS2,UPLA4FNT,ASNTRSm,HISTRSm,PHETRSm,TRPTRSm,AGPAT190,LYSTRSm,METTRSm,PPTTm,HBZOPT6,FEDCabc,ALATL,APAPTm,HEMEOSm_1,ASPTRSm,CRNCARtm,DOLASNT,HEMELm,HCGALm,SECYSTL,CYO1bpp_sync,ENLIPIDAt1exc,CYO1b2pp_sync,biomass,PLDAGAT_MYRS_ARA_HDE_PC_1_c,PLDAGAT_HDE_EPA_LNA_PE_9_c,PLDAGAT_EPA_EPA_ARA_PC_5_c,PLDAGAT_EPA_EPA_DHA_PE_13_c,PLDAGAT_HDE_EPA_LNA_PC_3_c,PLDAGAT_PALM_EPA_LNA_PC_3_c,ACOADAGAT_EPA_EPA_DHA_c,PLDAGAT_EPA_EPA_ARA_PC_4_c,,,,,,,,,,,,,,,,,,,,,,,,,,,,,,,,,,,,,,,,,,,,,,,,,,,,,,,,,,,,,,,,,
Pchabaudichabaudi,HEMEOSm,ILETRSm,THRTRSm,VALTRSm,CD2t4,HISTRSm,PHETRSm,TRPTRSm,AGPAT190,GHMT2rm,LYSTRSm,METTRSm,PPTTm,HBZOPT6,FEDCabc,APAPTm,HEMEOSm_1,ASPTRSm,CRNCARtm,DOLASNT,HEMELm,HCGALm,SECYSTL,CYO1b2pp_sync,CYO1bpp_sync,FCLT_ap,DOLPMT3,GHMT2r_m,GHMT2r_ap,,,,,,,,,,,,,,,,,,,,,,,,,,,,,,,,,,,,,,,,,,,,,,,,,,,,,,,,,,,,,,,,,,,,,,,,,,
no_ortho_VbrassicaformisCCMP3155,BTS3r,MCBTS3,UPLA4FNT,HISTRSm,PHETRSm,NALN6,MCBTS2,MCBTS,AGPAT190,GLCTR2,LYSTRSm,PPTTm,GLCR1TRB1,HBZOPT6m_1,MCPST,CRNCARtm,GLCR1TRA1,TPK1,CODH2r,DOLASNT,r0016,ARGTRSm,CYSS_m,FEROt,DVPCHLD646ORc,3NTYROXDAppc,ENLIPIDAt1exc,DVPCHLD450ORc,PSI_2c,,,,,,,,,,,,,,,,,,,,,,,,,,,,,,,,,,,,,,,,,,,,,,,,,,,,,,,,,,,,,,,,,,,,,,,,,,
no_ortho_Pvinckeivinckeivinckei,CERS226,ILETRSm,THRTRSm,VALTRSm,CD2t4,UPLA4FNT,HISTRSm,PHETRSm,TRPTRSm,AGPAT190,LYSTRSm,METTRSm,PPTTm,HBZOPT6,FEDCabc,ALATL,APAPTm,CERS224,CRNCARtm,DOLASNT,FCLTm,ARGTRSm,LEUTRSm,ASNTRSm,SECYSTL,CBFCc,biomass,,,,,,,,,,,,,,,,,,,,,,,,,,,,,,,,,,,,,,,,,,,,,,,,,,,,,,,,,,,,,,,,,,,,,,,,,,,,
no_ortho_EhistolyticaHM1IMSS-A,NORRDX,UPLA4FNT,NALN6,UPLA4NT,TPK1,r0016,FEROt,DOLASNTc,ENLIPIDAt1exc,,,,,,,,,,,,,,,,,,,,,,,,,,,,,,,,,,,,,,,,,,,,,,,,,,,,,,,,,,,,,,,,,,,,,,,,,,,,,,,,,,,,,,,,,,,,,,
no_ortho_NceranaeBRL01,PANTS,NaKt_1,I2FE2SR,HBZOPT6,GLUS_F420,LIPO3S24_BS,SERTRS,THZPSN3,ANPRT,CDIPTr_cho,SERTRS2,ANTPPTc,DXHPScmc,FAS80ACPm_Lc,ENLIPIDAt1exc,GHMT2r,,,,,,,,,,,,,,,,,,,,,,,,,,,,,,,,,,,,,,,,,,,,,,,,,,,,,,,,,,,,,,,,,,,,,,,,,,,,,,,,,,,,,,,
no_ortho_TcruzimarinkelleiB7,HEMEOSm,LIPOS,NALN6,IPDDI3x,AHSERL3,I2FE2SR,2HP6MPMOm,FTHFLmi,LYSTRSm,METTRSm,PPTTm,HBZOPT6,HBZOPT6m_1,IPDDI3y,APAPTm,HEMEOSm_1,ACSERLm,APCS,BC10_new,UDPDPS2,DMATT2,DOLASNT,ACSERL,IPDPUPT,CYSS_m,NDP3ex,ENLIPIDAt1exc,CHOPT_PALM_EPA_c,ACOADAGAT_EPA_EPA_DHA_c,CHOPT_LNA_LNA_c,PLDAGAT_HDE_PALM_LNA_PC_7_c,PLDAGAT_PALM_PALM_LNA_PE_12_c,MOAT2,CHOPT_OLE_EPA_c,CHOPT_MYRS_OLE_c,GAT1_LLA,CHOPT_MYRS_DHA_c,AGAT_LLA,,,,,,,,,,,,,,,,,,,,,,,,,,,,,,,,,,,,,,,,,,,,,,,,,,,,,,,,,,,,,,,,,
PcynomolgiB,ILETRSm,THRTRSm,VALTRSm,ASNTRSm,HISTRSm,PHETRSm,LYSTRSm,METTRSm,PPTTm,FEDCabc,APAPTm,ASPTRSm,CRNCARtm,DOLASNT,PTPATe,SUCRe,LEUTRSm,r0707,ARGTRSm,NDP10ex,TRPTRSm,r0497,CYANSTm,CYANST,SECYSTL,NDP3ex,CBFCc,FCLT_ap,DOLPMT3,GHMT2r_ap,,,,,,,,,,,,,,,,,,,,,,,,,,,,,,,,,,,,,,,,,,,,,,,,,,,,,,,,,,,,,,,,,,,,,,,,,
no_ortho_CfasciculataCfCl,SQD2_160,SQD2_183_9_12_15,NALN6,SQD2_183_6_9_12,SQD2_181,FTHFLmi,LYSTRSm,METTRSm,PPTTm,HBZOPT6m_1,FEDCabc,SQD2_161,SQD2_181_9,SQD2_182_9_12,APAPTm,HEMEOSm_1,CRNCARtm,TPK1,SQD2_180,SQD2_184_6_9_12_15,DOLASNT,NDP3ex,LACZe,ENLIPIDAt1exc,RHAT1,NADPNe,,,,,,,,,,,,,,,,,,,,,,,,,,,,,,,,,,,,,,,,,,,,,,,,,,,,,,,,,,,,,,,,,,,,,,,,,,,,,
no_ortho_LpyrrhocorisH10,SQD2_160,SQD2_183_9_12_15,CD2t4,NALN6,SQD2_183_6_9_12,SQD2_181,FTHFLmi,LYSTRSm,METTRSm,PPTTm,HBZOPT6m_1,FEDCabc,SQD2_161,SQD2_181_9,SQD2_182_9_12,HEMEOSm_1,TECA2S,TPK1,SQD2_180,SQD2_184_6_9_12_15,DOLASNT,NDP3ex,LACZe,ASNNe,ENLIPIDAt1exc,,,,,,,,,,,,,,,,,,,,,,,,,,,,,,,,,,,,,,,,,,,,,,,,,,,,,,,,,,,,,,,,,,,,,,,,,,,,,,
no_ortho_GintestinalisAssemblageBGS,PPPNDO,CERH124,NORRDX,F4H2O,PYDXO_1,NODOx,NODOy,PYAM5PO,SARCOX,ROO,CINNDO,CERH126,HBZOPT6,PDX5POi,PYDXNO,G13MT,ENLIPIDAt1exc,LLDH_ferr_xc,LLDH_ferr_mc,DOLASNTc,3NTYROXDAppc,protein_bm,ETHAPT_DHA_STC_c,CHOPT_PALM_DHA_c,CHOPT_DHA_EPA_c,ETHAPT_PALM_DHA_c,LPEAT_EPA_DHA_sn2_c,ETHAPT,CHOPT_OLE_OLE_c,PCW3DS_PALM_EPA_sn2_c,AGPATCOA_MYRS_EPA_c,ETHAPT_OLE_OLE_c,ETHAPT_MYRS_STC_c,ETHAPT_OLE_HDE_c,PCW3DS_DHA_EPA_sn2_c,DAGCPT,ETHAPT_DHA_EPA_c,PLDAGAT_LNA_EPA_LNA_PC_7_c,CHOPT_DHA_STC_c,PCW3DS_EPA_ALNA_sn2_c,,,,,,,,,,,,,,,,,,,,,,,,,,,,,,,,,,,,,,,,,,,,,,,,,,,,,,,,,,,,,,,
PfalciparumML01,ILETRSm,THRTRSm,VALTRSm,CDGGGPP3,CD2t4,ASNTRSm,HISTRSm,PHETRSm,AGPAT190,LYSTRSm,METTRSm,PPTTm,HBZOPT6,FEDCabc,APAPTm,ASPTRSm,CRNCARtm,CDGGGPP4,DOLASNT,LEUTRSm,PTPATe,TYRTRSm,ARGTRSm,TRPTRSm,CYO1b2pp_sync,ENLIPIDAt1exc,CYO1bpp_sync,THZPSN_mt2,THZPSNm,GHMT2r_ap,DOLPMT3,FCLT_ap,,,,,,,,,,,,,,,,,,,,,,,,,,,,,,,,,,,,,,,,,,,,,,,,,,,,,,,,,,,,,,,,,,,,,,,
no_ortho_EaedisUSNM41457,PANTS,4M2OPLOXRD,PLDAGAT16018111Z1819Z2,PLDAGAT16018111Z1819Z4,PLDAGAT16018111Z1601,PLDAGAT16018111Z1602,PLDAGAT18111Z18111Z1601,PLDAGAT18111Z18111Z18111Z2,PLDAGAT18111Z18111Z1819Z4,HBZOPT6,NTRARz,PLDAGAT16018111Z18111Z1,PLDAGAT16018111Z18111Z2,PLDAGAT16018111Z1819Z3,PLDAGAT18111Z18111Z1819Z3,THZPSN3,3M2OBLOXRD,3M2OPLOXRD,TPK1,PLDAGAT16018111Z18111Z3,PLDAGAT16018111Z1819Z1,PLDAGAT18111Z18111Z1602,PLDAGAT18111Z18111Z18111Z1,PLDAGAT18111Z18111Z18111Z3,PLDAGAT18111Z18111Z1819Z1,PLDAGAT18111Z18111Z1819Z2,ANPRT,CDIPTr_cho,r0016,FEROt,ANTPPTc,ENLIPIDAt1exc,,,,,,,,,,,,,,,,,,,,,,,,,,,,,,,,,,,,,,,,,,,,,,,,,,,,,,,,,,,,,,,,,,,,,,,
no_ortho_EinvadensIP1,2AGPGAT141,MCBTS3,2AGPGAT161,UPLA4FNT,NALN6,MCBTS2,MCBTS,2AGPEAT141,UPLA4NT,HBZOPT6,2AGPEAT161,NTR3B,r0016,FEROt,DOLASNTc,DVPCHLD646ORc,PCHLD646ORc,DVPCHLD450ORc,PCHLD450ORc,protein_bm,,,,,,,,,,,,,,,,,,,,,,,,,,,,,,,,,,,,,,,,,,,,,,,,,,,,,,,,,,,,,,,,,,,,,,,,,,,,,,,,,,,
no_ortho_CveliaCCMP2878,BTS3r,DHORD3,MCBTS3,BTSr,HISTRSm,PHETRSm,NALN6,MCBTS2,MCBTS,DHORD2,2HP6MPMOm,LYSTRSm,PPTTm,HBZOPT6m_1,MCPST,CRNCARtm,TPK1,DOLASNT,URO,DOPABMO,ARGTRSm,r0016,NNDPRm,GOX_m,FEROt,DVPCHLD646ORc,DVPCHLD450ORc,ENLIPIDAt1exc,,,,,,,,,,,,,,,,,,,,,,,,,,,,,,,,,,,,,,,,,,,,,,,,,,,,,,,,,,,,,,,,,,,,,,,,,,,
no_ortho_EhepatopenaeiTH1,PANTS,UPLA4FNT,ALATA_D2,GRTT,UDPDPS,UPLA4NT,HBZOPT6,THZPSN3,TPK1,IPDPUPT,UAGPT2,ANPRT,ANTPPTc,DXHPScmc,PLDAGAT_LNA_EPA_ARA_PC_4_c,PLDAGAT_HDE_EPA_HDE_PE_15_c,PCW3DS_LNA_EPA_sn2_c,ETHAPT_STC_STC_c,ETHAPT_LNA_EPA_c,PLDAGAT_HDE_EPA_HDE_PC_5_c,PCD6DS_HDE_GLNA_sn2_c,ETHAPT_OLE_PALM_c,ETHAPT_DHA_DHA_c,PLDAGAT_HDE_EPA_LNA_PC_4_c,ETHAPT_LNA_LNA_c,CHOPT_STC_HDE_c,MOATN,PCD12DS_LNA_LNA_sn1_c,CHOPT_OLE_MYRS_c,ETHAPT_DHA_OLE_c,CHOPT_DHA_OLE_c,ETHAPT_LNA_ALNA_c,PCW3DS_STC_EPA_sn2_c,PLDAGAT_MYRS_EPA_HDE_PC_5_c,PLDAGAT_LNA_EPA_ARA_PC_6_c,ETHAPT_OLE_MYRS_c,ETHAPT_MYRS_LNA_c,PLDAGAT16018111Z1819Z2,ETHAPT_DHA_LNA_c,ETHAPT_OLE_ARA_c,ETHAPT_PALM_EPA_c,PLDAGAT_MYRS_EPA_LNA_PE_11_c,PLDAGAT_PALM_EPA_LNA_PC_6_c,ETHAPT_PALM_DHA_c,PLDAGAT_DHA_EPA_ARA_PC_6_c,ETHAPT_MYRS_OLE_c,CHOPT_LNA_LNA_c,PLDAGAT_PALM_EPA_LNA_PE_14_c,PLDAGAT_MYRS_EPA_HDE_PC_8_c,CHOPT_DHA_DHA_c,ETHAPT_STC_HDE_c,CHOPT_OLE_PALM_c,PCD6DS_STC_GLNA_sn2_c,,,,,,,,,,,,,,,,,,,,,,,,,,,,,,,,,,,,,,,,,,,,,,,,,,
no_ortho_CtyzzeriUGA55,FAS141ACPm,FAS181ACPm,SUCFUMtm,THRTRSm,VALTRSm,HEXTT,PREPTHS2,MCBTS3,GRTT2,MEGLYXYLAMH,PTOR,3OAS121,3OAS80,ULA4NFT,FAS182ACPm,HBZOPT6m,HEMEOMOm,HISTRSm,TRPTRSm,MCBTS2,MCBTS,AMYe,GLYCOe,LIDOAMH,3OAS60,ALATA_D2,DMATT,OPMEACPS,2HP6MPMOm,FAS80ACPm_L,GHMT2rm,LYSTRSm,METTRSm,HBZOPT6,HBZOPT6m_1,FEDCabc,ALATL,3OAS141,THZPSN3,ASPTRSm,CRNCARtm,FAS161ACPm,UDPDPS2,AMYLe,DOLASNT,IPDPUPT,SECYSTL,DVPCHLD646ORc,PCHLD646ORc,DVPCHLD450ORc,ENLIPIDAt1exc,PCHLD450ORc,,,,,,,,,,,,,,,,,,,,,,,,,,,,,,,,,,,,,,,,,,,,,,,,,,,
no_ortho_CcayetanensisCHN_HEN01,2AGPGAT141,THRTRSm,VALTRSm,MCBTS3,HISTRSm,PHETRSm,FOLD3,MCBTS2,MCBTS,AGPAT190,2AGPEAT141,DHORD2,LYSTRSm,METTRSm,PPTTm,HBZOPT6,HBZOPT6m_1,ALATL,G12MT4,CRNCARtm,DOLASNT,G12MT3,TRPTRSm,ASNTRSm,r0016,ARGTRSm,LEUTRSm,ILETRSm,CYSS_m,FEROt,GRGTc,ENLIPIDAt1exc,PCMEH2ppc,,,,,,,,,,,,,,,,,,,,,,,,,,,,,,,,,,,,,,,,,,,,,,,,,,,,,,,,,,,,,,,,,,,,,,
Pfalciparum7G8,ILETRSm,THRTRSm,VALTRSm,CDGGGPP3,CD2t4,ASNTRSm,HISTRSm,PHETRSm,AGPAT190,LYSTRSm,METTRSm,PPTTm,HBZOPT6,FEDCabc,APAPTm,ASPTRSm,CRNCARtm,CDGGGPP4,DOLASNT,LEUTRSm,PTPATe,TYRTRSm,ARGTRSm,TRPTRSm,CYO1bpp_sync,CYO1b2pp_sync,ENLIPIDAt1exc,THZPSN_mt2,THZPSNm,GHMT2r_ap,DOLPMT3,FCLT_ap,FA141COAabcp,HMR_2635,CHOLESACATc,AGPATCOA_EPA_EPA_c,CARN1836Z9Z12Zt_m,AGPATCOA_EPA_DHA_c,,,,,,,,,,,,,,,,,,,,,,,,,,,,,,,,,,,,,,,,,,,,,,,,,,,,,,,,,,,,,,,,,
no_ortho_Heriocheircanceri,GRTT2,NaKt_1,GRTT,DIPS,UDPDPS,HBZOPT6,FEDCabc,THZPSN3,YUMPS,PSUDS,TALA,TAhc,ENLIPIDAt1exc,GTHPe,,,,,,,,,,,,,,,,,,,,,,,,,,,,,,,,,,,,,,,,,,,,,,,,,,,,,,,,,,,,,,,,,,,,,,,,,,,,,,,,,,,,,,,,,
no_ortho_EmoshkovskiiLaredo,2AGPGAT141,MCBTS3,NORRDX,NALN6,PPDIMAS,MCBTS2,MCBTS,2AGPEAT141,FEDCabc,THZPSN3,TPK1,PDIMAS,DMATT2,UDCPDPex,NADDPe,LACZe,DOLASNTc,ADOCBLPPc,ENLIPIDAt1exc,,,,,,,,,,,,,,,,,,,,,,,,,,,,,,,,,,,,,,,,,,,,,,,,,,,,,,,,,,,,,,,,,,,,,,,,,,,,,,,,,,,,
no_ortho_HhammondiHH34,2AGPGAT141,THRTRSm,VALTRSm,IACGAMS,CD2t4,HISTRSm,PHETRSm,2AGPEAT141,LYSTRSm,METTRSm,PPTTm,HBZOPT6,HBZOPT6m_1,MCPST,ASPTRSm,DOLASNT,ARGTRSm,r0016,TRPTRSm,CYSS_m,FEROt,PCHLD450ORc,DVPCHLD646ORc,PCHLD646ORc,DVPCHLD450ORc,ENLIPIDAt1exc,,,,,,,,,,,,,,,,,,,,,,,,,,,,,,,,,,,,,,,,,,,,,,,,,,,,,,,,,,,,,,,,,,,,,,,,,,,,,
no_ortho_OcolligataOC4,2AGPGAT120,2AGPGAT141,2AGPGAT180,PANTS,4M2OPLOXRD,GRTT2,2AGPEAT140,2AGPEAT160,2AGPGAT161,2AGPEAT141,2AGPGAT160,GRTT,DIPS,HBZOPT6,2AGPEAT120,2AGPEAT161,2AGPEAT180,2AGPEAT181,2AGPGAT140,2AGPGAT181,SERTRS,3M2OBLOXRD,3M2OPLOXRD,ANPRT,SHSL2,SERTRS2,OHPHM6nc,ANTPPTc,DXHPScmc,GTHPe,,,,,,,,,,,,,,,,,,,,,,,,,,,,,,,,,,,,,,,,,,,,,,,,,,,,,,,,,,,,,,,,,,,,,,,,,
PfalciparumHB3,ILETRSm,THRTRSm,VALTRSm,CDGGGPP3,CD2t4,ASNTRSm,HISTRSm,PHETRSm,AGPAT190,LYSTRSm,METTRSm,PPTTm,HBZOPT6,FEDCabc,APAPTm,ASPTRSm,CRNCARtm,CDGGGPP4,DOLASNT,LEUTRSm,PTPATe,TYRTRSm,ARGTRSm,TRPTRSm,CYO1b2pp_sync,CYO1bpp_sync,ENLIPIDAt1exc,THZPSN_mt2,THZPSNm,GHMT2r_ap,DOLPMT3,FCLT_ap,,,,,,,,,,,,,,,,,,,,,,,,,,,,,,,,,,,,,,,,,,,,,,,,,,,,,,,,,,,,,,,,,,,,,,,
no_ortho_TcruziSylvioX10-1-2012,FAS141ACPm,FAS181ACPm,UPLA4FNT,FAS182ACPm,NALN6,I2FE2SR,2HP6MPMOm,FAS80ACPm_L,LYSTRSm,METTRSm,PPTTm,UPLA4NT,HBZOPT6,HBZOPT6m_1,FAS161ACPm,TPK1,BC10_new,DOLASNT,LIDOAMH,ASNNe,HISTRSm,PHETRSm,NDP10ex,ARGTRSm,r0707,HCO3Ee,TREHe,TRPTRSm,NDP3ex,HMR_0824nhs,,,,,,,,,,,,,,,,,,,,,,,,,,,,,,,,,,,,,,,,,,,,,,,,,,,,,,,,,,,,,,,,,,,,,,,,,
PfalciparumCD01,ILETRSm,THRTRSm,VALTRSm,CDGGGPP3,CD2t4,ASNTRSm,HISTRSm,PHETRSm,AGPAT190,LYSTRSm,METTRSm,PPTTm,HBZOPT6,FEDCabc,APAPTm,ASPTRSm,CDGGGPP4,DOLASNT,SUCRe,LEUTRSm,PTPATe,TYRTRSm,r0707,ARGTRSm,DADAe,TRPTRSm,NDP10ex,r0497,ENLIPIDAt1exc,CBFCc,THZPSN_mt2,THZPSNm,GHMT2r_ap,DOLPMT3,FCLT_ap,LPSe_cho,LDL_HSSYNnhs,LPSenhs,,,,,,,,,,,,,,,,,,,,,,,,,,,,,,,,,,,,,,,,,,,,,,,,,,,,,,,,,,,,,,,,,
PvivaxSal1,HEMEOSm,ILETRSm,THRTRSm,VALTRSm,CD2t4,ASNTRSm,HISTRSm,PHETRSm,FTHFLmi,GHMT2rm,LYSTRSm,METTRSm,PPTTm,HBZOPT6m_1,FEDCabc,APAPTm,HEMEOSm_1,ASPTRSm,CRNCARtm,DOLASNT,HEMELm,SECYSTL,HCGALm,CYO1bpp_sync,CYO1b2pp_sync,ENLIPIDAt1exc,DOLPMT3,GHMT2r_m,GHMT2r_ap,HBZOPTm,FCLT_ap,,,,,,,,,,,,,,,,,,,,,,,,,,,,,,,,,,,,,,,,,,,,,,,,,,,,,,,,,,,,,,,,,,,,,,,,
no_ortho_TbruceiLister427_2018,2AGPGAT141,HEMEOSm,CD2t4,AHSERL3,2AGPEAT141,LYSTRSm,METTRSm,PPTTm,HBZOPT6,HBZOPT6m_1,APAPTm,HEMEOSm_1,APCS,DOLASNT,ACSERL,NDP3ex,CYSS_m,ENLIPIDAt1exc,PLDAGAT_LNA_EPA_ARA_PC_8_c,PLDAGAT_LNA_EPA_ARA_PC_6_c,IDL_HSSYNnhs,LPS3enhs,HGPHT,LDL_HSSYNnhs,LPSenhs,CHOPT_OLE_EPA_c,2_7_8_3,FUMt2_2pp,CHOPT_PALM_HDE_c,PLDAGAT_HDE_MYRS_PALM_PE_12_c,CTBTt2rpp,CHOPT_MYRS_HDE_c,PLDAGAT_HDE_EPA_PALM_PE_12_c,DHNAPHT,PLDAGAT_MYRS_EPA_ARA_PE_9_c,PLDAGAT_EPA_EPA_ARA_PC_6_c,PLDAGAT_MYRS_EPA_ARA_PC_1_c,,,,,,,,,,,,,,,,,,,,,,,,,,,,,,,,,,,,,,,,,,,,,,,,,,,,,,,,,,,,,,,,,,
no_ortho_PvivaxP01,HEMEOSm,ILETRSm,THRTRSm,VALTRSm,DHPS,NTRARf,CD2t4,DHPS2,ASNTRSm,HISTRSm,PHETRSm,LYSTRSm,METTRSm,PPTTm,FEDCabc,ALATL,APAPTm,HEMEOSm_1,DOLASNT,HEMELm,SECYSTL,HCGALm,CYO1b2pp_sync,ENLIPIDAt1exc,CYO1bpp_sync,biomass,LPCAT_STC_EPA_sn2_c,PLDAGAT_OLE_EPA_DHA_PC_8_c,PLDAGAT_HDE_PALM_LNA_PC_8_c,LPCAT_STC_DPA_sn2_c,PLDAGAT_PALM_EPA_LNA_PC_8_c,OGLT,PLDAGAT_HDE_PALM_LNA_PC_7_c,PLDAGAT_PALM_EPA_DHA_PC_8_c,PLDAGAT_LNA_EPA_LNA_PC_7_c,PLDAGAT_MYRS_ARA_HDE_PC_8_c,PLDAGAT_DHA_EPA_ARA_PC_7_c,PLDAGAT_HDE_ARA_ARA_PC_8_c,ACOADAGAT_EPA_EPA_EPA_c,PLDAGAT_DHA_EPA_ARA_PC_5_c,,,,,,,,,,,,,,,,,,,,,,,,,,,,,,,,,,,,,,,,,,,,,,,,,,,,,,,,,,,,,,,
no_ortho_AspWSBS2006,2AGPGAT120,2AGPGAT141,AACPS9,2AGPEAT140,2AGPGAT161,AACPS1,AACPS4,AACPS7,NaKt_1,2AGPEAT141,ALATA_D2,DIPS,NNMT,HBZOPT6,FEDCabc,2AGPEAT120,2AGPEAT161,2AGPGAT140,AACPS2,AACPS8,TPK1,TREHe,OCOAT1,NDP3ex,OHPHM6nc,AHALc,protein_bm,GLS2e,NADDPe,,,,,,,,,,,,,,,,,,,,,,,,,,,,,,,,,,,,,,,,,,,,,,,,,,,,,,,,,,,,,,,,,,,,,,,,,,
no_ortho_PvinckeipetteriCR,ILETRSm,THRTRSm,VALTRSm,NTRARf,CD2t4,UPLA4FNT,HISTRSm,PHETRSm,TRPTRSm,LYSTRSm,METTRSm,PPTTm,HBZOPT6,FEDCabc,ALATL,APAPTm,ASPTRSm,CERS224,CRNCARtm,DOLASNT,ARGTRSm,ASNTRSm,LEUTRSm,FCLTm,CBFCc,biomass,,,,,,,,,,,,,,,,,,,,,,,,,,,,,,,,,,,,,,,,,,,,,,,,,,,,,,,,,,,,,,,,,,,,,,,,,,,,,
no_ortho_EhistolyticaHM3IMSS,2AGPGAT141,NORRDX,UPLA4FNT,NALN6,2AGPEAT141,UPLA4NT,TPK1,DMATT2,r0016,FEROt,DOLASNTc,ENLIPIDAt1exc,protein_bm,PLDAGAT_LNA_EPA_ARA_PE_13_c,ARTFR208_cho,PLDAGAT_DHA_EPA_ARA_PE_13_c,PLDAGAT_LNA_EPA_ARA_PC_7_c,PLDAGAT_LNA_EPA_GLNA_PE_12_c,PCW3DS_OLE_ALNA_sn2_c,PLDAGAT_HDE_EPA_OLE_PE_11_c,PCW3DS_DHA_EPA_sn2_c,ARTFR32_cho,,,,,,,,,,,,,,,,,,,,,,,,,,,,,,,,,,,,,,,,,,,,,,,,,,,,,,,,,,,,,,,,,,,,,,,,,,,,,,,,,
no_ortho_PfalciparumKH02,ILETRSm,THRTRSm,VALTRSm,CDGGGPP3,CD2t4,ASNTRSm,HISTRSm,PHETRSm,AGPAT190,LYSTRSm,METTRSm,PPTTm,HBZOPT6,ALATL,APAPTm,ASPTRSm,CRNCARtm,CDGGGPP4,DOLASNT,LEUTRSm,TYRTRSm,ARGTRSm,TRPTRSm,FCLTm,CYO1bpp_sync,CYO1b2pp_sync,ENLIPIDAt1exc,biomass,,,,,,,,,,,,,,,,,,,,,,,,,,,,,,,,,,,,,,,,,,,,,,,,,,,,,,,,,,,,,,,,,,,,,,,,,,,
Pyoeliiyoelii17XNL,ILETRSm,THRTRSm,VALTRSm,CD2t4,UPLA4FNT,HISTRSm,PHETRSm,LYSTRSm,METTRSm,PPTTm,FEDCabc,APAPTm,ASPTRSm,CRNCARtm,DOLASNT,ARGTRSm,LEUTRSm,ASNTRSm,TRPTRSm,SECYSTL,ENLIPIDAt1exc,CYO1b2pp_sync,CYO1bpp_sync,GHMT2r_ap,DOLPMT3,FCLT_ap,MOGAT_cho,PHAPC120,,,,,,,,,,,,,,,,,,,,,,,,,,,,,,,,,,,,,,,,,,,,,,,,,,,,,,,,,,,,,,,,,,,,,,,,,,,
Pvivax-likePvl01,ILETRSm,THRTRSm,VALTRSm,CD2t4,HISTRSm,LEUTRSm,PHETRSm,LYSTRSm,METTRSm,HBZOPT6,APAPTm,G12MT4,ASPTRSm,CRNCARtm,DOLASNT,G12MT3,PTPATe,ASNTRSm,TRPTRSm,ARGTRSm,ENLIPIDAt1exc,CBFCc,DOLPMT1_c,DOLPMT3,GHMT2r_ap,FCLT_ap,ACOADAGAT_EPA_EPA_DHA_c,PLDAGAT_LNA_EPA_ARA_PE_14_c,PLDAGAT_HDE_EPA_LNA_PC_5_c,PLDAGAT_EPA_EPA_LNA_PC_1_c,ACOADAGAT_MYRS_EPA_DHA_c,PLDAGAT_LNA_EPA_GLNA_PE_9_c,LPCAT_PALM_EPA_sn2_c,PLDAGAT_LNA_EPA_LNA_PC_5_c,PLDAGAT_HDE_EPA_ARA_PE_14_c,PLDAGAT_HDE_EPA_LNA_PE_11_c,PLDAGAT_HDE_EPA_ARA_PC_4_c,PLDAGAT_HDE_ARA_ARA_PC_5_c,PLIPA2A141pp,PLDAGAT_MYRS_EPA_LNA_PE_11_c,PLDAGAT_HDE_ARA_ARA_PC_1_c,PLDAGAT_LNA_EPA_ARA_PC_5_c,PLDAGAT_HDE_MYRS_HDE_PC_6_c,PLDAGAT_PALM_HDE_HDE_PC_6_c,PLDAGAT_LNA_EPA_GLNA_PC_3_c,,,,,,,,,,,,,,,,,,,,,,,,,,,,,,,,,,,,,,,,,,,,,,,,,,,,,,,,,,
no_ortho_PconfusumCUL13,HEMEOSm,THRTRSm,VALTRSm,MCBTS3,SQD2_160,SQD2_183_9_12_15,CD2t4,MOCOS,WCOS,NALN6,MCBTS2,MCBTS,SQD2_183_6_9_12,SQD2_181,CYANST,2HP6MPMOm,FTHFLmi,GHMT2rm,LYSTRSm,METTRSm,NNDPRm,PPTTm,HBZOPT6,HBZOPT6m_1,FEDCabc,SQD2_161,SQD2_181_9,SQD2_182_9_12,ALATL,APAPTm,HEMEOSm_1,LIPO3S24_BS,TPK1,SQD2_180,SQD2_184_6_9_12_15,DOLASNT,SULOm,SECYSTL,NDP3ex,UDCPDPex,RE1860E,PENAMc,AHALc,ENLIPIDAt1exc,,,,,,,,,,,,,,,,,,,,,,,,,,,,,,,,,,,,,,,,,,,,,,,,,,,,,,,,,,,
no_ortho_PblacklockiG01,ILETRSm,THRTRSm,VALTRSm,CDGGGPP3,ASNTRSm,HISTRSm,PHETRSm,LYSTRSm,METTRSm,HBZOPT6,FEDCabc,ALATL,APAPTm,ASPTRSm,CRNCARtm,TPK1,CDGGGPP4,DOLASNT,ARGTRSm,LEUTRSm,TYRTRSm,TRPTRSm,FCLTm,CBFCc,ENLIPIDAt1exc,biomass,,,,,,,,,,,,,,,,,,,,,,,,,,,,,,,,,,,,,,,,,,,,,,,,,,,,,,,,,,,,,,,,,,,,,,,,,,,,,
no_ortho_EhellemSwiss,PANTS,4M2OPLOXRD,DIPS,HBZOPT6,AGPAT120,3M2OBLOXRD,3M2OPLOXRD,CDIPTr_cho,ANPRT,r0016,FEROt,L_LACD,ANTPPTc,OHPHM6nc,ENLIPIDAt1exc,GTHPe,,,,,,,,,,,,,,,,,,,,,,,,,,,,,,,,,,,,,,,,,,,,,,,,,,,,,,,,,,,,,,,,,,,,,,,,,,,,,,,,,,,,,,,
no_ortho_TparvaMuguga,CERS226,C100SN,CERS126,EPISTAT_SC,AGPAT190,CERS124,ZYMSTAT_SC,HBZOPT6,FEDCabc,S2FE2SR,CERS224,ERGSTAT_SC,FECOSTAT_SC,LANOSTAT_SC,TPK1,AGPAT160190,CYANST,GLCNACT_cho,UAGPT2,CYO1bpp_sync,AHALc,CYO1b2pp_sync,HBZOPT6mc,,,,,,,,,,,,,,,,,,,,,,,,,,,,,,,,,,,,,,,,,,,,,,,,,,,,,,,,,,,,,,,,,,,,,,,,,,,,,,,,
no_ortho_GintestinalisAssemblageEP15,CERH124,NORRDX,F4H2O,PYDXO_1,NODOx,NODOy,PYAM5PO,ROO,NaKt_1,CERH126,HBZOPT6,FEDCabc,ACGAMT,PDX5POi,PYDXNO,GLCNACT_cho,3NTYROXDAppc,ENLIPIDAt1exc,LLDH_ferr_mc,DOLASNTc,LLDH_ferr_xc,,,,,,,,,,,,,,,,,,,,,,,,,,,,,,,,,,,,,,,,,,,,,,,,,,,,,,,,,,,,,,,,,,,,,,,,,,,,,,,,,,
no_ortho_PfalciparumKH01,ILETRSm,THRTRSm,VALTRSm,CDGGGPP3,CD2t4,ASNTRSm,HISTRSm,PHETRSm,AGPAT190,LYSTRSm,METTRSm,PPTTm,HBZOPT6,ALATL,APAPTm,ASPTRSm,CRNCARtm,CDGGGPP4,DOLASNT,LEUTRSm,TYRTRSm,ARGTRSm,TRPTRSm,FCLTm,ENLIPIDAt1exc,CYO1b2pp_sync,CYO1bpp_sync,biomass,,,,,,,,,,,,,,,,,,,,,,,,,,,,,,,,,,,,,,,,,,,,,,,,,,,,,,,,,,,,,,,,,,,,,,,,,,,
no_ortho_TtheileriEdinburgh,THRTRSm,VALTRSm,UPLA4FNT,NALN6,2HP6MPMOm,LYSTRSm,METTRSm,PPTTm,UPLA4NT,HBZOPT6,HBZOPT6m_1,ALATL,DOLASNT,ARGTRSm,PHETRSm,HISTRSm,TRPTRSm,FCLTm,r0016,FEROt,NDH1_4ppc,ENLIPIDAt1exc,CYSS_1,,,,,,,,,,,,,,,,,,,,,,,,,,,,,,,,,,,,,,,,,,,,,,,,,,,,,,,,,,,,,,,,,,,,,,,,,,,,,,,,
no_ortho_ThominisUnknown,C160SN,GRTT2,C100SN,PLDAGAT16018111Z1819Z2,PLDAGAT16018111Z1819Z4,PLDAGAT1601819Z1601,PLDAGAT1601819Z18111Z1,PLDAGAT1601819Z1819Z3,PLDAGAT1601819Z1819Z4,PLDAGAT18111Z1819Z1601,PLDAGAT18111Z1819Z1602,PLDAGAT18111Z1819Z18111Z1,PLDAGAT1819Z18111Z1601,PLDAGAT1819Z18111Z1819Z1,PLDAGAT1819Z18111Z1819Z4,PLDAGAT1819Z1819Z18111Z1,PLDAGAT1819Z1819Z18111Z2,PLDAGAT1819Z1819Z18111Z3,C181SN,PLDAGAT16018111Z1601,PLDAGAT16018111Z1602,PLDAGAT1601819Z18111Z2,PLDAGAT1601819Z18111Z3,PLDAGAT1801819Z18111Z1,PLDAGAT1801819Z1819Z3,PLDAGAT18111Z18111Z1601,PLDAGAT18111Z18111Z18111Z2,PLDAGAT18111Z18111Z1819Z4,PLDAGAT18111Z1819Z1819Z1,PLDAGAT18111Z1819Z1819Z3,PLDAGAT18111Z1819Z1819Z4,PLDAGAT1819Z18111Z1819Z2,PLDAGAT1819Z1819Z1601,PLDAGAT1819Z1819Z1819Z1,PLDAGAT1819Z1819Z1819Z2,PLDAGAT1819Z1819Z1819Z3,PLDAGAT1819Z1819Z1819Z4,GRTT,HBZOPT6,C180SN,PLDAGAT16018111Z18111Z1,PLDAGAT16018111Z18111Z2,PLDAGAT16018111Z1819Z3,PLDAGAT1801819Z1819Z2,PLDAGAT18111Z18111Z1819Z3,PLDAGAT18111Z1819Z18111Z2,PLDAGAT18111Z1819Z18111Z3,PLDAGAT1819Z18111Z1602,PLDAGAT1819Z18111Z18111Z1,PLDAGAT1819Z18111Z18111Z3,PLDAGAT1819Z18111Z1819Z3,C140SN,PLDAGAT16018111Z18111Z3,PLDAGAT16018111Z1819Z1,PLDAGAT1601819Z1602,PLDAGAT1601819Z1819Z1,PLDAGAT1601819Z1819Z2,PLDAGAT1801819Z1601,PLDAGAT1801819Z1602,PLDAGAT1801819Z18111Z2,PLDAGAT1801819Z18111Z3,PLDAGAT1801819Z1819Z1,PLDAGAT1801819Z1819Z4,PLDAGAT18111Z18111Z1602,PLDAGAT18111Z18111Z18111Z1,PLDAGAT18111Z18111Z18111Z3,PLDAGAT18111Z18111Z1819Z1,PLDAGAT18111Z18111Z1819Z2,PLDAGAT18111Z1819Z1819Z2,PLDAGAT1819Z18111Z18111Z2,PLDAGAT1819Z1819Z1602,TGUAPRT,r0016,ANPRT,MCCC,PTPATe,FEROt,ENLIPIDAt1exc,MCTCc,ANTPPTc,protein_bm,,,,,,,,,,,,,,,,,,,,,,
no_ortho_LpanamensisMHOMCOL81L13,THRTRSm,VALTRSm,SQD2_183_9_12_15,CD2t4,SQD2_183_6_9_12,2HP6MPMOm,LYSTRSm,METTRSm,PPTTm,HBZOPT6m_1,SQD2_181_9,SQD2_182_9_12,ALATL,APAPTm,HEMEOSm_1,LIPO3S24_BS,APCS,CRNCARtm,TECA2S,OMMBLHX6m,TPK1,SQD2_184_6_9_12_15,DOLASNT,SULOm,FEROt,r0016,SECYSTL,ENLIPIDAt1exc,PLDAGAT_EPA_EPA_LNA_PE_13_c,PLDAGAT_MYRS_EPA_LNA_PE_13_c,PLDAGAT_MYRS_EPA_LNA_PE_11_c,MOAT_HP,HMR_0841nhs,MOAT3C,PLDAGAT_HDE_EPA_LNA_PC_7_c,PLDAGAT_OLE_PALM_HDE_PE_14_c,PLDAGAT_DHA_EPA_ARA_PC_1_c,PLDAGAT_OLE_PALM_HDE_PE_9_c,PLDAGAT_DHA_EPA_ARA_PC_6_c,PLDAGAT_HDE_EPA_LNA_PE_11_c,CHOPT_MYRS_EPA_c,HMR_0852nhs,PLDAGAT_MYRS_HDE_HDE_PE_14_c,,,,,,,,,,,,,,,,,,,,,,,,,,,,,,,,,,,,,,,,,,,,,,,,,,,,,,,,,,,,
no_ortho_TgondiiVEG,2AGPGAT141,THRTRSm,VALTRSm,MCBTS3,HISTRSm,PHETRSm,MCBTS2,MCBTS,2AGPEAT141,DHORD2,LYSTRSm,METTRSm,PPTTm,HBZOPT6,HBZOPT6m_1,ALATL,MCPST,ASPTRSm,DOLASNT,TRPTRSm,ARGTRSm,r0016,FEROt,CYSS_m,ENLIPIDAt1exc,DVPCHLD646ORc,PCHLD646ORc,PCHLD450ORc,DVPCHLD450ORc,,,,,,,,,,,,,,,,,,,,,,,,,,,,,,,,,,,,,,,,,,,,,,,,,,,,,,,,,,,,,,,,,,,,,,,,,,
no_ortho_ChominisTU502_2012,THRTRSm,VALTRSm,HEXTT,PREPTHS2,MCBTS3,GRTT2,PTOR,ULA4NFT,HBZOPT6m,HEMEOMOm,HISTRSm,TRPTRSm,MCBTS2,MCBTS,DMATT,2HP6MPMOm,LYSTRSm,METTRSm,HBZOPT6,HBZOPT6m_1,ALATL,THZPSN3,ASPTRSm,CRNCARtm,UDPDPS2,DOLASNT,IPDPUPT,r0016,ARGTRSm,FCLTm,PHETRSm,FEROt,HMR_4777,AGPAT1801819Zhc,AGPAT1819Z1819Zhc,AGPAT1601819Zhc,AGPAT18111Z1819Zhc,ENLIPIDAt1exc,,,,,,,,,,,,,,,,,,,,,,,,,,,,,,,,,,,,,,,,,,,,,,,,,,,,,,,,,,,,,,,,,
no_ortho_BbovisT2Bo,C100SN,UPLA4FNT,EPISTAT_SC,ALATA_D2,ZYMSTAT_SC,UPLA4NT,HBZOPT6,FEDCabc,S2FE2SR,ERGSTAT_SC,FECOSTAT_SC,LANOSTAT_SC,CYANST,AHALc,FAS80ACPm_Lc,HBZOPT6mc,DOLASNTc,CYO1bpp_sync,CYO1b2pp_sync,,,,,,,,,,,,,,,,,,,,,,,,,,,,,,,,,,,,,,,,,,,,,,,,,,,,,,,,,,,,,,,,,,,,,,,,,,,,,,,,,,,,
no_ortho_EpraecoxHoughton,HBZOPT,MCBTS3,DES_9,MEGLYXYLAMH,CD2t4,LIPOS,CYO1b,MCBTS2,MCBTS,LIDOAMH,DHORD2,DMATT,OPHHX,C22STDSx,DIPS,LYSTRSm,HBZOPT6,ALATL,CITALOR,G12MT4,ACSERLm,AMALT1,MCPST,S2FE2SR,DDMCITALOR,DMCITALOR,DOLASNT,G12MT3,G13MT,LEUTRSm,TRPTRSm,r0497,CPPPGO,r0707,ILETRSm,THRTRSm,ARGTRSm,NDP10ex,HCO3Ee,DDPAm,HISTRSm,TYRTRSm,TREHe,FCLTm,ASNNe,HMR_4777,AMETt2m,SECYSTL,CYSS_m,ENLIPIDAt1exc,DMTc,SQLErxc,FAO240pc,CPPPGO_1c,GPPShc,CHYA2c,ZHYc,AMOc,protein_bm,PLDAGAT_HDE_HDE_LNA_PC_1_c,4HBHYOX,PLDAGAT_HDE_HDE_LNA_PC_8_c,RHAT1,PCW3DS_DHA_ALNA_sn2_c,PLDAGAT_HDE_HDE_LNA_PC_2_c,PCD6DS_PALM_GLNA_sn2_c,,,,,,,,,,,,,,,,,,,,,,,,,,,,,,,,,,,,,
no_ortho_EacervulinaHoughton,THRTRSm,VALTRSm,MCBTS3,ASNTRSm,HEMEOMOm,HISTRSm,LEUTRSm,PHETRSm,MCBTS2,MCBTS,2HP6MPMOm,LYSTRSm,HBZOPT6,ALATL,G12MT4,MCPST,ASPTRSm,DOLASNT,G12MT3,ARGTRSm,ILETRSm,TRPTRSm,r0016,FEROt,ENLIPIDAt1exc,,,,,,,,,,,,,,,,,,,,,,,,,,,,,,,,,,,,,,,,,,,,,,,,,,,,,,,,,,,,,,,,,,,,,,,,,,,,,,
no_ortho_PgaboniG01,ILETRSm,THRTRSm,VALTRSm,CD2t4,ASNTRSm,HISTRSm,LEUTRSm,PHETRSm,LYSTRSm,METTRSm,PPTTm,HBZOPT6,FEDCabc,ALATL,APAPTm,ASPTRSm,CRNCARtm,DOLASNT,TYRTRSm,ARGTRSm,TRPTRSm,CBFCc,biomass,,,,,,,,,,,,,,,,,,,,,,,,,,,,,,,,,,,,,,,,,,,,,,,,,,,,,,,,,,,,,,,,,,,,,,,,,,,,,,,,
no_ortho_PknowlesiH,HEMEOSm,ILETRSm,THRTRSm,VALTRSm,CD2t4,DHPS2,UPLA4FNT,ASNTRSm,HISTRSm,PHETRSm,FTHFLmi,GHMT2rm,LYSTRSm,METTRSm,PPTTm,HBZOPT6,FEDCabc,ALATL,APAPTm,HEMEOSm_1,ASPTRSm,CRNCARtm,DOLASNT,HEMELm,SECYSTL,HCGALm,ENLIPIDAt1exc,CYO1bpp_sync,CYO1b2pp_sync,biomass,,,,,,,,,,,,,,,,,,,,,,,,,,,,,,,,,,,,,,,,,,,,,,,,,,,,,,,,,,,,,,,,,,,,,,,,,
no_ortho_TequiWA,EPISTAT_SC,AGPAT190,ZYMSTAT_SC,HBZOPT6,FEDCabc,S2FE2SR,ERGSTAT_SC,FECOSTAT_SC,LANOSTAT_SC,COCHL,PCMEH2ppc,CYO1b2pp_sync,HBZOPT6mc,CYO1bpp_sync,DOLASNTc,PIMACPS_m,r2374,,,,,,,,,,,,,,,,,,,,,,,,,,,,,,,,,,,,,,,,,,,,,,,,,,,,,,,,,,,,,,,,,,,,,,,,,,,,,,,,,,,,,,
no_ortho_NparisiiERTm1,2AGPGAT141,PANTS,UDCPDPS,MCCC,2AGPEAT141,ALATA_D2,HBZOPT6,THZPSN3,ANPRT,DOLASNTc,ANTPPTc,protein_bm,GTHPe,,,,,,,,,,,,,,,,,,,,,,,,,,,,,,,,,,,,,,,,,,,,,,,,,,,,,,,,,,,,,,,,,,,,,,,,,,,,,,,,,,,,,,,,,,
no_ortho_CfelisWinnie,C100SN,EPISTAT_SC,UREASE,ZYMSTAT_SC,HBZOPT6,FEDCabc,S2FE2SR,ERGSTAT_SC,FECOSTAT_SC,LANOSTAT_SC,ENLIPIDAt1exc,DOLASNTc,CBFCc,AHALc,HBZOPT6mc,,,,,,,,,,,,,,,,,,,,,,,,,,,,,,,,,,,,,,,,,,,,,,,,,,,,,,,,,,,,,,,,,,,,,,,,,,,,,,,,,,,,,,,,
no_ortho_BovataMiyake,2AGPGAT141,2AGPGAT161,2AGPEAT141,ALATA_D2,HBZOPT6,FEDCabc,2AGPEAT161,S2FE2SR,ERGSTAT_SC,CYANST,CBFCc,CEFc,FAS80ACPm_Lc,DOLASNTc,BCAROKTc,,,,,,,,,,,,,,,,,,,,,,,,,,,,,,,,,,,,,,,,,,,,,,,,,,,,,,,,,,,,,,,,,,,,,,,,,,,,,,,,,,,,,,,,
no_ortho_LdonovaniCL-SL,THRTRSm,VALTRSm,SQD2_160,SQD2_183_9_12_15,CD2t4,SQD2_183_6_9_12,SQD2_181,LYSTRSm,METTRSm,PPTTm,HBZOPT6m_1,SQD2_161,SQD2_181_9,SQD2_182_9_12,ALATL,TECA2S,TPK1,SQD2_180,SQD2_184_6_9_12_15,DOLASNT,LEUTRSm,PHETRSm,TRPTRSm,ARGTRSm,r0016,HISTRSm,ASNTRSm,ILETRSm,FEROt,ENLIPIDAt1exc,LPSSYN_HPc,PLDAGAT_DHA_EPA_DHA_PE_12_c,PLDAGAT_OLE_EPA_DHA_PE_12_c,PLDAGAT_DHA_EPA_DHA_PC_8_c,PLDAGAT_OLE_EPA_DHA_PE_10_c,,,,,,,,,,,,,,,,,,,,,,,,,,,,,,,,,,,,,,,,,,,,,,,,,,,,,,,,,,,,,,,,,,,,
no_ortho_PneurophiliaMK1,PANTS,PLDAGAT16018111Z1819Z2,PLDAGAT16018111Z1819Z4,PLDAGAT1601819Z1601,PLDAGAT1601819Z18111Z1,PLDAGAT1601819Z1819Z3,PLDAGAT1601819Z1819Z4,PLDAGAT18111Z1819Z1601,PLDAGAT18111Z1819Z1602,PLDAGAT18111Z1819Z18111Z1,PLDAGAT1819Z18111Z1601,PLDAGAT1819Z18111Z1819Z1,PLDAGAT1819Z18111Z1819Z4,PLDAGAT1819Z1819Z18111Z1,PLDAGAT1819Z1819Z18111Z2,PLDAGAT1819Z1819Z18111Z3,NaKt_1,PLDAGAT16018111Z1601,PLDAGAT16018111Z1602,PLDAGAT1601819Z18111Z2,PLDAGAT1601819Z18111Z3,PLDAGAT1801819Z18111Z1,PLDAGAT1801819Z1819Z3,PLDAGAT18111Z18111Z1601,PLDAGAT18111Z18111Z18111Z2,PLDAGAT18111Z18111Z1819Z4,PLDAGAT18111Z1819Z1819Z1,PLDAGAT18111Z1819Z1819Z3,PLDAGAT18111Z1819Z1819Z4,PLDAGAT1819Z18111Z1819Z2,PLDAGAT1819Z1819Z1601,PLDAGAT1819Z1819Z1819Z1,PLDAGAT1819Z1819Z1819Z2,PLDAGAT1819Z1819Z1819Z3,PLDAGAT1819Z1819Z1819Z4,ALATA_D2,HBZOPT6,PLDAGAT16018111Z18111Z1,PLDAGAT16018111Z18111Z2,PLDAGAT16018111Z1819Z3,PLDAGAT1801819Z1819Z2,PLDAGAT18111Z18111Z1819Z3,PLDAGAT18111Z1819Z18111Z2,PLDAGAT18111Z1819Z18111Z3,PLDAGAT1819Z18111Z1602,PLDAGAT1819Z18111Z18111Z1,PLDAGAT1819Z18111Z18111Z3,PLDAGAT1819Z18111Z1819Z3,THZPSN3,PLDAGAT16018111Z18111Z3,PLDAGAT16018111Z1819Z1,PLDAGAT1601819Z1602,PLDAGAT1601819Z1819Z1,PLDAGAT1601819Z1819Z2,PLDAGAT1801819Z1601,PLDAGAT1801819Z1602,PLDAGAT1801819Z18111Z2,PLDAGAT1801819Z18111Z3,PLDAGAT1801819Z1819Z1,PLDAGAT1801819Z1819Z4,PLDAGAT18111Z18111Z1602,PLDAGAT18111Z18111Z18111Z1,PLDAGAT18111Z18111Z18111Z3,PLDAGAT18111Z18111Z1819Z1,PLDAGAT18111Z18111Z1819Z2,PLDAGAT18111Z1819Z1819Z2,PLDAGAT1819Z18111Z18111Z2,PLDAGAT1819Z1819Z1602,ANPRT,ENLIPIDAt1exc,ANTPPTc,,,,,,,,,,,,,,,,,,,,,,,,,,,,,,,,
no_ortho_Pchabaudichabaudi,HEMEOSm,ILETRSm,THRTRSm,VALTRSm,DHPS,NTRARf,CD2t4,DHPS2,HISTRSm,PHETRSm,TRPTRSm,AGPAT190,GHMT2rm,LYSTRSm,METTRSm,PPTTm,HBZOPT6,FEDCabc,ALATL,APAPTm,HEMEOSm_1,ASPTRSm,CRNCARtm,DOLASNT,HEMELm,HCGALm,SECYSTL,CYO1b2pp_sync,CYO1bpp_sync,biomass,PLDAGAT_LNA_EPA_ARA_PC_3_c,PLDAGAT_EPA_EPA_LNA_PC_1_c,PLDAGAT_LNA_EPA_ARA_PC_4_c,PLDAGAT_MYRS_EPA_LNA_PC_1_c,,,,,,,,,,,,,,,,,,,,,,,,,,,,,,,,,,,,,,,,,,,,,,,,,,,,,,,,,,,,,,,,,,,,,
Pfalciparum3D7,HEMEOSm,ILETRSm,THRTRSm,VALTRSm,CDGGGPP3,CD2t4,ASNTRSm,HISTRSm,PHETRSm,AGPAT190,GHMT2rm,LYSTRSm,METTRSm,PPTTm,HBZOPT6,FEDCabc,ALATL,APAPTm,HEMEOSm_1,ASPTRSm,CRNCARtm,CDGGGPP4,DOLASNT,HEMELm,SECYSTL,HCGALm,CYO1b2pp_sync,CYO1bpp_sync,ENLIPIDAt1exc,biomass,ACCOAC_ap,G3PD1ir_ap,GLUDy_ap,SERTRS2ap,GLUDy_pfap,,,,,,,,,,,,,,,,,,,,,,,,,,,,,,,,,,,,,,,,,,,,,,,,,,,,,,,,,,,,,,,,,,,,
no_ortho_GniphandrodesUnknown,THRTRSm,VALTRSm,MCBTS3,CDGGGPP3,MEGLYXYLAMH,DHPS2,DHORD4i,HEMEOMOm,HISTRSm,MCBTS2,MCBTS,LIDOAMH,AHSERL3,LYSTRSm,METTRSm,FEDCabc,ALATL,APAPTm,THZPSN3,CDGGGPP4,DOLASNT,ACSERL,DHPS2_1,r0497,ILETRSm,TRPTRSm,PHETRSm,TREHe,ASNTRSm,NDP10ex,ARGTRSm,ASNNe,LEUTRSm,r0093,NTD7e,NTD9e,LACZe,CD2t4,NTD4e,CYSS_m,UACGALPppc,UACGAMPppc,ENLIPIDAt1exc,UDPGALPppc,,,,,,,,,,,,,,,,,,,,,,,,,,,,,,,,,,,,,,,,,,,,,,,,,,,,,,,,,,,
PcynomolgiM,ILETRSm,THRTRSm,VALTRSm,CD2t4,ASNTRSm,HISTRSm,PHETRSm,LYSTRSm,METTRSm,PPTTm,FEDCabc,APAPTm,ASPTRSm,CRNCARtm,DOLASNT,PTPATe,LEUTRSm,ARGTRSm,TRPTRSm,SECYSTL,CYO1b2pp_sync,ENLIPIDAt1exc,CYO1bpp_sync,FCLT_ap,DOLPMT3,GHMT2r_ap,,,,,,,,,,,,,,,,,,,,,,,,,,,,,,,,,,,,,,,,,,,,,,,,,,,,,,,,,,,,,,,,,,,,,,,,,,,,,
no_ortho_AcastellaniiNeff,BTS3r,MCBTS3,NALN6,MCBTS2,MCBTS,AGPAT182_9_12,CODH2r,r0016,r0281,FEROt,ENLIPIDAt1exc,DOLASNTc,CLPNSm_SCc,DVPCHLD450ORc,PCHLD450ORc,ANXANASCORc,3NTYROXDAppc,DVPCHLD646ORc,PCHLD646ORc,,,,,,,,,,,,,,,,,,,,,,,,,,,,,,,,,,,,,,,,,,,,,,,,,,,,,,,,,,,,,,,,,,,,,,,,,,,,,,,,,,,,
Pgallinaceum8A,HEMEOSm,ILETRSm,THRTRSm,VALTRSm,CD2t4,UPLA4FNT,ASNTRSm,HISTRSm,PHETRSm,TRPTRSm,AGPAT190,LYSTRSm,METTRSm,PPTTm,HBZOPT6,FEDCabc,APAPTm,ASPTRSm,CRNCARtm,DOLASNT,HEMELm,SECYSTL,HCGALm,CYO1b2pp_sync,CYO1bpp_sync,ENLIPIDAt1exc,FCLT_ap,DOLPMT3,GHMT2r_ap,CHOLESACATc,PLDAGAT_OLE_EPA_DHA_PE_14_c,PLDAGAT_EPA_EPA_DHA_PE_14_c,,,,,,,,,,,,,,,,,,,,,,,,,,,,,,,,,,,,,,,,,,,,,,,,,,,,,,,,,,,,,,,,,,,,,,,
no_ortho_NbombycisCQ1,2AGPGAT141,PANTS,4M2OPLOXRD,C160SN,ARGORNt7,C181SN,2AGPEAT141,C180SN,SERTRS,3M2OBLOXRD,3M2OPLOXRD,C140SN,ANPRT,r0016,L_LACD,FEROt,SERTRS2c,ENLIPIDAt1exc,ANTPPTc,protein_bm,GHMT2r,,,,,,,,,,,,,,,,,,,,,,,,,,,,,,,,,,,,,,,,,,,,,,,,,,,,,,,,,,,,,,,,,,,,,,,,,,,,,,,,,,
no_ortho_Slophii42_110,PANTS,GRTT2,PLDAGAT16018111Z1819Z2,PLDAGAT16018111Z1819Z4,PLDAGAT1601819Z1601,PLDAGAT1601819Z18111Z1,PLDAGAT1601819Z1819Z3,PLDAGAT1601819Z1819Z4,PLDAGAT18111Z1819Z1601,PLDAGAT18111Z1819Z1602,PLDAGAT18111Z1819Z18111Z1,PLDAGAT1819Z18111Z1601,PLDAGAT1819Z18111Z1819Z1,PLDAGAT1819Z18111Z1819Z4,PLDAGAT1819Z1819Z18111Z1,PLDAGAT1819Z1819Z18111Z2,PLDAGAT1819Z1819Z18111Z3,PLDAGAT16018111Z1601,PLDAGAT16018111Z1602,PLDAGAT1601819Z18111Z2,PLDAGAT1601819Z18111Z3,PLDAGAT1801819Z18111Z1,PLDAGAT1801819Z1819Z3,PLDAGAT18111Z18111Z1601,PLDAGAT18111Z18111Z18111Z2,PLDAGAT18111Z18111Z1819Z4,PLDAGAT18111Z1819Z1819Z1,PLDAGAT18111Z1819Z1819Z3,PLDAGAT18111Z1819Z1819Z4,PLDAGAT1819Z18111Z1819Z2,PLDAGAT1819Z1819Z1601,PLDAGAT1819Z1819Z1819Z1,PLDAGAT1819Z1819Z1819Z2,PLDAGAT1819Z1819Z1819Z3,PLDAGAT1819Z1819Z1819Z4,GRTT,HBZOPT6,PLDAGAT16018111Z18111Z1,PLDAGAT16018111Z18111Z2,PLDAGAT16018111Z1819Z3,PLDAGAT1801819Z1819Z2,PLDAGAT18111Z18111Z1819Z3,PLDAGAT18111Z1819Z18111Z2,PLDAGAT18111Z1819Z18111Z3,PLDAGAT1819Z18111Z1602,PLDAGAT1819Z18111Z18111Z1,PLDAGAT1819Z18111Z18111Z3,PLDAGAT1819Z18111Z1819Z3,PLDAGAT16018111Z18111Z3,PLDAGAT16018111Z1819Z1,PLDAGAT1601819Z1602,PLDAGAT1601819Z1819Z1,PLDAGAT1601819Z1819Z2,PLDAGAT1801819Z1601,PLDAGAT1801819Z1602,PLDAGAT1801819Z18111Z2,PLDAGAT1801819Z18111Z3,PLDAGAT1801819Z1819Z1,PLDAGAT1801819Z1819Z4,PLDAGAT18111Z18111Z1602,PLDAGAT18111Z18111Z18111Z1,PLDAGAT18111Z18111Z18111Z3,PLDAGAT18111Z18111Z1819Z1,PLDAGAT18111Z18111Z1819Z2,PLDAGAT18111Z1819Z1819Z2,PLDAGAT1819Z18111Z18111Z2,PLDAGAT1819Z1819Z1602,CDIPTr_cho,ANPRT,ENLIPIDAt1exc,ANTPPTc,FAS80ACPm_Lc,GTHPe,,,,,,,,,,,,,,,,,,,,,,,,,,,,,,
no_ortho_PfalciparumML01,ILETRSm,THRTRSm,VALTRSm,CDGGGPP3,CD2t4,ASNTRSm,HISTRSm,PHETRSm,AGPAT190,LYSTRSm,METTRSm,PPTTm,HBZOPT6,FEDCabc,ALATL,APAPTm,ASPTRSm,CRNCARtm,CDGGGPP4,DOLASNT,LEUTRSm,TYRTRSm,ARGTRSm,TRPTRSm,FCLTm,CYO1b2pp_sync,ENLIPIDAt1exc,CYO1bpp_sync,biomass,GLYt7_211_r,,,,,,,,,,,,,,,,,,,,,,,,,,,,,,,,,,,,,,,,,,,,,,,,,,,,,,,,,,,,,,,,,,,,,,,,,
PovalecurtisiGH01,HEMEOSm,ILETRSm,THRTRSm,VALTRSm,MCBTS3,CD2t4,UPLA4FNT,HISTRSm,PHETRSm,MCBTS2,MCBTS,AGPAT190,GHMT2rm,LYSTRSm,METTRSm,PPTTm,HBZOPT6,FEDCabc,APAPTm,HEMEOSm_1,ASPTRSm,CERS224,DOLASNT,HEMELm,NDP3ex,HCGALm,SECYSTL,ENLIPIDAt1exc,CBFCc,FCLT_ap,DOLPMT3,GHMT2r_m,GHMT2r_ap,PLDAGAT_EPA_EPA_LNA_PC_8_c,PLDAGAT_EPA_EPA_LNA_PC_2_c,,,,,,,,,,,,,,,,,,,,,,,,,,,,,,,,,,,,,,,,,,,,,,,,,,,,,,,,,,,,,,,,,,,,
no_ortho_BbigeminaBOND,2AGPGAT141,UPLA4FNT,2AGPEAT141,ALATA_D2,UPLA4NT,HBZOPT6,FEDCabc,S2FE2SR,ERGSTAT_SC,CDIPTr_cho,CYANST,DOLASNTc,CBFCc,,,,,,,,,,,,,,,,,,,,,,,,,,,,,,,,,,,,,,,,,,,,,,,,,,,,,,,,,,,,,,,,,,,,,,,,,,,,,,,,,,,,,,,,,,
no_ortho_Pyoeliiyoelii17X,HEMEOSm,ILETRSm,THRTRSm,VALTRSm,DHPS,NTRARf,CD2t4,DHPS2,UPLA4FNT,HISTRSm,PHETRSm,TRPTRSm,2HP6MPMOm,LYSTRSm,METTRSm,PPTTm,HBZOPT6,ALATL,APAPTm,HEMEOSm_1,ASPTRSm,CRNCARtm,DOLASNT,HEMELm,SECYSTL,CYOOm2,HCGALm,CYO1b2pp_sync,ENLIPIDAt1exc,CYO1bpp_sync,biomass,,,,,,,,,,,,,,,,,,,,,,,,,,,,,,,,,,,,,,,,,,,,,,,,,,,,,,,,,,,,,,,,,,,,,,,,
no_ortho_TbruceiLister427,CD2t4,AHSERL3,2HP6MPMOm,LYSTRSm,METTRSm,PPTTm,HBZOPT6,HBZOPT6m_1,DOLASNT,ACSERL,r0016,TRPTRSm,HISTRSm,PHETRSm,ARGTRSm,THIORDXm,FEROt,CYSS_m,ENLIPIDAt1exc,PLDAGAT_LNA_EPA_ARA_PC_6_c,CHOPT_OLE_HDE_c,CHOPT_PALM_EPA_c,CHOPT_MYRS_PALM_c,CHOPT_OLE_PALM_c,CHOPT_STC_PALM_c,CHOPT_OLE_DHA_c,CHOPT_MYRS_DHA_c,PLDAGAT_PALM_EPA_LNA_PC_4_c,2_7_8_3,PLDAGAT_LNA_EPA_ARA_PC_2_c,PLDAGAT_EPA_EPA_ARA_PC_3_c,PLDAGAT_LNA_EPA_LNA_PE_9_c,PLDAGAT_HDE_MYRS_LNA_PC_4_c,CHOPT_STC_DHA_c,CHOPT_STC_EPA_c,ACOADAGAT_EPA_EPA_DHA_c,PLDAGAT_MYRS_EPA_LNA_PC_3_c,CHOPT_LNA_LNA_c,PLDAGAT_OLE_HDE_OLE_PE_11_c,PLDAGAT_MYRS_EPA_LNA_PE_9_c,,,,,,,,,,,,,,,,,,,,,,,,,,,,,,,,,,,,,,,,,,,,,,,,,,,,,,,,,,,,,,,
no_ortho_LpanamensisMHOMPA94PSC1,THRTRSm,VALTRSm,SQD2_160,SQD2_183_9_12_15,CD2t4,SQD2_183_6_9_12,SQD2_181,2HP6MPMOm,LYSTRSm,METTRSm,PPTTm,HBZOPT6m_1,SQD2_161,SQD2_181_9,SQD2_182_9_12,ALATL,TECA2S,OMMBLHX6m,TPK1,SQD2_180,SQD2_184_6_9_12_15,DOLASNT,PHETRSm,TRPTRSm,ARGTRSm,r0016,HISTRSm,FEROt,ENLIPIDAt1exc,LPSSYN_HPc,GLXO2p,GLYOp,FA160COAabcp,,,,,,,,,,,,,,,,,,,,,,,,,,,,,,,,,,,,,,,,,,,,,,,,,,,,,,,,,,,,,,,,,,,,,,
no_ortho_Pfalciparum7G8,ILETRSm,THRTRSm,VALTRSm,CDGGGPP3,CD2t4,ASNTRSm,HISTRSm,PHETRSm,AGPAT190,LYSTRSm,METTRSm,PPTTm,HBZOPT6,ALATL,APAPTm,ASPTRSm,CRNCARtm,CDGGGPP4,DOLASNT,LEUTRSm,TYRTRSm,ARGTRSm,TRPTRSm,FCLTm,CYO1bpp_sync,CYO1b2pp_sync,ENLIPIDAt1exc,biomass,,,,,,,,,,,,,,,,,,,,,,,,,,,,,,,,,,,,,,,,,,,,,,,,,,,,,,,,,,,,,,,,,,,,,,,,,,,
PvinckeipetteriCR,CERS226,ILETRSm,THRTRSm,VALTRSm,CD2t4,UPLA4FNT,HISTRSm,PHETRSm,TRPTRSm,DHORD2,LYSTRSm,METTRSm,PPTTm,HBZOPT6,FEDCabc,APAPTm,ASPTRSm,CERS224,DOLASNT,ARGTRSm,PTPATe,ASNTRSm,LEUTRSm,CBFCc,GHMT2r_ap,FCLT_ap,DSBAO1e,DOLPMT3,HMR_1077,FAOXC16OHC16r,ACOADAGAT_DHA_EPA_ARA_c,PLDAGAT_PALM_EPA_ARA_PC_5_c,DHCR71r,,,,,,,,,,,,,,,,,,,,,,,,,,,,,,,,,,,,,,,,,,,,,,,,,,,,,,,,,,,,,,,,,,,,,,
no_ortho_LinfantumJPCM5,THRTRSm,VALTRSm,SQD2_160,SQD2_183_9_12_15,CD2t4,SQD2_183_6_9_12,SQD2_181,2HP6MPMOm,FTHFLmi,GHMT2rm,LYSTRSm,METTRSm,PPTTm,HBZOPT6m_1,SQD2_161,SQD2_181_9,SQD2_182_9_12,ALATL,APAPTm,HEMEOSm_1,LIPO3S24_BS,CRNCARtm,TECA2S,TPK1,SQD2_180,SQD2_184_6_9_12_15,DOLASNT,SULOm,SECYSTL,NDP3ex,LPSSYN_HPc,ENLIPIDAt1exc,,,,,,,,,,,,,,,,,,,,,,,,,,,,,,,,,,,,,,,,,,,,,,,,,,,,,,,,,,,,,,,,,,,,,,,
no_ortho_EintestinalisATCC50506,PANTS,CERS226,4M2OPLOXRD,NaKt_1,ALATA_D2,DIPS,HBZOPT6,THZPSN3,3M2OPLOXRD,CDIPTr_cho,ANPRT,r0016,FEROt,ANTPPTc,OHPHM6nc,,,,,,,,,,,,,,,,,,,,,,,,,,,,,,,,,,,,,,,,,,,,,,,,,,,,,,,,,,,,,,,,,,,,,,,,,,,,,,,,,,,,,,,,
no_ortho_EhistolyticaHM1IMSS,2AGPGAT141,NORRDX,UPLA4FNT,NALN6,2AGPEAT141,UPLA4NT,TPK1,DMATT2,DOLASNTc,ENLIPIDAt1exc,UM4PL,HEPT5N,LPSSYN_HPc,,,,,,,,,,,,,,,,,,,,,,,,,,,,,,,,,,,,,,,,,,,,,,,,,,,,,,,,,,,,,,,,,,,,,,,,,,,,,,,,,,,,,,,,,,
PreichenowiG01,ILETRSm,THRTRSm,VALTRSm,CDGGGPP3,CD2t4,ASNTRSm,HISTRSm,PHETRSm,AGPAT190,DHORD2,LYSTRSm,METTRSm,PPTTm,HBZOPT6,FEDCabc,APAPTm,ASPTRSm,CRNCARtm,CDGGGPP4,DOLASNT,SUCRe,LEUTRSm,PTPATe,r0707,ARGTRSm,TRPTRSm,NDP10ex,r0497,CBFCc,DSBAO1e,GHMT2r_ap,DOLPMT3,FCLT_ap,,,,,,,,,,,,,,,,,,,,,,,,,,,,,,,,,,,,,,,,,,,,,,,,,,,,,,,,,,,,,,,,,,,,,,
PrelictumSGS1-like,HEMEOSm,ILETRSm,THRTRSm,VALTRSm,CD2t4,UPLA4FNT,ASNTRSm,HISTRSm,PHETRSm,TRPTRSm,AGPAT190,LYSTRSm,METTRSm,PPTTm,HBZOPT6,FEDCabc,APAPTm,HEMEOSm_1,ASPTRSm,CRNCARtm,DOLASNT,HEMELm,SECYSTL,CYO1bpp_sync,ENLIPIDAt1exc,CYO1b2pp_sync,FCLT_ap,DOLPMT3,GHMT2r_ap,RHAT1,r0836,,,,,,,,,,,,,,,,,,,,,,,,,,,,,,,,,,,,,,,,,,,,,,,,,,,,,,,,,,,,,,,,,,,,,,,,
no_ortho_PgaboniSY75,ILETRSm,THRTRSm,VALTRSm,CD2t4,ASNTRSm,HISTRSm,LEUTRSm,PHETRSm,LYSTRSm,METTRSm,PPTTm,HBZOPT6,FEDCabc,ALATL,APAPTm,ASPTRSm,CRNCARtm,DOLASNT,TYRTRSm,ARGTRSm,TRPTRSm,FCLTm,CBFCc,biomass,PLDAGAT_MYRS_EPA_ARA_PC_3_c,PLDAGAT_OLE_EPA_EPA_PE_9_c,PLDAGAT_LNA_EPA_ARA_PC_2_c,PLDAGAT_MYRS_EPA_ARA_PC_2_c,PLDAGAT_HDE_PALM_EPA_PE_9_c,,,,,,,,,,,,,,,,,,,,,,,,,,,,,,,,,,,,,,,,,,,,,,,,,,,,,,,,,,,,,,,,,,,,,,,,,,
PfalciparumGN01,ILETRSm,THRTRSm,VALTRSm,CDGGGPP3,CD2t4,ASNTRSm,HISTRSm,PHETRSm,AGPAT190,LYSTRSm,METTRSm,PPTTm,HBZOPT6,FEDCabc,APAPTm,ASPTRSm,CRNCARtm,CDGGGPP4,DOLASNT,LEUTRSm,PTPATe,TYRTRSm,ARGTRSm,TRPTRSm,CYO1b2pp_sync,ENLIPIDAt1exc,CYO1bpp_sync,THZPSN_mt2,THZPSNm,GHMT2r_ap,DOLPMT3,FCLT_ap,,,,,,,,,,,,,,,,,,,,,,,,,,,,,,,,,,,,,,,,,,,,,,,,,,,,,,,,,,,,,,,,,,,,,,,
Pvinckeivinckeivinckei,CERS226,ILETRSm,THRTRSm,VALTRSm,CD2t4,UPLA4FNT,HISTRSm,PHETRSm,TRPTRSm,AGPAT190,LYSTRSm,METTRSm,PPTTm,HBZOPT6,FEDCabc,APAPTm,ASPTRSm,CERS224,CRNCARtm,DOLASNT,ARGTRSm,NDP10ex,PTPATe,r0707,LEUTRSm,ASNTRSm,SUCRe,SECYSTL,NDP3ex,CBFCc,DOLPMT3,GHMT2r_ap,FCLT_ap,,,,,,,,,,,,,,,,,,,,,,,,,,,,,,,,,,,,,,,,,,,,,,,,,,,,,,,,,,,,,,,,,,,,,,
no_ortho_EhellemATCC50504,PANTS,4M2OPLOXRD,AGPAT141,DHPS2,NaKt_1,ALATA_D2,DIPS,HBZOPT6,AGPAT120,3M2OPLOXRD,CDIPTr_cho,ANPRT,DHPS2_1,L_LACD,OHPHM6nc,ENLIPIDAt1exc,ANTPPTc,GTHPe,,,,,,,,,,,,,,,,,,,,,,,,,,,,,,,,,,,,,,,,,,,,,,,,,,,,,,,,,,,,,,,,,,,,,,,,,,,,,,,,,,,,,
PknowlesiH,HEMEOSm,ILETRSm,THRTRSm,VALTRSm,CD2t4,UPLA4FNT,ASNTRSm,HISTRSm,PHETRSm,FTHFLmi,GHMT2rm,LYSTRSm,METTRSm,PPTTm,HBZOPT6,FEDCabc,APAPTm,HEMEOSm_1,ASPTRSm,CRNCARtm,DOLASNT,HEMELm,SECYSTL,HCGALm,ENLIPIDAt1exc,CYO1bpp_sync,CYO1b2pp_sync,FCLT_ap,DOLPMT3,GHMT2r_m,GHMT2r_ap,,,,,,,,,,,,,,,,,,,,,,,,,,,,,,,,,,,,,,,,,,,,,,,,,,,,,,,,,,,,,,,,,,,,,,,,
no_ortho_PfalciparumKE01,ILETRSm,THRTRSm,VALTRSm,CDGGGPP3,CD2t4,ASNTRSm,HISTRSm,PHETRSm,AGPAT190,LYSTRSm,METTRSm,PPTTm,HBZOPT6,FEDCabc,ALATL,APAPTm,ASPTRSm,CRNCARtm,CDGGGPP4,DOLASNT,LEUTRSm,TYRTRSm,ARGTRSm,TRPTRSm,FCLTm,CYO1b2pp_sync,CYO1bpp_sync,ENLIPIDAt1exc,biomass,,,,,,,,,,,,,,,,,,,,,,,,,,,,,,,,,,,,,,,,,,,,,,,,,,,,,,,,,,,,,,,,,,,,,,,,,,
no_ortho_SneuronaSN3,THRTRSm,VALTRSm,DHPS,MCBTS3,ACSERSULLm,DHPS2,UPLA4FNT,HISTRSm,PHETRSm,NALN6,MCBTS2,MCBTS,AGPAT190,AHSERL3,LYSTRSm,METTRSm,PPTTm,HBZOPT6,HBZOPT6m_1,ALATL,HEMEOSm_1,MECDPDH5,TPK1,DOLASNT,HEMELm,ACSERL,CYSS_m,SECYSTL,DVPCHLD646ORc,PCHLD646ORc,DVPCHLD450ORc,PCHLD450ORc,HDSc,,,,,,,,,,,,,,,,,,,,,,,,,,,,,,,,,,,,,,,,,,,,,,,,,,,,,,,,,,,,,,,,,,,,,,
no_ortho_PbillcollinsiG01,ILETRSm,THRTRSm,VALTRSm,CDGGGPP3,CD2t4,ASNTRSm,HISTRSm,PHETRSm,LYSTRSm,METTRSm,PPTTm,HBZOPT6,FEDCabc,ALATL,APAPTm,ASPTRSm,CRNCARtm,CDGGGPP4,LEUTRSm,TYRTRSm,ARGTRSm,TRPTRSm,FCLTm,CBFCc,biomass,PLDAGAT_HDE_ARA_ARA_PC_2_c,PLDAGAT_HDE_ARA_ARA_PC_3_c,LPEAT_LNA_ARA_sn2_c,ACOADAGAT_PALM_EPA_ARA_c,LPEAT_LNA_EPA_sn2_c,PLDAGAT_PALM_EPA_ARA_PC_3_c,,,,,,,,,,,,,,,,,,,,,,,,,,,,,,,,,,,,,,,,,,,,,,,,,,,,,,,,,,,,,,,,,,,,,,,,
no_ortho_GintestinalisAssemblageBGS_B,PPPNDO,CERH124,NORRDX,F4H2O,NODOx,NODOy,SARCOX,ROO,CINNDO,CERH126,HBZOPT6,ENLIPIDAt1exc,LLDH_ferr_xc,LLDH_ferr_mc,DOLASNTc,3NTYROXDAppc,ETHAPT,PLDAGAT_PALM_EPA_LNA_PC_7_c,PCD6DS_HDE_GLNA_sn2_c,PLDAGAT_OLE_PALM_HDE_PE_10_c,,,,,,,,,,,,,,,,,,,,,,,,,,,,,,,,,,,,,,,,,,,,,,,,,,,,,,,,,,,,,,,,,,,,,,,,,,,,,,,,,,,
no_ortho_NparisiiERTm3,2AGPGAT141,PANTS,GRTT2,NaKt_1,2AGPEAT141,ALATA_D2,GRTT,HBZOPT6,THZPSN3,ERGSTAT_SC,ANPRT,DOLASNTc,ANTPPTc,GTHPe,,,,,,,,,,,,,,,,,,,,,,,,,,,,,,,,,,,,,,,,,,,,,,,,,,,,,,,,,,,,,,,,,,,,,,,,,,,,,,,,,,,,,,,,,
no_ortho_TvivaxY486,HEMEOSm,ILETRSm,THRTRSm,VALTRSm,CD2t4,ASNTRSm,NALN6,AHSERL3,2HP6MPMOm,FTHFLmi,LYSTRSm,METTRSm,PPTTm,HBZOPT6,HBZOPT6m_1,FEDCabc,ALATL,APAPTm,HEMEOSm_1,APCS,ACSERL,SECYSTL,CYSS_m,NDP3ex,ENLIPIDAt1exc,NADPNe,,,,,,,,,,,,,,,,,,,,,,,,,,,,,,,,,,,,,,,,,,,,,,,,,,,,,,,,,,,,,,,,,,,,,,,,,,,,,
no_ortho_PreichenowiG01,ILETRSm,THRTRSm,VALTRSm,CDGGGPP3,CD2t4,ASNTRSm,HISTRSm,PHETRSm,AGPAT190,LYSTRSm,METTRSm,PPTTm,HBZOPT6,FEDCabc,ALATL,APAPTm,ASPTRSm,CRNCARtm,CDGGGPP4,DOLASNT,LEUTRSm,ARGTRSm,TRPTRSm,CDIPTr_cho,FCLTm,CBFCc,biomass,ACP1619ZD9DS,GLUS_ferr,ANXANOR,GLUS_nadph,ACP1819ZD9DS_h,,,,,,,,,,,,,,,,,,,,,,,,,,,,,,,,,,,,,,,,,,,,,,,,,,,,,,,,,,,,,,,,,,,,,,,
PfragileNilgiri,ILETRSm,THRTRSm,VALTRSm,CD2t4,ASNTRSm,HISTRSm,LEUTRSm,PHETRSm,DHORD2,LYSTRSm,METTRSm,PPTTm,HBZOPT6,FEDCabc,APAPTm,ASPTRSm,DOLASNT,ARGTRSm,PTPATe,TRPTRSm,SECYSTL,ENLIPIDAt1exc,CBFCc,DSBAO1e,GHMT2r_ap,FCLT_ap,DOLPMT3,P450LTB4r,PLDAGAT_MYRS_EPA_LNA_PC_5_c,AGPATCOA_EPA_DHA_c,PLDAGAT_EPA_EPA_ARA_PC_6_c,RE3289R,ACOADAGAT_MYRS_EPA_DHA_c,,,,,,,,,,,,,,,,,,,,,,,,,,,,,,,,,,,,,,,,,,,,,,,,,,,,,,,,,,,,,,,,,,,,,,
no_ortho_Chominis30976,THRTRSm,VALTRSm,HEXTT,PREPTHS2,MCBTS3,GRTT2,PTOR,ULA4NFT,HBZOPT6m,HEMEOMOm,HISTRSm,TRPTRSm,MCBTS2,MCBTS,DMATT,2HP6MPMOm,LYSTRSm,METTRSm,HBZOPT6,HBZOPT6m_1,ALATL,THZPSN3,ASPTRSm,CRNCARtm,UDPDPS2,DOLASNT,IPDPUPT,PHETRSm,FCLTm,ARGTRSm,r0016,HMR_4777,FEROt,AGPAT1801819Zhc,AGPAT1819Z1819Zhc,GPPShc,ENLIPIDAt1exc,AGPAT1601819Zhc,AGPAT18111Z1819Zhc,,,,,,,,,,,,,,,,,,,,,,,,,,,,,,,,,,,,,,,,,,,,,,,,,,,,,,,,,,,,,,,,
no_ortho_TannulataAnkara,CERS226,SELCYSLY2_1,CERS126,EPISTAT_SC,AGPAT190,CERS124,ZYMSTAT_SC,HBZOPT6,S2FE2SR,CERS224,ERGSTAT_SC,FECOSTAT_SC,LANOSTAT_SC,TPK1,AGPAT160190,CYANST,UAGPT2,r0016,FEROt,AHALc,CYO1bpp_sync,DVPCHLD450ORc,PCHLD450ORc,CYO1b2pp_sync,HBZOPT6mc,DVPCHLD646ORc,PCHLD646ORc,,,,,,,,,,,,,,,,,,,,,,,,,,,,,,,,,,,,,,,,,,,,,,,,,,,,,,,,,,,,,,,,,,,,,,,,,,,,
no_ortho_EdisparSAW760,2AGPGAT141,NORRDX,UPLA4FNT,NALN6,2AGPEAT141,UPLA4NT,FEDCabc,TPK1,DMATT2,NTR3B,NADDPe,LACZe,ADOCBLPPc,DOLASNTc,ENLIPIDAt1exc,,,,,,,,,,,,,,,,,,,,,,,,,,,,,,,,,,,,,,,,,,,,,,,,,,,,,,,,,,,,,,,,,,,,,,,,,,,,,,,,,,,,,,,,
PreichenowiCDC,HEMEOSm,ILETRSm,THRTRSm,VALTRSm,CDGGGPP3,CD2t4,ASNTRSm,HISTRSm,PHETRSm,AGPAT190,GHMT2rm,LYSTRSm,METTRSm,PPTTm,HBZOPT6,FEDCabc,APAPTm,HEMEOSm_1,ASPTRSm,CRNCARtm,CDGGGPP4,DOLASNT,HEMELm,SECYSTL,HCGALm,CYO1bpp_sync,CYO1b2pp_sync,GHMT2r_m,GHMT2r_ap,DOLPMT3,FCLT_ap,,,,,,,,,,,,,,,,,,,,,,,,,,,,,,,,,,,,,,,,,,,,,,,,,,,,,,,,,,,,,,,,,,,,,,,,
PfalciparumDd2,ILETRSm,THRTRSm,VALTRSm,CDGGGPP3,CD2t4,ASNTRSm,HISTRSm,PHETRSm,AGPAT190,LYSTRSm,METTRSm,PPTTm,HBZOPT6,FEDCabc,APAPTm,ASPTRSm,CRNCARtm,CDGGGPP4,DOLASNT,LEUTRSm,PTPATe,TYRTRSm,ARGTRSm,TRPTRSm,CYO1bpp_sync,CYO1b2pp_sync,ENLIPIDAt1exc,THZPSN_mt2,THZPSNm,GHMT2r_ap,DOLPMT3,FCLT_ap,PLDAGAT_HDE_EPA_ARA_PC_3_c,PLDAGAT_MYRS_EPA_ARA_PC_6_c,FAO141p_odd,PLDAGAT_MYRS_EPA_ARA_PC_8_c,PLDAGAT_MYRS_EPA_LNA_PE_12_c,ACOADAGAT_HDE_EPA_EPA_c,PLDAGAT_EPA_EPA_LNA_PC_8_c,23PDE2pp,PLDAGAT_LNA_EPA_ARA_PC_5_c,3NTD2pp_1,AACPDAGAT_HDE_HDE_PALM_h,PLDAGAT_HDE_EPA_DHA_PC_8_c,FA141COAabcp,PLDAGAT_EPA_EPA_LNA_PE_12_c,PLDAGAT_HDE_PALM_LNA_PC_8_c,PLDAGAT_LNA_EPA_ARA_PC_6_c,PLDAGAT_HDE_PALM_LNA_PC_3_c,3OAS180_h,,,,,,,,,,,,,,,,,,,,,,,,,,,,,,,,,,,,,,,,,,,,,,,,,,,,,
no_ortho_TgondiiVAND,2AGPGAT141,THRTRSm,VALTRSm,CD2t4,HISTRSm,PHETRSm,2AGPEAT141,LYSTRSm,METTRSm,PPTTm,HBZOPT6,HBZOPT6m_1,ALATL,MCPST,ASPTRSm,DOLASNT,ARGTRSm,r0016,TRPTRSm,FEROt,CYSS_m,PCHLD450ORc,ENLIPIDAt1exc,DVPCHLD646ORc,PCHLD646ORc,DVPCHLD450ORc,,,,,,,,,,,,,,,,,,,,,,,,,,,,,,,,,,,,,,,,,,,,,,,,,,,,,,,,,,,,,,,,,,,,,,,,,,,,,
no_ortho_EnecatrixHoughton,ILETRSm,THRTRSm,MCBTS3,PBALm,DHPS2,HISTRSm,PHETRSm,MCBTS2,MCBTS,LYSTRSm,PPTTm,HBZOPT6,HBZOPT6m_1,FEDCabc,ALATL,G12MT4,ACSERLm,AMALT1,MCPST,ASPTRSm,CRNCARtm,DOLASNT,G12MT3,ACSERL,VALTRSm,HCGALm,SECYSTL,CYSS_m,ENLIPIDAt1exc,,,,,,,,,,,,,,,,,,,,,,,,,,,,,,,,,,,,,,,,,,,,,,,,,,,,,,,,,,,,,,,,,,,,,,,,,,
no_ortho_AalgeraePRA109,2AGPGAT141,ACONMT,PANTS,PC6YM,CPC6MT,2AGPEAT141,DIPS,HBZOPT6,AACPS2,THZPSN3,YUMPS,PSUDS,CDIPTr_cho,L_LACD,OHPHM6nc,AACP1819ZSc,,,,,,,,,,,,,,,,,,,,,,,,,,,,,,,,,,,,,,,,,,,,,,,,,,,,,,,,,,,,,,,,,,,,,,,,,,,,,,,,,,,,,,,
no_ortho_EcanceriGB1,2AGPGAT120,2AGPGAT141,AACPS9,PANTS,GRTT2,2AGPEAT140,2AGPGAT161,AACPS1,AACPS4,AACPS7,PPDIMAS,AGAIAGT,2AGPEAT141,ALATA_D2,GRTT,DIPS,UDPDPS,HBZOPT6,2AGPEAT120,2AGPEAT161,2AGPGAT140,AACPS2,AACPS8,THZPSN3,PDIMAS,r0016,CDIPTr_cho,FEROt,HMR_0889nhs,GLCNACPT_L,ICDHym,r2420,GTHPe,CPPPGOm,,,,,,,,,,,,,,,,,,,,,,,,,,,,,,,,,,,,,,,,,,,,,,,,,,,,,,,,,,,,,,,,,,,,,
PblacklockiG01,ILETRSm,THRTRSm,VALTRSm,CDGGGPP3,ASNTRSm,HISTRSm,PHETRSm,DHORD2,LYSTRSm,METTRSm,HBZOPT6,FEDCabc,APAPTm,ASPTRSm,CRNCARtm,TPK1,CDGGGPP4,DOLASNT,ARGTRSm,SUCRe,LEUTRSm,PTPATe,TYRTRSm,r0707,TRPTRSm,NDP10ex,r0497,CBFCc,ENLIPIDAt1exc,THZPSN_mt2,THZPSNm,DSBAO1e,GHMT2r_ap,DOLPMT3,FCLT_ap,,,,,,,,,,,,,,,,,,,,,,,,,,,,,,,,,,,,,,,,,,,,,,,,,,,,,,,,,,,,,,,,,,,,
no_ortho_BmicrotiRI,2AGPGAT120,2AGPGAT141,2AGPGAT180,CERS226,SELCYSLY2_1,2AGPEAT140,2AGPEAT160,2AGPGAT161,FAS240_L,AGPAT190,2AGPEAT141,2AGPGAT160,HBZOPT6,2AGPEAT120,2AGPEAT161,2AGPEAT180,2AGPEAT181,2AGPGAT140,2AGPGAT181,S2FE2SR,CERS224,ERGSTAT_SC,TPK1,r0016,PTPATe,CYANST,FEROt,AHALc,CYO1bpp_sync,CYO1b2pp_sync,HBZOPT6mc,,,,,,,,,,,,,,,,,,,,,,,,,,,,,,,,,,,,,,,,,,,,,,,,,,,,,,,,,,,,,,,,,,,,,,,,
no_ortho_BsaltansLakeKonstanz,ILETRSm,MCBTS3,SQD2_183_9_12_15,UPLA4FNT,MCBTS2,MCBTS,SQD2_183_6_9_12,SQD2_181,DHORD2,2HP6MPMOm,LYSTRSm,METTRSm,NNDPRm,PPTTm,UPLA4NT,HBZOPT6m_1,SQD2_161,SQD2_181_9,SQD2_182_9_12,TPK1,SQD2_180,SQD2_184_6_9_12_15,DOLASNT,TRPTRSm,r0016,PHETRSm,ARGTRSm,LEUTRSm,ASNTRSm,HISTRSm,HEMEOSm,HEMEOSm_1,FEROt,ENLIPIDAt1exc,,,,,,,,,,,,,,,,,,,,,,,,,,,,,,,,,,,,,,,,,,,,,,,,,,,,,,,,,,,,,,,,,,,,,
no_ortho_PfalciparumSN01,ILETRSm,THRTRSm,VALTRSm,CDGGGPP3,CD2t4,ASNTRSm,HISTRSm,PHETRSm,AGPAT190,LYSTRSm,METTRSm,PPTTm,HBZOPT6,ALATL,APAPTm,ASPTRSm,CRNCARtm,CDGGGPP4,DOLASNT,LEUTRSm,TYRTRSm,ARGTRSm,TRPTRSm,FCLTm,ENLIPIDAt1exc,CYO1b2pp_sync,CYO1bpp_sync,biomass,,,,,,,,,,,,,,,,,,,,,,,,,,,,,,,,,,,,,,,,,,,,,,,,,,,,,,,,,,,,,,,,,,,,,,,,,,,
no_ortho_LbraziliensisMHOMBR75M2903,THRTRSm,VALTRSm,SQD2_160,SQD2_183_9_12_15,SQD2_183_6_9_12,SQD2_181,2HP6MPMOm,FTHFLmi,GHMT2rm,LYSTRSm,METTRSm,PPTTm,HBZOPT6m_1,SQD2_161,SQD2_181_9,SQD2_182_9_12,ALATL,APAPTm,HEMEOSm_1,LIPO3S24_BS,APCS,CRNCARtm,TECA2S,OMMBLHX6m,TPK1,SQD2_180,SQD2_184_6_9_12_15,DOLASNT,SULOm,r0016,FEROt,SECYSTL,3NTYROXDAppc,ENLIPIDAt1exc,LPSSYN_HPc,,,,,,,,,,,,,,,,,,,,,,,,,,,,,,,,,,,,,,,,,,,,,,,,,,,,,,,,,,,,,,,,,,,,
no_ortho_TgondiiRH,S2FE2SS2,SADT2,S2FE2SR,S2FE2SS,protein_bm,YUMPS,PSUDS,GLS2e,,,,,,,,,,,,,,,,,,,,,,,,,,,,,,,,,,,,,,,,,,,,,,,,,,,,,,,,,,,,,,,,,,,,,,,,,,,,,,,,,,,,,,,,,,,,,,,
no_ortho_EcuniculiEC2,PANTS,CERS226,ALATA_D2,DIPS,HBZOPT6,AGPAT120,ANPRT,r0016,FEROt,L_LACD,ENLIPIDAt1exc,OHPHM6nc,ANTPPTc,,,,,,,,,,,,,,,,,,,,,,,,,,,,,,,,,,,,,,,,,,,,,,,,,,,,,,,,,,,,,,,,,,,,,,,,,,,,,,,,,,,,,,,,,,
no_ortho_PfalciparumDd2,ILETRSm,THRTRSm,VALTRSm,CDGGGPP3,CD2t4,ASNTRSm,HISTRSm,PHETRSm,AGPAT190,LYSTRSm,METTRSm,PPTTm,HBZOPT6,ALATL,APAPTm,ASPTRSm,CRNCARtm,CDGGGPP4,DOLASNT,LEUTRSm,TYRTRSm,ARGTRSm,TRPTRSm,FCLTm,CYO1bpp_sync,CYO1b2pp_sync,ENLIPIDAt1exc,biomass,,,,,,,,,,,,,,,,,,,,,,,,,,,,,,,,,,,,,,,,,,,,,,,,,,,,,,,,,,,,,,,,,,,,,,,,,,,
no_ortho_LmajorSD75,THRTRSm,VALTRSm,MCBTS3,SQD2_183_9_12_15,MCBTS2,MCBTS,SQD2_183_6_9_12,SQD2_181,LYSTRSm,METTRSm,PPTTm,HBZOPT6m_1,SQD2_161,SQD2_181_9,SQD2_182_9_12,ALATL,HEMEOSm_1,LIPO3S24_BS,CRNCARtm,TECA2S,SQD2_180,SQD2_184_6_9_12_15,DOLASNT,ENLIPIDAt1exc,LPSSYN_HPc,PLDAGAT_DHA_EPA_ARA_PC_1_c,LPLIPAL1E181pp,PLDAGAT_HDE_EPA_DHA_PE_10_c,PLDAGAT_HDE_EPA_LNA_PC_8_c,PLDAGAT_LNA_EPA_GLNA_PC_8_c,HMR_0820nhs,PLDAGAT_PALM_EPA_ARA_PC_5_c,HMR_0824nhs,PLIPA1E181pp,ACOADAGAT_EPA_EPA_DHA_c,PLDAGAT_PALM_EPA_ARA_PC_8_c,PLDAGAT_DHA_EPA_ARA_PE_9_c,PLDAGAT_EPA_EPA_DHA_PE_10_c,ACOADAGAT_MYRS_EPA_DHA_c,PLDAGAT_PALM_EPA_DHA_PE_10_c,,,,,,,,,,,,,,,,,,,,,,,,,,,,,,,,,,,,,,,,,,,,,,,,,,,,,,,,,,,,,,,
no_ortho_SneuronaSOSN1,HEMEOSm,THRTRSm,VALTRSm,MCBTS3,GRTT2,ACSERSULLm,CD2t4,DHPS2,UPLA4FNT,HISTRSm,PHETRSm,NALN6,FOLD3,MCBTS2,MCBTS,AGPAT190,AHSERL3,DMATT,LYSTRSm,METTRSm,PPTTm,UDPDPS,HBZOPT6m_1,ALATL,HEMEOSm_1,TPK1,UDPDPS2,DOLASNT,HEMELm,ACSERL,CYSS_m,SECYSTL,,,,,,,,,,,,,,,,,,,,,,,,,,,,,,,,,,,,,,,,,,,,,,,,,,,,,,,,,,,,,,,,,,,,,,,
no_ortho_Bdivergens1802A,C100SN,UPLA4FNT,EPISTAT_SC,ALATA_D2,ZYMSTAT_SC,UPLA4NT,HBZOPT6,FEDCabc,S2FE2SR,ERGSTAT_SC,FECOSTAT_SC,LANOSTAT_SC,CDIPTr_cho,DOLASNTc,FAS80ACPm_Lc,HBZOPT6mc,CBFCc,,,,,,,,,,,,,,,,,,,,,,,,,,,,,,,,,,,,,,,,,,,,,,,,,,,,,,,,,,,,,,,,,,,,,,,,,,,,,,,,,,,,,,
no_ortho_TgondiiME49,2AGPGAT141,THRTRSm,VALTRSm,MCBTS3,DHPS2,HISTRSm,PHETRSm,MCBTS2,MCBTS,2AGPEAT141,LYSTRSm,METTRSm,PPTTm,GLCR1TRB1,HBZOPT6,HBZOPT6m_1,ALATL,MCPST,ASPTRSm,GLCR1TRA1,DOLASNT,TRPTRSm,ARGTRSm,DHPS2_1,r0016,PTPATe,FEROt,CYSS_m,DVPCHLD450ORc,ENLIPIDAt1exc,PCHLD450ORc,DVPCHLD646ORc,PCHLD646ORc,,,,,,,,,,,,,,,,,,,,,,,,,,,,,,,,,,,,,,,,,,,,,,,,,,,,,,,,,,,,,,,,,,,,,,
no_ortho_LspMARLEM2494,THRTRSm,VALTRSm,SQD2_160,SQD2_183_9_12_15,CD2t4,LEUTRSm,NALN6,SQD2_183_6_9_12,SQD2_181,2HP6MPMOm,FTHFLmi,GHMT2rm,LYSTRSm,METTRSm,PPTTm,HBZOPT6m_1,SQD2_161,SQD2_181_9,SQD2_182_9_12,ALATL,APAPTm,HEMEOSm_1,APCS,TPK1,SQD2_180,SQD2_184_6_9_12_15,DOLASNT,SULOm,SECYSTL,r0016,FEROt,LPSSYN_HPc,ENLIPIDAt1exc,MOGATnhs,PLDAGAT_HDE_HDE_LNA_PC_5_c,PLDAGAT_LNA_EPA_LNA_PC_5_c,,,,,,,,,,,,,,,,,,,,,,,,,,,,,,,,,,,,,,,,,,,,,,,,,,,,,,,,,,,,,,,,,,,
no_ortho_Candersoni30847,VALTRSm,PREPTHS2,MCBTS3,GRTT2,PTOR,CD2t4,HEMEOMOm,HISTRSm,MCBTS2,MCBTS,AGPAT190,2HP6MPMOm,LYSTRSm,METTRSm,PPTTm,HBZOPT6,HBZOPT6m_1,ALATL,THZPSN3,TPK1,DOLASNT,IPDPUPT,ARGTRSm,r0016,DMATT,PHETRSm,FCLTm,TRPTRSm,SHSL2,FEROt,GPPShc,,,,,,,,,,,,,,,,,,,,,,,,,,,,,,,,,,,,,,,,,,,,,,,,,,,,,,,,,,,,,,,,,,,,,,,,
no_ortho_GintestinalisAssemblageAWB,CERH124,NORRDX,F4H2O,NODOx,NODOy,PYAM5PO,ROO,CERH126,HBZOPT6,FEDCabc,PDX5POi,PYDXNO,LLDH_ferr_mc,DOLASNTc,3NTYROXDAppc,ENLIPIDAt1exc,LLDH_ferr_xc,HMR_0841nhs,ETHAPT,PLDAGAT_HDE_MYRS_LNA_PE_12_c,,,,,,,,,,,,,,,,,,,,,,,,,,,,,,,,,,,,,,,,,,,,,,,,,,,,,,,,,,,,,,,,,,,,,,,,,,,,,,,,,,,
no_ortho_PcynomolgiM,ILETRSm,THRTRSm,VALTRSm,NTRARf,CD2t4,ASNTRSm,HISTRSm,PHETRSm,LYSTRSm,METTRSm,PPTTm,FEDCabc,ALATL,APAPTm,ASPTRSm,CRNCARtm,DOLASNT,LEUTRSm,ARGTRSm,FCLTm,TRPTRSm,SECYSTL,CYO1b2pp_sync,ENLIPIDAt1exc,CYO1bpp_sync,biomass,GAT1_LLA,AGAT_LLA,,,,,,,,,,,,,,,,,,,,,,,,,,,,,,,,,,,,,,,,,,,,,,,,,,,,,,,,,,,,,,,,,,,,,,,,,,,
no_ortho_PyoeliiyoeliiYM,HEMEOSm,ILETRSm,THRTRSm,VALTRSm,DHPS,NTRARf,CD2t4,DHPS2,UPLA4FNT,HISTRSm,PHETRSm,TRPTRSm,LYSTRSm,METTRSm,PPTTm,HBZOPT6,FEDCabc,ALATL,APAPTm,HEMEOSm_1,ASPTRSm,DOLASNT,HEMELm,SECYSTL,HCGALm,CYO1b2pp_sync,CYO1bpp_sync,ENLIPIDAt1exc,biomass,LPCAT_OLE_DHA_sn2_c,PLDAGAT_EPA_EPA_ARA_PC_3_c,PLDAGAT_EPA_EPA_ARA_PE_11_c,,,,,,,,,,,,,,,,,,,,,,,,,,,,,,,,,,,,,,,,,,,,,,,,,,,,,,,,,,,,,,,,,,,,,,,
PfalciparumKH02,ILETRSm,THRTRSm,VALTRSm,CDGGGPP3,CD2t4,ASNTRSm,HISTRSm,PHETRSm,AGPAT190,LYSTRSm,METTRSm,PPTTm,HBZOPT6,FEDCabc,APAPTm,ASPTRSm,CDGGGPP4,DOLASNT,LEUTRSm,PTPATe,TYRTRSm,ARGTRSm,TRPTRSm,CYO1bpp_sync,CYO1b2pp_sync,ENLIPIDAt1exc,THZPSN_mt2,THZPSNm,GHMT2r_ap,DOLPMT3,FCLT_ap,,,,,,,,,,,,,,,,,,,,,,,,,,,,,,,,,,,,,,,,,,,,,,,,,,,,,,,,,,,,,,,,,,,,,,,,
no_ortho_EhistolyticaHM1IMSS-B,2AGPGAT141,ACONMT,NORRDX,UPLA4FNT,NALN6,TECA1S45,TECA2S45,2AGPEAT141,DIPS,TECA3S,UPLA4NT,TECA1S,TECA2S,TPK1,CDGS1,TECA3S45,r0016,FEROt,DOLASNTc,OHPHM6nc,DMTc,ENLIPIDAt1exc,,,,,,,,,,,,,,,,,,,,,,,,,,,,,,,,,,,,,,,,,,,,,,,,,,,,,,,,,,,,,,,,,,,,,,,,,,,,,,,,,
no_ortho_VcorneaeATCC50505,2AGPGAT141,AACPS9,PANTS,4M2OPLOXRD,UPLA4FNT,NaKt_1,2AGPEAT141,ALATA_D2,DIPS,HBZOPT6,AACPS2,3M2OBLOXRD,3M2OPLOXRD,CDIPTr_cho,r0016,FEROt,ENLIPIDAt1exc,OHPHM6nc,,,,,,,,,,,,,,,,,,,,,,,,,,,,,,,,,,,,,,,,,,,,,,,,,,,,,,,,,,,,,,,,,,,,,,,,,,,,,,,,,,,,,
no_ortho_Pgallinaceum8A,HEMEOSm,ILETRSm,THRTRSm,VALTRSm,DHPS,CD2t4,DHPS2,UPLA4FNT,ASNTRSm,HISTRSm,PHETRSm,TRPTRSm,AGPAT190,LYSTRSm,METTRSm,PPTTm,HBZOPT6,FEDCabc,ALATL,APAPTm,DOLASNT,HEMELm,SECYSTL,HCGALm,CYO1b2pp_sync,CYO1bpp_sync,ENLIPIDAt1exc,biomass,ACOADAGAT_OLE_EPA_EPA_c,PLDAGAT_DHA_EPA_DHA_PC_1_c,PLDAGAT_MYRS_EPA_LNA_PE_11_c,PLDAGAT_PALM_EPA_LNA_PE_16_c,AACPDAGAT_OLE_PALM_HDE_h,PLDAGAT_EPA_EPA_LNA_PC_7_c,,,,,,,,,,,,,,,,,,,,,,,,,,,,,,,,,,,,,,,,,,,,,,,,,,,,,,,,,,,,,,,,,,,,,
no_ortho_MdaphniaeUGP3,PLDAGAT16018111Z1819Z2,PLDAGAT16018111Z1819Z4,PLDAGAT1601819Z1601,PLDAGAT1601819Z18111Z1,PLDAGAT1601819Z1819Z3,PLDAGAT1601819Z1819Z4,PLDAGAT18111Z1819Z1601,PLDAGAT18111Z1819Z1602,PLDAGAT18111Z1819Z18111Z1,PLDAGAT1819Z18111Z1601,PLDAGAT1819Z18111Z1819Z1,PLDAGAT1819Z18111Z1819Z4,PLDAGAT1819Z1819Z18111Z1,PLDAGAT1819Z1819Z18111Z2,PLDAGAT1819Z1819Z18111Z3,PLDAGAT16018111Z1601,PLDAGAT16018111Z1602,PLDAGAT1601819Z18111Z2,PLDAGAT1601819Z18111Z3,PLDAGAT1801819Z18111Z1,PLDAGAT1801819Z1819Z3,PLDAGAT18111Z18111Z1601,PLDAGAT18111Z18111Z18111Z2,PLDAGAT18111Z18111Z1819Z4,PLDAGAT18111Z1819Z1819Z1,PLDAGAT18111Z1819Z1819Z3,PLDAGAT18111Z1819Z1819Z4,PLDAGAT1819Z18111Z1819Z2,PLDAGAT1819Z1819Z1601,PLDAGAT1819Z1819Z1819Z1,PLDAGAT1819Z1819Z1819Z2,PLDAGAT1819Z1819Z1819Z3,PLDAGAT1819Z1819Z1819Z4,HBZOPT6,PBAL,PLDAGAT16018111Z18111Z1,PLDAGAT16018111Z18111Z2,PLDAGAT16018111Z1819Z3,PLDAGAT1801819Z1819Z2,PLDAGAT18111Z18111Z1819Z3,PLDAGAT18111Z1819Z18111Z2,PLDAGAT18111Z1819Z18111Z3,PLDAGAT1819Z18111Z1602,PLDAGAT1819Z18111Z18111Z1,PLDAGAT1819Z18111Z18111Z3,PLDAGAT1819Z18111Z1819Z3,BC10_new,PLDAGAT16018111Z18111Z3,PLDAGAT16018111Z1819Z1,PLDAGAT1601819Z1602,PLDAGAT1601819Z1819Z1,PLDAGAT1601819Z1819Z2,PLDAGAT1801819Z1601,PLDAGAT1801819Z1602,PLDAGAT1801819Z18111Z2,PLDAGAT1801819Z18111Z3,PLDAGAT1801819Z1819Z1,PLDAGAT1801819Z1819Z4,PLDAGAT18111Z18111Z1602,PLDAGAT18111Z18111Z18111Z1,PLDAGAT18111Z18111Z18111Z3,PLDAGAT18111Z18111Z1819Z1,PLDAGAT18111Z18111Z1819Z2,PLDAGAT18111Z1819Z1819Z2,PLDAGAT1819Z18111Z18111Z2,PLDAGAT1819Z1819Z1602,SHSL3,PANTS,ENLIPIDAt1exc,G12MT4c,DOLASNTc,G12MT3c,CBFCc,FAH1829Z12Zc,FAH1819Zc,SUCOASm,,,,,,,,,,,,,,,,,,,,,,,,,,,
no_ortho_CparvumIowaII,FAS141ACPm,FAS181ACPm,THRTRSm,VALTRSm,HEXTT,PREPTHS2,MCBTS3,GRTT2,PTOR,ULA4NFT,FAS182ACPm,HBZOPT6m,HEMEOMOm,HISTRSm,TRPTRSm,MCBTS2,MCBTS,ALATA_D2,DMATT,2HP6MPMOm,FAS80ACPm_L,GHMT2rm,LYSTRSm,METTRSm,HBZOPT6,HBZOPT6m_1,FEDCabc,ALATL,THZPSN3,ASPTRSm,CRNCARtm,FAS161ACPm,UDPDPS2,DOLASNT,IPDPUPT,SECYSTL,ACOAD1fm,DVPCHLD646ORc,PCHLD646ORc,DVPCHLD450ORc,ENLIPIDAt1exc,PCHLD450ORc,,,,,,,,,,,,,,,,,,,,,,,,,,,,,,,,,,,,,,,,,,,,,,,,,,,,,,,,,,,,,
no_ortho_NfowleriATCC30863,BTS3r,MCBTS3,NALN6,MCBTS2,MCBTS,S2FE2SR,TPK1,FEROt,r0016,PCMEH2ppc,DVPCHLD646ORc,PCHLD646ORc,CYO1bpp_sync,DOLASNTc,DVPCHLD450ORc,ENLIPIDAt1exc,PCHLD450ORc,CYO1b2pp_sync,,,,,,,,,,,,,,,,,,,,,,,,,,,,,,,,,,,,,,,,,,,,,,,,,,,,,,,,,,,,,,,,,,,,,,,,,,,,,,,,,,,,,
no_ortho_TgrayiANR4,PREPTHS2,FASm220,NALN6,2HP6MPMOm,LYSTRSm,METTRSm,PPTTm,HBZOPT6,HBZOPT6m_1,DES_6,DES_6B,DOLASNT,TRPTRSm,ARGTRSm,PHETRSm,HISTRSm,r0016,FEROt,ENLIPIDAt1exc,,,,,,,,,,,,,,,,,,,,,,,,,,,,,,,,,,,,,,,,,,,,,,,,,,,,,,,,,,,,,,,,,,,,,,,,,,,,,,,,,,,,
no_ortho_LbraziliensisMHOMBR75M2904,THRTRSm,VALTRSm,SQD2_160,SQD2_183_9_12_15,SQD2_183_6_9_12,SQD2_181,AHSERL3,2HP6MPMOm,FTHFLmi,GHMT2rm,LYSTRSm,METTRSm,PPTTm,HBZOPT6m_1,SQD2_161,SQD2_181_9,SQD2_182_9_12,ALATL,APAPTm,HEMEOSm_1,LIPO3S24_BS,APCS,CRNCARtm,TECA2S,OMMBLHX6m,TPK1,SQD2_180,SQD2_184_6_9_12_15,DOLASNT,ACSERL,SULOm,CYSS_m,SECYSTL,r0016,FEROt,ENLIPIDAt1exc,LPSSYN_HPc,,,,,,,,,,,,,,,,,,,,,,,,,,,,,,,,,,,,,,,,,,,,,,,,,,,,,,,,,,,,,,,,,,
no_ortho_PfalciparumHB3,ILETRSm,THRTRSm,VALTRSm,CDGGGPP3,CD2t4,ASNTRSm,HISTRSm,PHETRSm,AGPAT190,LYSTRSm,METTRSm,PPTTm,HBZOPT6,FEDCabc,ALATL,APAPTm,ASPTRSm,CRNCARtm,CDGGGPP4,DOLASNT,LEUTRSm,TYRTRSm,ARGTRSm,TRPTRSm,FCLTm,CYO1b2pp_sync,CYO1bpp_sync,ENLIPIDAt1exc,biomass,,,,,,,,,,,,,,,,,,,,,,,,,,,,,,,,,,,,,,,,,,,,,,,,,,,,,,,,,,,,,,,,,,,,,,,,,,
no_ortho_EcuniculiGBM1,PANTS,CERS226,4M2OPLOXRD,NaKt_1,ALATA_D2,DIPS,HBZOPT6,AGPAT120,3M2OPLOXRD,ANPRT,r0016,L_LACD,FEROt,ENLIPIDAt1exc,ANTPPTc,OHPHM6nc,,,,,,,,,,,,,,,,,,,,,,,,,,,,,,,,,,,,,,,,,,,,,,,,,,,,,,,,,,,,,,,,,,,,,,,,,,,,,,,,,,,,,,,
no_ortho_TgondiiTgCatPRC2,2AGPGAT141,THRTRSm,VALTRSm,HISTRSm,PHETRSm,2AGPEAT141,DHORD2,LYSTRSm,METTRSm,PPTTm,GLCR1TRB1,HBZOPT6,HBZOPT6m_1,ALATL,MCPST,GLCR1TRA1,DOLASNT,ARGTRSm,r0016,TRPTRSm,CYSS_m,FEROt,ENLIPIDAt1exc,DVPCHLD646ORc,PCHLD450ORc,PCHLD646ORc,DVPCHLD450ORc,,,,,,,,,,,,,,,,,,,,,,,,,,,,,,,,,,,,,,,,,,,,,,,,,,,,,,,,,,,,,,,,,,,,,,,,,,,,
PknowlesiMalayanPk1A,ILETRSm,THRTRSm,VALTRSm,CD2t4,UPLA4FNT,ASNTRSm,HISTRSm,PHETRSm,LYSTRSm,METTRSm,PPTTm,HBZOPT6,FEDCabc,APAPTm,ASPTRSm,CRNCARtm,DOLASNT,PTPATe,SUCRe,LEUTRSm,r0707,ARGTRSm,TRPTRSm,NDP10ex,r0497,SECYSTL,NDP3ex,ENLIPIDAt1exc,CBFCc,DOLPMT3,FCLT_ap,GHMT2r_ap,,,,,,,,,,,,,,,,,,,,,,,,,,,,,,,,,,,,,,,,,,,,,,,,,,,,,,,,,,,,,,,,,,,,,,,
PfalciparumKE01,ILETRSm,THRTRSm,VALTRSm,CDGGGPP3,CD2t4,ASNTRSm,HISTRSm,PHETRSm,AGPAT190,LYSTRSm,METTRSm,PPTTm,HBZOPT6,FEDCabc,APAPTm,ASPTRSm,CRNCARtm,CDGGGPP4,DOLASNT,LEUTRSm,PTPATe,TYRTRSm,ARGTRSm,TRPTRSm,CYO1b2pp_sync,CYO1bpp_sync,ENLIPIDAt1exc,THZPSN_mt2,THZPSNm,GHMT2r_ap,DOLPMT3,FCLT_ap,,,,,,,,,,,,,,,,,,,,,,,,,,,,,,,,,,,,,,,,,,,,,,,,,,,,,,,,,,,,,,,,,,,,,,,
no_ortho_TvaginalisG3,2AGPGAT141,NORRDX,C100SN,PHOMSELCYSL,CD2t4,DAGCPT_SC,NaKt_1,SUCHMSSELCYSL,2AGPEAT141,HBZOPT6,FEDCabc,LIPO3S24_BS,THZPSN3,TPK1,LMNe,NDP3ex,TREHe,LACZe,ENLIPIDAt1exc,DOLASNTc,,,,,,,,,,,,,,,,,,,,,,,,,,,,,,,,,,,,,,,,,,,,,,,,,,,,,,,,,,,,,,,,,,,,,,,,,,,,,,,,,,,
no_ortho_LamazonensisMHOMBR71973M2269,THRTRSm,VALTRSm,SQD2_183_9_12_15,SQD2_183_6_9_12,2HP6MPMOm,FTHFLmi,GHMT2rm,LYSTRSm,METTRSm,PPTTm,HBZOPT6m_1,FEDCabc,SQD2_181_9,SQD2_182_9_12,ALATL,APAPTm,HEMEOSm_1,CRNCARtm,TPK1,SQD2_184_6_9_12_15,DOLASNT,SECYSTL,ENLIPIDAt1exc,LPSSYN_HPc,PLDAGAT_HDE_EPA_EPA_PE_14_c,CHOPT_DHA_EPA_c,CHOPT_OLE_EPA_c,MOAT2,HMR_2773,PLDAGAT_OLE_PALM_PALM_PE_14_c,AGPATCOA_EPA_EPA_c,CHOPT_HDE_EPA_c,PLDAGAT_DHA_EPA_ARA_PC_3_c,,,,,,,,,,,,,,,,,,,,,,,,,,,,,,,,,,,,,,,,,,,,,,,,,,,,,,,,,,,,,,,,,,,,,,
PadleriG01,ILETRSm,THRTRSm,VALTRSm,CD2t4,ASNTRSm,HISTRSm,LEUTRSm,PHETRSm,DHORD2,METTRSm,PPTTm,HBZOPT6,FEDCabc,APAPTm,ASPTRSm,CRNCARtm,TPK1,DOLASNT,SUCRe,PTPATe,r0707,TRPTRSm,NDP10ex,r0497,CBFCc,DSBAO1e,GHMT2r_ap,DOLPMT3,FCLT_ap,,,,,,,,,,,,,,,,,,,,,,,,,,,,,,,,,,,,,,,,,,,,,,,,,,,,,,,,,,,,,,,,,,,,,,,,,,
no_ortho_EmitisHoughton,VALTRSm,DHPS,MCBTS3,METSOXR2,HEMEOMOm,LEUTRSm,PHETRSm,MCBTS2,MCBTS,AHSERL3,DMATT,LYSTRSm,ALATL,G12MT4,ACSERLm,S2FE2SR,TPK1,DOLASNT,G12MT3,ACSERL,AHSERL4,ILETRSm,THRTRSm,UAGPT2,ASNTRSm,ARGTRSm,FCLTm,HISTRSm,TRPTRSm,GLCNACT_cho,CYSS_m,HMR_4777,CBFCc,GPPShc,protein_bm,,,,,,,,,,,,,,,,,,,,,,,,,,,,,,,,,,,,,,,,,,,,,,,,,,,,,,,,,,,,,,,,,,,,
PfalciparumSD01,ILETRSm,THRTRSm,VALTRSm,CDGGGPP3,CD2t4,ASNTRSm,HISTRSm,PHETRSm,AGPAT190,LYSTRSm,METTRSm,PPTTm,HBZOPT6,FEDCabc,APAPTm,ASPTRSm,CRNCARtm,CDGGGPP4,DOLASNT,LEUTRSm,PTPATe,TYRTRSm,ARGTRSm,TRPTRSm,CYO1b2pp_sync,CYO1bpp_sync,ENLIPIDAt1exc,THZPSN_mt2,THZPSNm,GHMT2r_ap,DOLPMT3,FCLT_ap,,,,,,,,,,,,,,,,,,,,,,,,,,,,,,,,,,,,,,,,,,,,,,,,,,,,,,,,,,,,,,,,,,,,,,,
no_ortho_TgondiiMAS,2AGPGAT141,THRTRSm,VALTRSm,HISTRSm,PHETRSm,2AGPEAT141,DHORD2,LYSTRSm,METTRSm,PPTTm,HBZOPT6,HBZOPT6m_1,ALATL,MCPST,ASPTRSm,DOLASNT,ARGTRSm,TRPTRSm,r0016,CYSS_m,FEROt,ENLIPIDAt1exc,DVPCHLD646ORc,PCHLD646ORc,PCHLD450ORc,DVPCHLD450ORc,,,,,,,,,,,,,,,,,,,,,,,,,,,,,,,,,,,,,,,,,,,,,,,,,,,,,,,,,,,,,,,,,,,,,,,,,,,,,
no_ortho_LtropicaL590,THRTRSm,VALTRSm,SQD2_160,SQD2_183_9_12_15,CD2t4,ASNTRSm,SQD2_183_6_9_12,SQD2_181,2HP6MPMOm,FTHFLmi,LYSTRSm,METTRSm,PPTTm,HBZOPT6m_1,SQD2_181_9,APAPTm,HEMEOSm_1,LIPO3S24_BS,CRNCARtm,TECA2S,TPK1,SQD2_180,SQD2_184_6_9_12_15,DOLASNT,NDP3ex,ENLIPIDAt1exc,LPSSYN_HPc,PLDAGAT_DHA_EPA_ARA_PC_5_c,PLA2_2enhs,DAGCPT,PLDAGAT_HDE_EPA_DHA_PE_16_c,PLDAGAT_LNA_EPA_GLNA_PC_3_c,PLDAGAT_DHA_EPA_ARA_PE_16_c,PLDAGAT_LNA_EPA_ARA_PC_2_c,PLDAGAT_EPA_EPA_PALM_PE_13_c,PLDAGAT_PALM_EPA_ARA_PE_16_c,SMS21enhs,CHOPT_PALM_PALM_c,PLDAGAT_LNA_EPA_ARA_PC_5_c,PLDAGAT_PALM_PALM_LNA_PC_1_c,LPS3e_cho,,,,,,,,,,,,,,,,,,,,,,,,,,,,,,,,,,,,,,,,,,,,,,,,,,,,,,,,,,,,,,
no_ortho_EfalciformisBayerHaberkorn1970,HEMEOSm,ILETRSm,THRTRSm,VALTRSm,MCBTS3,HISTRSm,PHETRSm,MCBTS2,MCBTS,AGPAT190,LYSTRSm,METTRSm,PPTTm,HBZOPT6,HBZOPT6m_1,ALATL,G12MT4,HEMEOSm_1,MCPST,CRNCARtm,DOLASNT,G12MT3,HEMELm,TRPTRSm,r0016,ARGTRSm,LEUTRSm,ASNTRSm,FEROt,CYSS_m,GRGTc,PLDAGAT_PALM_EPA_ARA_PC_6_c,PLDAGAT_LNA_EPA_ARA_PC_2_c,PLDAGAT_PALM_EPA_ARA_PC_1_c,,,,,,,,,,,,,,,,,,,,,,,,,,,,,,,,,,,,,,,,,,,,,,,,,,,,,,,,,,,,,,,,,,,,,
no_ortho_Pfalciparum3D7,HEMEOSm,ILETRSm,THRTRSm,VALTRSm,CDGGGPP3,CD2t4,ASNTRSm,HISTRSm,PHETRSm,AGPAT190,GHMT2rm,LYSTRSm,METTRSm,PPTTm,HBZOPT6,FEDCabc,ALATL,APAPTm,HEMEOSm_1,ASPTRSm,CRNCARtm,CDGGGPP4,DOLASNT,HEMELm,SECYSTL,HCGALm,CYO1b2pp_sync,CYO1bpp_sync,ENLIPIDAt1exc,biomass,,,,,,,,,,,,,,,,,,,,,,,,,,,,,,,,,,,,,,,,,,,,,,,,,,,,,,,,,,,,,,,,,,,,,,,,,
no_ortho_PpraefalciparumG01,HEMEOSm,ILETRSm,THRTRSm,VALTRSm,CDGGGPP3,CD2t4,ASNTRSm,HISTRSm,PHETRSm,AGPAT190,GHMT2rm,LYSTRSm,METTRSm,PPTTm,HBZOPT6,FEDCabc,ALATL,APAPTm,HEMEOSm_1,ASPTRSm,CRNCARtm,CDGGGPP4,DOLASNT,HEMELm,SECYSTL,HCGALm,CBFCc,biomass,PLDAGAT_HDE_EPA_LNA_PC_6_c,PLDAGAT_HDE_EPA_LNA_PC_1_c,PLDAGAT_EPA_EPA_GLNA_PC_8_c,ACOADAGAT_EPA_EPA_EPA_c,PLDAGAT_HDE_PALM_LNA_PC_6_c,,,,,,,,,,,,,,,,,,,,,,,,,,,,,,,,,,,,,,,,,,,,,,,,,,,,,,,,,,,,,,,,,,,,,,
no_ortho_LseymouriATCC30220,THRTRSm,VALTRSm,MCBTS3,SQD2_160,SQD2_183_9_12_15,NALN6,MCBTS2,MCBTS,SQD2_183_6_9_12,SQD2_181,FTHFLmi,GHMT2rm,LYSTRSm,METTRSm,PPTTm,HBZOPT6,HBZOPT6m_1,SQD2_161,SQD2_181_9,SQD2_182_9_12,ALATL,APAPTm,HEMEOSm_1,APCS,TPK1,SQD2_180,SQD2_184_6_9_12_15,LACZe,SECYSTL,ASNNe,NDP3ex,ENLIPIDAt1exc,LPSSYN_HPc,AGAT_LLA,MOAT2N,GAT1_LLA,,,,,,,,,,,,,,,,,,,,,,,,,,,,,,,,,,,,,,,,,,,,,,,,,,,,,,,,,,,,,,,,,,,
Pyoeliiyoelii17X,HEMEOSm,ILETRSm,THRTRSm,VALTRSm,CD2t4,UPLA4FNT,HISTRSm,PHETRSm,TRPTRSm,LYSTRSm,METTRSm,PPTTm,HBZOPT6,FEDCabc,APAPTm,HEMEOSm_1,ASPTRSm,CRNCARtm,DOLASNT,HEMELm,SECYSTL,HCGALm,CYO1b2pp_sync,ENLIPIDAt1exc,CYO1bpp_sync,FCLT_ap,DOLPMT3,GHMT2r_ap,,,,,,,,,,,,,,,,,,,,,,,,,,,,,,,,,,,,,,,,,,,,,,,,,,,,,,,,,,,,,,,,,,,,,,,,,,,
no_ortho_PadleriG01,ILETRSm,THRTRSm,VALTRSm,CD2t4,ASNTRSm,HISTRSm,LEUTRSm,PHETRSm,LYSTRSm,METTRSm,PPTTm,HBZOPT6,FEDCabc,ALATL,APAPTm,ASPTRSm,CRNCARtm,TPK1,DOLASNT,PTPATe,ARGTRSm,TRPTRSm,FCLTm,CBFCc,biomass,,,,,,,,,,,,,,,,,,,,,,,,,,,,,,,,,,,,,,,,,,,,,,,,,,,,,,,,,,,,,,,,,,,,,,,,,,,,,,
no_ortho_TcruziCLBrenerEsmeraldo-like,HEMEOSm,UPLA4FNT,2HP6MPMOm,FTHFLmi,LYSTRSm,METTRSm,PPTTm,URIK3,UPLA4NT,HBZOPT6m_1,FEDCabc,APAPTm,HEMEOSm_1,APCS,DOLASNT,SULOm,NDP3ex,NDH1_4ppc,NDH1_3uc,ADOCBLPPc,protein_bm,PLDAGAT_LNA_EPA_LNA_PC_5_c,ETHAPT,PLDAGAT_HDE_EPA_ARA_PE_11_c,DAGCPT,PLDAGAT_MYRS_EPA_ARA_PE_11_c,PLDAGAT_HDE_EPA_ARA_PC_6_c,ETHAPT_EPA_DHA_c,ACOADAGAT_MYRS_EPA_ARA_c,PLDAGAT_HDE_HDE_LNA_PC_3_c,PLDAGAT_LNA_EPA_LNA_PC_1_c,PLDAGAT_HDE_HDE_LNA_PC_7_c,PLDAGAT_HDE_EPA_LNA_PC_3_c,MOAT2,PLDAGAT_HDE_EPA_LNA_PC_1_c,CEPTC_20_4_20_4nhs,HMR_0908,CHOPT_EPA_DHA_c,,,,,,,,,,,,,,,,,,,,,,,,,,,,,,,,,,,,,,,,,,,,,,,,,,,,,,,,,,,,,,,,,
no_ortho_LarabicaLEM1108,THRTRSm,VALTRSm,MCBTS3,SQD2_183_9_12_15,CD2t4,MCBTS2,MCBTS,SQD2_183_6_9_12,2HP6MPMOm,FTHFLmi,GHMT2rm,LYSTRSm,METTRSm,PPTTm,HBZOPT6m_1,SQD2_181_9,SQD2_182_9_12,ALATL,APAPTm,HEMEOSm_1,LIPO3S24_BS,SQD2_184_6_9_12_15,DOLASNT,ASNNe,UDCPDPex,NDP3ex,SECYSTL,ENLIPIDAt1exc,LPSSYN_HPc,MOAT2,PLDAGAT_EPA_EPA_LNA_PC_3_c,PLDAGAT_HDE_PALM_PALM_PC_2_c,PLDAGAT_OLE_HDE_HDE_PE_12_c,PLDAGAT_HDE_EPA_LNA_PE_14_c,ACOADAGAT_EPA_EPA_EPA_c,RTOT_2_cho,PLDAGAT_HDE_EPA_OLE_PE_11_c,,,,,,,,,,,,,,,,,,,,,,,,,,,,,,,,,,,,,,,,,,,,,,,,,,,,,,,,,,,,,,,,,,
no_ortho_Cubiquitum39726,THRTRSm,VALTRSm,PREPTHS2,MCBTS3,GRTT2,PTOR,ULA4NFT,HEMEOMOm,HISTRSm,TRPTRSm,MCBTS2,MCBTS,AGPAT190,GRTT,METTRSm,HBZOPT6,ALATL,THZPSN3,ASPTRSm,CRNCARtm,UDPDPS2,AGPAT160190,DOLASNT,IPDPUPT,ARGTRSm,r0016,PHETRSm,FCLTm,FEROt,HMR_4777,AGPAT1801819Zhc,AGPAT1819Z1819Zhc,DVPCHLD646ORc,PCHLD646ORc,AGPAT1601819Zhc,AGPAT18111Z1819Zhc,DVPCHLD450ORc,ENLIPIDAt1exc,PCHLD450ORc,,,,,,,,,,,,,,,,,,,,,,,,,,,,,,,,,,,,,,,,,,,,,,,,,,,,,,,,,,,,,,,,
no_ortho_EromaleaeSJ2008,PANTS,4M2OPLOXRD,ALATA_D2,DIPS,HBZOPT6,3M2OPLOXRD,CDIPTr_cho,ANPRT,r0016,L_LACD,FEROt,ANTPPTc,DXHPScmc,OHPHM6nc,ENLIPIDAt1exc,PCW3DS_MYRS_EPA_sn2_c,LPCAT_MYRS_EPA_sn2_c,LPEAT_MYRS_ARA_sn2_c,GTHPe,,,,,,,,,,,,,,,,,,,,,,,,,,,,,,,,,,,,,,,,,,,,,,,,,,,,,,,,,,,,,,,,,,,,,,,,,,,,,,,,,,,,
no_ortho_PfalciparumCD01,ILETRSm,THRTRSm,VALTRSm,CDGGGPP3,CD2t4,ASNTRSm,HISTRSm,PHETRSm,AGPAT190,LYSTRSm,METTRSm,PPTTm,HBZOPT6,ALATL,APAPTm,ASPTRSm,CRNCARtm,CDGGGPP4,DOLASNT,LEUTRSm,TYRTRSm,ARGTRSm,TRPTRSm,FCLTm,ENLIPIDAt1exc,CBFCc,biomass,,,,,,,,,,,,,,,,,,,,,,,,,,,,,,,,,,,,,,,,,,,,,,,,,,,,,,,,,,,,,,,,,,,,,,,,,,,,
no_ortho_TorientalisShintoku,2AGPGAT141,C100SN,SELCYSLY2_1,2AGPGAT161,EPISTAT_SC,AGPAT190,2AGPEAT141,ZYMSTAT_SC,GLCR1TRB1,HBZOPT6,FEDCabc,2AGPEAT161,2AGPEAT181,2AGPGAT181,S2FE2SR,ERGSTAT_SC,FECOSTAT_SC,LANOSTAT_SC,GLCR1TRA1,AGPAT160190,CYANST,CYO1bpp_sync,ENLIPIDAt1exc,HBZOPT6mc,CYO1b2pp_sync,G1P_pi_th,ATPSh,PYRShi,,,,,,,,,,,,,,,,,,,,,,,,,,,,,,,,,,,,,,,,,,,,,,,,,,,,,,,,,,,,,,,,,,,,,,,,,,,
no_ortho_Pvivax-likePvl01,ILETRSm,THRTRSm,VALTRSm,CD2t4,HISTRSm,LEUTRSm,PHETRSm,LYSTRSm,HBZOPT6,ALATL,APAPTm,G12MT4,ASPTRSm,DOLASNT,G12MT3,ASNTRSm,FCLTm,TRPTRSm,ARGTRSm,ENLIPIDAt1exc,CBFCc,biomass,PLDAGAT_OLE_EPA_DHA_PC_4_c,ACOADAGAT_OLE_EPA_DHA_c,PLDAGAT_OLE_HDE_OLE_PE_16_c,PLDAGAT_PALM_EPA_DHA_PC_4_c,PLDAGAT_EPA_EPA_LNA_PE_16_c,LPEAT_HDE_DHA_sn2_c,PLDAGAT_PALM_PALM_LNA_PC_2_c,PLDAGAT_PALM_PALM_LNA_PE_16_c,MDH_nadp_hi,ANXANOR,ACALDh,NTRIR_h,ALCDH_nadp_hi,,,,,,,,,,,,,,,,,,,,,,,,,,,,,,,,,,,,,,,,,,,,,,,,,,,,,,,,,,,,,,,,,,,,
no_ortho_EbrunettiHoughton,VALTRSm,MCBTS3,PTOR,PHOMSELCYSL,ASNTRSm,HEMEOMOm,HISTRSm,LEUTRSm,MCBTS2,MCBTS,SUCHMSSELCYSL,DHORD2,LYSTRSm,METTRSm,ALATL,G12MT4,DOLASNT,G12MT3,AHSERL4,ILETRSm,THRTRSm,r0016,PHETRSm,TRPTRSm,ARGTRSm,FCLTm,FEROt,HMR_4777,ENLIPIDAt1exc,PLDAGAT_HDE_MYRS_LNA_PE_13_c,PLDAGAT_HDE_HDE_LNA_PE_13_c,PLDAGAT_PALM_EPA_LNA_PC_1_c,ACOADAGAT_MYRS_EPA_ARA_c,AGPATCOA_EPA_DHA_c,PLDAGAT_EPA_EPA_ARA_PC_1_c,PLDAGAT_HDE_MYRS_LNA_PC_7_c,PLDAGAT_HDE_EPA_GLNA_PC_4_c,PCW3DS_STC_EPA_sn2_c,PLDAGAT_HDE_PALM_LNA_PE_12_c,PLDAGAT_DHA_EPA_DHA_PE_11_c,PLDAGAT_PALM_EPA_LNA_PE_12_c,ACOADAGAT_DHA_EPA_DHA_c,PLDAGAT_HDE_PALM_LNA_PC_8_c,PLDAGAT_EPA_EPA_LNA_PE_15_c,ACOADAGAT_PALM_EPA_DHA_c,PLDAGAT_HDE_EPA_DHA_PE_14_c,PLDAGAT_EPA_EPA_ARA_PE_12_c,PLDAGAT_MYRS_EPA_ARA_PC_1_c,PLDAGAT_EPA_EPA_LNA_PE_13_c,PCD6DS_DHA_GLNA_sn2_c,PLDAGAT_HDE_HDE_LNA_PC_6_c,PLDAGAT_DHA_EPA_DHA_PE_14_c,,,,,,,,,,,,,,,,,,,,,,,,,,,,,,,,,,,,,,,,,,,,,,,,,,,
no_ortho_PfalciparumGN01,ILETRSm,THRTRSm,VALTRSm,CDGGGPP3,CD2t4,ASNTRSm,HISTRSm,PHETRSm,AGPAT190,LYSTRSm,METTRSm,PPTTm,HBZOPT6,ALATL,APAPTm,ASPTRSm,CRNCARtm,CDGGGPP4,DOLASNT,LEUTRSm,TYRTRSm,ARGTRSm,TRPTRSm,FCLTm,CYO1b2pp_sync,ENLIPIDAt1exc,CYO1bpp_sync,biomass,GLUB0AT3tc,,,,,,,,,,,,,,,,,,,,,,,,,,,,,,,,,,,,,,,,,,,,,,,,,,,,,,,,,,,,,,,,,,,,,,,,,,
no_ortho_TcruziSylvioX10-1,HBZOPT,VALTRSm,SQD2_160,SQD2_183_9_12_15,MEGLYXYLAMH,LIPOS,UPLA4FNT,HBZOPT6m,HEMEOMOm,TRPTRSm,NALN6,SQD2_183_6_9_12,SQD2_181,LIDOAMH,AHSERL3,DMATT,2HP6MPMOm,LYSTRSm,METTRSm,UPLA4NT,HBZOPT6,HBZOPT6m_1,FEDCabc,SQD2_161,SQD2_181_9,SQD2_182_9_12,APAPTm,MCPST,THZPSN3,TPK1,SQD2_180,SQD2_184_6_9_12_15,ACSERL,ASNNe,ILETRSm,HCO3Ee,ARGTRSm,PHETRSm,LEUTRSm,r0497,NDP10ex,TREHe,HISTRSm,CYSS_m,GPPShc,ENLIPIDAt1exc,,,,,,,,,,,,,,,,,,,,,,,,,,,,,,,,,,,,,,,,,,,,,,,,,,,,,,,,,
no_ortho_EcuniculiEcunIII-L,PANTS,CERS226,NaKt_1,ALATA_D2,DIPS,HBZOPT6,AGPAT120,r0016,L_LACD,FEROt,OHPHM6nc,ENLIPIDAt1exc,,,,,,,,,,,,,,,,,,,,,,,,,,,,,,,,,,,,,,,,,,,,,,,,,,,,,,,,,,,,,,,,,,,,,,,,,,,,,,,,,,,,,,,,,,,
no_ortho_LmexicanaMHOMGT2001U1103,THRTRSm,VALTRSm,SQD2_160,SQD2_183_9_12_15,SQD2_183_6_9_12,SQD2_181,2HP6MPMOm,FTHFLmi,GHMT2rm,LYSTRSm,METTRSm,PPTTm,HBZOPT6m_1,FEDCabc,SQD2_161,SQD2_181_9,SQD2_182_9_12,ALATL,APAPTm,HEMEOSm_1,CRNCARtm,TPK1,SQD2_180,SQD2_184_6_9_12_15,DOLASNT,SULOm,NDP3ex,SECYSTL,ENLIPIDAt1exc,LPSSYN_HPc,NADNe,2_7_8_3,CEPTC_16_0_20_4nhs,NADDPe,,,,,,,,,,,,,,,,,,,,,,,,,,,,,,,,,,,,,,,,,,,,,,,,,,,,,,,,,,,,,,,,,,,,,
no_ortho_EmaximaWeybridge,2AGPGAT141,THRTRSm,VALTRSm,MCBTS3,PTOR,HISTRSm,PHETRSm,MCBTS2,MCBTS,MYCTR2,ACSERSULL,SUCHMSSELCYSL,2AGPEAT141,2HP6MPMOm,LYSTRSm,HBZOPT6,ALATL,AMALT1,CRNCARtm,SLCYSS,OMMBLHX6m,TPK1,DOLASNT,ARGTRSm,CYANSTm,CYANST,TRPTRSm,LEUTRSm,r0016,ILETRSm,FCLTm,SECYSTL,FEROt,HMR_4777,ACSERSULLm,CYOOm2,CBFCc,ENLIPIDAt1exc,GRGTc,A2GALT4c,A2GALT6c,A2GALT1c,A2GALT2c,A2GALT5c,A3GALT2c,A3GALT4c,A3GALT5c,protein_bm,,,,,,,,,,,,,,,,,,,,,,,,,,,,,,,,,,,,,,,,,,,,,,,,,,,,,,,
no_ortho_BayalaiB08-376,HEMEOSm,ILETRSm,THRTRSm,VALTRSm,MCBTS3,SQD2_160,SQD2_183_9_12_15,MEGLYXYLAMH,PLDAGAT16018111Z1819Z2,PLDAGAT16018111Z1819Z4,PLDAGAT1601819Z1601,PLDAGAT1601819Z18111Z1,PLDAGAT1601819Z1819Z3,PLDAGAT1601819Z1819Z4,PLDAGAT18111Z1819Z1601,PLDAGAT18111Z1819Z1602,PLDAGAT18111Z1819Z18111Z1,PLDAGAT1819Z18111Z1601,PLDAGAT1819Z18111Z1819Z1,PLDAGAT1819Z18111Z1819Z4,PLDAGAT1819Z1819Z18111Z1,PLDAGAT1819Z1819Z18111Z2,PLDAGAT1819Z1819Z18111Z3,ASNTRSm,MCBTS2,MCBTS,SQD2_183_6_9_12,SQD2_181,LIDOAMH,PLDAGAT16018111Z1601,PLDAGAT16018111Z1602,PLDAGAT1601819Z18111Z2,PLDAGAT1601819Z18111Z3,PLDAGAT1801819Z18111Z1,PLDAGAT1801819Z1819Z3,PLDAGAT18111Z18111Z1601,PLDAGAT18111Z18111Z18111Z2,PLDAGAT18111Z18111Z1819Z4,PLDAGAT18111Z1819Z1819Z1,PLDAGAT18111Z1819Z1819Z3,PLDAGAT18111Z1819Z1819Z4,PLDAGAT1819Z18111Z1819Z2,PLDAGAT1819Z1819Z1601,PLDAGAT1819Z1819Z1819Z1,PLDAGAT1819Z1819Z1819Z2,PLDAGAT1819Z1819Z1819Z3,PLDAGAT1819Z1819Z1819Z4,2HP6MPMOm,FTHFLmi,GHMT2rm,LYSTRSm,METTRSm,PPTTm,HBZOPT6m_1,SQD2_161,SQD2_181_9,SQD2_182_9_12,ALATL,PLDAGAT16018111Z18111Z1,PLDAGAT16018111Z18111Z2,PLDAGAT16018111Z1819Z3,PLDAGAT1801819Z1819Z2,PLDAGAT18111Z18111Z1819Z3,PLDAGAT18111Z1819Z18111Z2,PLDAGAT18111Z1819Z18111Z3,PLDAGAT1819Z18111Z1602,PLDAGAT1819Z18111Z18111Z1,PLDAGAT1819Z18111Z18111Z3,PLDAGAT1819Z18111Z1819Z3,APAPTm,HEMEOSm_1,LIPO3S24_BS,MCPST,CRNCARtm,TECA2S,TPK1,SQD2_180,SQD2_184_6_9_12_15,PLDAGAT16018111Z18111Z3,PLDAGAT16018111Z1819Z1,PLDAGAT1601819Z1602,PLDAGAT1601819Z1819Z1,PLDAGAT1601819Z1819Z2,PLDAGAT1801819Z1601,PLDAGAT1801819Z1602,PLDAGAT1801819Z18111Z2,PLDAGAT1801819Z18111Z3,PLDAGAT1801819Z1819Z1,PLDAGAT1801819Z1819Z4,PLDAGAT18111Z18111Z1602,PLDAGAT18111Z18111Z18111Z1,PLDAGAT18111Z18111Z18111Z3,PLDAGAT18111Z18111Z1819Z1,PLDAGAT18111Z18111Z1819Z2,PLDAGAT18111Z1819Z1819Z2,PLDAGAT1819Z18111Z18111Z2,PLDAGAT1819Z1819Z1602,DOLASNT,SULOm,SECYSTL,NDP3ex,ASNNe,ENLIPIDAt1exc
no_ortho_TgondiiGT1,2AGPGAT141,THRTRSm,VALTRSm,MCBTS3,HISTRSm,PHETRSm,MCBTS2,MCBTS,2AGPEAT141,DHORD2,LYSTRSm,METTRSm,PPTTm,GLCR1TRB1,HBZOPT6,HBZOPT6m_1,ALATL,MCPST,ASPTRSm,GLCR1TRA1,DOLASNT,TRPTRSm,ARGTRSm,r0016,CYSS_m,FEROt,PCHLD450ORc,DVPCHLD646ORc,PCHLD646ORc,ENLIPIDAt1exc,DVPCHLD450ORc,,,,,,,,,,,,,,,,,,,,,,,,,,,,,,,,,,,,,,,,,,,,,,,,,,,,,,,,,,,,,,,,,,,,,,,,
no_ortho_LtarentolaeParrotTarII,THRTRSm,VALTRSm,MCBTS3,SQD2_160,SQD2_183_9_12_15,ASNTRSm,MCBTS2,MCBTS,SQD2_183_6_9_12,SQD2_181,2HP6MPMOm,FTHFLmi,GHMT2rm,LYSTRSm,METTRSm,PPTTm,HBZOPT6m_1,SQD2_181_9,SQD2_182_9_12,ALATL,APAPTm,HEMEOSm_1,CRNCARtm,TECA2S,TPK1,SQD2_180,SQD2_184_6_9_12_15,DOLASNT,SULOm,SECYSTL,NDP3ex,ENLIPIDAt1exc,LPSSYN_HPc,ACOADAGAT_LNA_EPA_ARA_c,PLDAGAT_PALM_EPA_LNA_PE_12_c,PLDAGAT_LNA_EPA_ARA_PC_5_c,PLDAGAT_OLE_HDE_HDE_PE_14_c,PLDAGAT_PALM_EPA_LNA_PC_4_c,PLDAGAT_LNA_EPA_GLNA_PE_16_c,PLDAGAT_EPA_EPA_ARA_PC_6_c,FE3DCITexs,PLDAGAT_EPA_EPA_LNA_PC_7_c,PLDAGAT_EPA_EPA_ARA_PE_14_c,,,,,,,,,,,,,,,,,,,,,,,,,,,,,,,,,,,,,,,,,,,,,,,,,,,,,,,,,,,,
no_ortho_PfalciparumGB4,ILETRSm,THRTRSm,VALTRSm,CDGGGPP3,CD2t4,ASNTRSm,HISTRSm,PHETRSm,AGPAT190,LYSTRSm,METTRSm,PPTTm,HBZOPT6,ALATL,APAPTm,ASPTRSm,CRNCARtm,CDGGGPP4,DOLASNT,LEUTRSm,TYRTRSm,ARGTRSm,TRPTRSm,FCLTm,CYO1bpp_sync,CYO1b2pp_sync,ENLIPIDAt1exc,biomass,,,,,,,,,,,,,,,,,,,,,,,,,,,,,,,,,,,,,,,,,,,,,,,,,,,,,,,,,,,,,,,,,,,,,,,,,,,
no_ortho_PovalecurtisiGH01,HEMEOSm,ILETRSm,THRTRSm,VALTRSm,MCBTS3,CD2t4,UPLA4FNT,HISTRSm,PHETRSm,MCBTS2,MCBTS,AGPAT190,GHMT2rm,LYSTRSm,METTRSm,PPTTm,HBZOPT6,FEDCabc,ALATL,APAPTm,HEMEOSm_1,CERS224,CRNCARtm,DOLASNT,HEMELm,HCGALm,SECYSTL,ENLIPIDAt1exc,CBFCc,biomass,,,,,,,,,,,,,,,,,,,,,,,,,,,,,,,,,,,,,,,,,,,,,,,,,,,,,,,,,,,,,,,,,,,,,,,,,
PbergheiANKA,HEMEOSm,THRTRSm,VALTRSm,CD2t4,UPLA4FNT,HISTRSm,PHETRSm,TRPTRSm,AGPAT190,GHMT2rm,LYSTRSm,METTRSm,PPTTm,FEDCabc,APAPTm,HEMEOSm_1,ASPTRSm,CRNCARtm,DOLASNT,HEMELm,HCGALm,SECYSTL,CYO1b2pp_sync,CYO1bpp_sync,FCLT_ap,DOLPMT3,GHMT2r_m,GHMT2r_ap,ATAMh,,,,,,,,,,,,,,,,,,,,,,,,,,,,,,,,,,,,,,,,,,,,,,,,,,,,,,,,,,,,,,,,,,,,,,,,,,
PinuiSanAntonio1,ILETRSm,THRTRSm,VALTRSm,CD2t4,ASNTRSm,HISTRSm,PHETRSm,LYSTRSm,METTRSm,PPTTm,FEDCabc,APAPTm,ASPTRSm,CRNCARtm,DOLASNT,ARGTRSm,LEUTRSm,TRPTRSm,PTPATe,SECYSTL,CBFCc,ENLIPIDAt1exc,FCLT_ap,DOLPMT3,GHMT2r_ap,,,,,,,,,,,,,,,,,,,,,,,,,,,,,,,,,,,,,,,,,,,,,,,,,,,,,,,,,,,,,,,,,,,,,,,,,,,,,,
no_ortho_PvivaxSal1,HEMEOSm,ILETRSm,THRTRSm,VALTRSm,DHPS,NTRARf,CD2t4,DHPS2,ASNTRSm,HISTRSm,PHETRSm,FTHFLmi,GHMT2rm,LYSTRSm,METTRSm,PPTTm,FEDCabc,ALATL,APAPTm,HEMEOSm_1,ASPTRSm,DOLASNT,HEMELm,SECYSTL,HCGALm,CYO1bpp_sync,CYO1b2pp_sync,ENLIPIDAt1exc,biomass,LPCAT_OLE_EPA_sn2_c,ACOADAGAT_DHA_EPA_DHA_c,,,,,,,,,,,,,,,,,,,,,,,,,,,,,,,,,,,,,,,,,,,,,,,,,,,,,,,,,,,,,,,,,,,,,,,,
no_ortho_PfalciparumIT,ILETRSm,THRTRSm,VALTRSm,CDGGGPP3,CD2t4,ASNTRSm,HISTRSm,PHETRSm,AGPAT190,LYSTRSm,METTRSm,PPTTm,HBZOPT6,ALATL,APAPTm,ASPTRSm,CRNCARtm,CDGGGPP4,DOLASNT,LEUTRSm,TYRTRSm,ARGTRSm,TRPTRSm,FCLTm,CYO1b2pp_sync,CYO1bpp_sync,ENLIPIDAt1exc,biomass,GLUABUTt7,,,,,,,,,,,,,,,,,,,,,,,,,,,,,,,,,,,,,,,,,,,,,,,,,,,,,,,,,,,,,,,,,,,,,,,,,,
no_ortho_EnuttalliP19,2AGPGAT141,ACONMT,NORRDX,UPLA4FNT,NALN6,2AGPEAT141,DIPS,UPLA4NT,TPK1,CDGS1,NTR3B,r0016,RE0066C,FEROt,DOLASNTc,OHPHM6nc,ENLIPIDAt1exc,DMTc,protein_bm,,,,,,,,,,,,,,,,,,,,,,,,,,,,,,,,,,,,,,,,,,,,,,,,,,,,,,,,,,,,,,,,,,,,,,,,,,,,,,,,,,,,
PfalciparumGA01,ILETRSm,THRTRSm,VALTRSm,CDGGGPP3,CD2t4,ASNTRSm,HISTRSm,PHETRSm,AGPAT190,LYSTRSm,METTRSm,PPTTm,HBZOPT6,FEDCabc,APAPTm,ASPTRSm,CRNCARtm,CDGGGPP4,DOLASNT,LEUTRSm,PTPATe,TYRTRSm,ARGTRSm,TRPTRSm,ENLIPIDAt1exc,CYO1b2pp_sync,CYO1bpp_sync,THZPSN_mt2,THZPSNm,GHMT2r_ap,DOLPMT3,FCLT_ap,,,,,,,,,,,,,,,,,,,,,,,,,,,,,,,,,,,,,,,,,,,,,,,,,,,,,,,,,,,,,,,,,,,,,,,
PpraefalciparumG01,HEMEOSm,ILETRSm,THRTRSm,VALTRSm,CDGGGPP3,CD2t4,ASNTRSm,HISTRSm,PHETRSm,AGPAT190,DHORD2,GHMT2rm,LYSTRSm,METTRSm,PPTTm,HBZOPT6,FEDCabc,APAPTm,HEMEOSm_1,ASPTRSm,CRNCARtm,CDGGGPP4,DOLASNT,HEMELm,SECYSTL,HCGALm,CBFCc,THZPSNm,THZPSN_mt2,DSBAO1e,GHMT2r_m,GHMT2r_ap,DOLPMT3,FCLT_ap,,,,,,,,,,,,,,,,,,,,,,,,,,,,,,,,,,,,,,,,,,,,,,,,,,,,,,,,,,,,,,,,,,,,,
no_ortho_EhistolyticaKU27,2AGPGAT141,NORRDX,UPLA4FNT,NALN6,2AGPEAT141,UPLA4NT,TPK1,DMATT2,r0016,FEROt,DOLASNTc,ENLIPIDAt1exc,,,,,,,,,,,,,,,,,,,,,,,,,,,,,,,,,,,,,,,,,,,,,,,,,,,,,,,,,,,,,,,,,,,,,,,,,,,,,,,,,,,,,,,,,,,
