,Rxn description,Formula,Gene-reaction association,Genes,Proteins,Subsystem,Reversible,LB,UB,Objective,Confidence Score,EC Number,Notes,References,,,,,,,,,,,,,,
CHSTEROLt,CHSTEROLt,atp[c] + chsterol[c] + h2o[c] <=> adp[c] + chsterol[e] + h[c] + pi[c],,,,Transport e,1,-1000,1000,0,,,Reversible for import,doi: 10.1016/j.chom.2015.08.003,,,,,,,,,,,,,,
trna_ala,trna alanine,trnaala[c] <=>,(PF3D7_0411500) or (PF3D7_0620800) or (PF3D7_0702700),PF3D7_0411500 PF3D7_0620800 PF3D7_0702700,,AminoAcids tRNA ; Exchange,1,-1000,1000,0,,,adding gene to tRNA,PlasmoDB,,,,,,,,,,,,,,
trna_asp,trna asp,trnaasp[c] <=>,(PF3D7_0714700),PF3D7_0714700,,AminoAcids tRNA ; Exchange,1,-1000,1000,0,,,adding gene to tRNA,PlasmoDB,,,,,,,,,,,,,,
trna_cys,trna cysteine,trnacys[c] <=>,(PF3D7_1370100),PF3D7_1370100,,AminoAcids tRNA ; Exchange,1,-1000,1000,0,,,adding gene to tRNA,PlasmoDB,,,,,,,,,,,,,,
trna_gly,trna glycine,trnagly[c] <=>,(PF3D7_1103200) or (PF3D7_1370200),PF3D7_1103200 PF3D7_1370200,,AminoAcids tRNA ; Exchange,1,-1000,1000,0,,,adding gene to tRNA,PlasmoDB,,,,,,,,,,,,,,
trna_his,trna histidine,trnahis[c] <=>,(PF3D7_0706900),PF3D7_0706900,,AminoAcids tRNA ; Exchange,1,-1000,1000,0,,,adding gene to tRNA,PlasmoDB,,,,,,,,,,,,,,
trna_ile,trna isoleucine,trnaile[c] <=>,(PF3D7_0312700) or (PF3D7_0410200),PF3D7_0312700 PF3D7_0410200,,AminoAcids tRNA ; Exchange,1,-1000,1000,0,,,adding gene to tRNA,PlasmoDB,,,,,,,,,,,,,,
trna_leu,trna leucine,trnaleu[c] <=>,(PF3D7_0510600) or (PF3D7_0527800) or (PF3D7_0620900) or (PF3D7_0714800) or (PF3D7_1103300),PF3D7_0510600 PF3D7_0527800 PF3D7_0620900 PF3D7_0714800 PF3D7_1103300,,AminoAcids tRNA ; Exchange,1,-1000,1000,0,,,adding gene to tRNA,PlasmoDB,,,,,,,,,,,,,,
trna_lys,trna lysine,trnalys[c] <=>,(PF3D7_0707100) or (PF3D7_0707000),PF3D7_0707100 PF3D7_0707000,,AminoAcids tRNA ; Exchange,1,-1000,1000,0,,,adding gene to tRNA,PlasmoDB,,,,,,,,,,,,,,
trna_pro,trna proline,trnapro[c] <=>,(PF3D7_1216800) or (PF3D7_1418400) or (PF3D7_1339200),PF3D7_1216800 PF3D7_1418400 PF3D7_1339200,,AminoAcids tRNA ; Exchange,1,-1000,1000,0,,,adding gene to tRNA,PlasmoDB,,,,,,,,,,,,,,
trna_secys,trna selanocystein,trnasecys[c] <=>,(PF3D7_1438200),PF3D7_1438200,,AminoAcids tRNA ; Exchange,1,-1000,1000,0,,,adding gene to tRNA,PlasmoDB,,,,,,,,,,,,,,
trna_ser,trna serine,trnaser[c] <=>,(PF3D7_0410100) or (PF3D7_0621600) or (PF3D7_0714900) or (PF3D7_1337600),PF3D7_0410100 PF3D7_0621600 PF3D7_0714900 PF3D7_1337600,,AminoAcids tRNA ; Exchange,1,-1000,1000,0,,,adding gene to tRNA,PlasmoDB,,,,,,,,,,,,,,
trna_thr,trna threon,trnathr[c] <=>,(PF3D7_0706800) or (PF3D7_0730700) or (PF3D7_1355400),PF3D7_0706800 PF3D7_0730700 PF3D7_1355400,,AminoAcids tRNA ; Exchange,1,-1000,1000,0,,,adding gene to tRNA,PlasmoDB,,,,,,,,,,,,,,
trna_tyr,trna tyrosine,trnatyr[c] <=>,(PF3D7_0702800),PF3D7_0702800,,AminoAcids tRNA ; Exchange,1,-1000,1000,0,,,adding gene to tRNA,PlasmoDB,,,,,,,,,,,,,,
trna_val,trna valine,trnaval[c] <=>,(PF3D7_0312600) or (PF3D7_0730600) or (PF3D7_1251900),PF3D7_0312600 PF3D7_0730600 PF3D7_1251900,,AminoAcids tRNA ; Exchange,1,-1000,1000,0,,,adding gene to tRNA,PlasmoDB,,,,,,,,,,,,,,
trna_arg,trna arg,trnaarg[c] <=>,(PF3D7_0529600) or (PF3D7_1370000) or (PF3D7_1369800) or (PF3D7_1341000),PF3D7_0529600 PF3D7_1370000 PF3D7_1369800 PF3D7_1341000,,AminoAcids tRNA ; Exchange,1,-1000,1000,0,,,adding gene to tRNA,PlasmoDB,,,,,,,,,,,,,,
trna_met,trna met,trnamet[c] <=>,(PF3D7_1438300) or (PF3D7_1339100),PF3D7_1438300 PF3D7_1339100,,AminoAcids tRNA ; Exchange,1,-1000,1000,0,,,adding gene to tRNA,PlasmoDB,,,,,,,,,,,,,,
trna_asn,trna asn,trnaasn[c] <=>,(PF3D7_0403000),PF3D7_0403000,,AminoAcids tRNA ; Exchange,1,-1000,1000,0,,,adding gene to tRNA,PlasmoDB,,,,,,,,,,,,,,
trna_gln,trna glutamine,trnagln[c] <=>,(PF3D7_0203500),PF3D7_0203500,,AminoAcids tRNA ; Exchange,1,-1000,1000,0,,,adding gene to tRNA,PlasmoDB,,,,,,,,,,,,,,
trna_glu,trna glutamate,trnaglu[c] <=>,(PF3D7_0411600) or (PF3D7_0527700) or (PF3D7_1252000),PF3D7_0411600 PF3D7_0527700 PF3D7_1252000,,AminoAcids tRNA ; Exchange,1,-1000,1000,0,,,adding gene to tRNA,PlasmoDB,,,,,,,,,,,,,,
trna_phe,trna phenylalanine,trnaphe[c] <=>,(PF3D7_0514400),PF3D7_0514400,,AminoAcids tRNA ; Exchange,1,-1000,1000,0,,,adding gene to tRNA,PlasmoDB,,,,,,,,,,,,,,
trna_trp,trna tryptophan,trnatrp[c] <=>,(PF3D7_1369900),PF3D7_1369900,,AminoAcids tRNA ; Exchange,1,-1000,1000,0,,,adding gene to tRNA,PlasmoDB,,,,,,,,,,,,,,
amet_ex,S_Adenosyl_L_methionine exchange,amet[e] <=>,,,,Exchange,1,-1000,1000,0,,,,,,,,,,,,,,,,,,
ppa_ex,ppa_ex,ppa[e] <=>,,,,Exchange,1,-1000,1000,0,,,,,,,,,,,,,,,,,,
pail_ex,phosphatidyl inositol exchange,pail[e] <=>,,,,Exchange,1,-1000,1000,0,,,Uptake from host,doi: 10.1016/j.chom.2015.08.003,,,,,,,,,,,,,,
pail_uptake,phosphatidyl inositol uptake from host,pail[e] <=> pail[c],,,,Transport e,1,-1000,1000,0,,,,,,,,,,,,,,,,,,
ocdcea_t,octadecanoate transport,ocdcea[c] <=> ocdcea[ap],,,,Transport ap,1,-1000,1000,0,,,,,,,,,,,,,,,,,,
hdcea_t,hexadecanoate transport,hdcea[c] <=> hdcea[ap],,,,Transport ap,1,-1000,1000,0,,,,,,,,,,,,,,,,,,
ttdcea_t,tetradecanoate transport,ttdcea[c] <=> ttdcea[ap],,,,Transport ap,1,-1000,1000,0,,,,,,,,,,,,,,,,,,
trdrd_t,thioredoxin transport,trdrd[c] -> trdrd[m],,,,Transport m,0,0,1000,0,,,oxidized or reduced version?,,,,,,,,,,,,,,,
trdrd_exp,thioredoxin expression,trdrd[c] ->,,,,Expression,0,-1000,0,0,,,ADD GENES: oxidized or reduced version?,,,,,,,,,,,,,,,
5aop_t,aminolevulinate transport,5aop[m] <=> 5aop[ap],,,,Transport m ; Transport ap ; Cofactors PorphyrinMetabolism ,1,-1000,1000,0,,,,MPMP,,,,,,,,,,,,,,
adpr_ex,adp-ribose exchange,adpr[e] <=>,,,,Exchange,1,-1000,1000,0,,,,doi: 10.1023/B:BIRE.0000037755.42767.a4,,,,,,,,,,,,,,
adpr_t,adp-ribose transport,adpr[e] <=> adpr[c],,,,Transport e,1,-1000,1000,0,,,,,,,,,,,,,,,,,,
fldox_exp,flavodoxin expression,fldox[ap] ->,(PFI1140w ),PFI1140w ,,Expression,0,-1000,0,0,,,,doi: 10.1016/S1995-7645(11)60042-4,,,,,,,,,,,,,,
PIACGT,PIACGT,pail[c] + uacgam[c] -> acgpail[c] + h[c] + udp[c],,,,Lipids GPIAnchorBiosynthesis,0,0,1000,0,,,Subsystem change,,,,,,,,,,,,,,,
g3pc_ex,g3pc_ex,g3pc[e] <=>,,,,Exchange,1,-1000,1000,0,,,from host,doi: 10.1016/j.chom.2015.08.003,,,,,,,,,,,,,,
g3pi_ex,g3pi_ex,g3pi[e] <=>,,,,Exchange,1,-1000,1000,0,,,from host,doi: 10.1016/j.chom.2015.08.003,,,,,,,,,,,,,,
g3ps_ex,g3ps_ex,g3ps[e] <=>,,,,Exchange,1,-1000,1000,0,,,MAYBE NOT from host,doi: 10.1016/j.chom.2015.08.003,,,,,,,,,,,,,,
g3pc_t,g3pc_t,g3pc[e] <=> g3pc[c],,,,Transport e,1,-1000,1000,0,,,,,,,,,,,,,,,,,,
g3pi_t,g3pi_t,g3pi[e]  <=> g3pi[c],,,,Transport e,1,-1000,1000,0,,,,,,,,,,,,,,,,,,
g3ps_t,g3ps_t,g3ps[e]  <=> g3ps[c],,,,Transport e,1,-1000,1000,0,,,,,,,,,,,,,,,,,,
dolichol_ex,dolichol exchange,dolichol[e] <=>,,,,Exchange,1,-1000,1000,0,,,,PMID: 887085,,,,,,,,,,,,,,
dolichol_t,dolicholtransport,dolichol[e] <=>  dolichol[c],,,,Transport e,1,-1000,1000,0,,,,PMID: 887085,,,,,,,,,,,,,,
seln_ex,seln_ex,seln[e] <=>,,,,Exchange,1,-1000,1000,0,,,,"DOI: 10.1093/nar/gkj450, 10.1271/bbb.90306",,,,,,,,,,,,,,
seln_t,seln_t,seln[e] <=> seln[c],,,,Transport e,1,-1000,1000,0,,,,,,,,,,,,,,,,,,
2agpe120[e]_ex,2agpe120[e]_ex,2agpe120[e] <=>,,,,Exchange,1,-1000,1000,0,,,,,,,,,,,,,,,,,,
2agpe140[e]_ex,2agpe140[e]_ex, 2agpe140[e] <=>,,,,Exchange,1,-1000,1000,0,,,,,,,,,,,,,,,,,,
2agpe141[e]_ex,2agpe141[e]_ex, 2agpe141[e] <=>,,,,Exchange,1,-1000,1000,0,,,,,,,,,,,,,,,,,,
2agpe160[e]_ex,2agpe160[e]_ex, 2agpe160[e] <=>,,,,Exchange,1,-1000,1000,0,,,,,,,,,,,,,,,,,,
2agpe161[e]_ex,2agpe161[e]_ex, 2agpe161[e] <=>,,,,Exchange,1,-1000,1000,0,,,,,,,,,,,,,,,,,,
2agpe180[e]_ex,2agpe180[e]_ex, 2agpe180[e] <=>,,,,Exchange,1,-1000,1000,0,,,,,,,,,,,,,,,,,,
2agpe181[e]_ex,2agpe181[e]_ex, 2agpe181[e] <=>,,,,Exchange,1,-1000,1000,0,,,,,,,,,,,,,,,,,,
2agpg120[e]_ex,2agpg120[e]_ex, 2agpg120[e] <=>,,,,Exchange,1,-1000,1000,0,,,,,,,,,,,,,,,,,,
2agpg140[e]_ex,2agpg140[e]_ex, 2agpg140[e] <=>,,,,Exchange,1,-1000,1000,0,,,,,,,,,,,,,,,,,,
2agpg141[e]_ex,2agpg141[e]_ex, 2agpg141[e] <=>,,,,Exchange,1,-1000,1000,0,,,,,,,,,,,,,,,,,,
2agpg160[e]_ex,2agpg160[e]_ex, 2agpg160[e] <=>,,,,Exchange,1,-1000,1000,0,,,,,,,,,,,,,,,,,,
2agpg161[e]_ex,2agpg161[e]_ex, 2agpg161[e] <=>,,,,Exchange,1,-1000,1000,0,,,,,,,,,,,,,,,,,,
2agpg180[e]_ex,2agpg180[e]_ex, 2agpg180[e] <=>,,,,Exchange,1,-1000,1000,0,,,,,,,,,,,,,,,,,,
2agpg181[e]_ex,2agpg181[e]_ex, 2agpg181[e] <=>,,,,Exchange,1,-1000,1000,0,,,,,,,,,,,,,,,,,,
2ddecg3p[e]_ex,2ddecg3p[e]_ex, 2ddecg3p[e] <=>,,,,Exchange,1,-1000,1000,0,,,,,,,,,,,,,,,,,,
2agpe120[e]_t,2agpe120[e]_t,2agpe120[e] <=> 2agpe120[c],,,,Transport e,1,-1000,1000,0,,,,,,,,,,,,,,,,,,
2agpe140[e]_t,2agpe140[e]_t,2agpe140[e] <=> 2agpe140[c],,,,Transport e,1,-1000,1000,0,,,,,,,,,,,,,,,,,,
2agpe141[e]_t,2agpe141[e]_t,2agpe141[e] <=> 2agpe141[c],,,,Transport e,1,-1000,1000,0,,,,,,,,,,,,,,,,,,
2agpe160[e]_t,2agpe160[e]_t,2agpe160[e] <=> 2agpe160[c],,,,Transport e,1,-1000,1000,0,,,,,,,,,,,,,,,,,,
2agpe161[e]_t,2agpe161[e]_t,2agpe161[e] <=> 2agpe161[c],,,,Transport e,1,-1000,1000,0,,,,,,,,,,,,,,,,,,
2agpe180[e]_t,2agpe180[e]_t,2agpe180[e] <=> 2agpe180[c],,,,Transport e,1,-1000,1000,0,,,,,,,,,,,,,,,,,,
2agpe181[e]_t,2agpe181[e]_t,2agpe181[e] <=> 2agpe181[c],,,,Transport e,1,-1000,1000,0,,,,,,,,,,,,,,,,,,
2agpg120[e]_t,2agpg120[e]_t,2agpg120[e] <=> 2agpg120[c],,,,Transport e,1,-1000,1000,0,,,,,,,,,,,,,,,,,,
2agpg140[e]_t,2agpg140[e]_t,2agpg140[e] <=> 2agpg140[c],,,,Transport e,1,-1000,1000,0,,,,,,,,,,,,,,,,,,
2agpg141[e]_t,2agpg141[e]_t,2agpg141[e] <=> 2agpg141[c],,,,Transport e,1,-1000,1000,0,,,,,,,,,,,,,,,,,,
2agpg160[e]_t,2agpg160[e]_t,2agpg160[e] <=> 2agpg160[c],,,,Transport e,1,-1000,1000,0,,,,,,,,,,,,,,,,,,
2agpg161[e]_t,2agpg161[e]_t,2agpg161[e] <=> 2agpg161[c],,,,Transport e,1,-1000,1000,0,,,,,,,,,,,,,,,,,,
2agpg180[e]_t,2agpg180[e]_t,2agpg180[e] <=> 2agpg180[c],,,,Transport e,1,-1000,1000,0,,,,,,,,,,,,,,,,,,
2agpg181[e]_t,2agpg181[e]_t,2agpg181[e] <=> 2agpg181[c],,,,Transport e,1,-1000,1000,0,,,,,,,,,,,,,,,,,,
2ddecg3p[e]_t,2ddecg3p[e]_t,2ddecg3p[e] <=> 2ddecg3p[c],,,,Transport e,1,-1000,1000,0,,,,,,,,,,,,,,,,,,
gdp_t,gdp transport,gdp[c] <=> gdp[ap],,,,Transport ap,1,-1000,1000,0,,,,,,,,,,,,,,,,,,
gtp_t,gtp transport,gtp[c] <=> gtp[ap],,,,Transport ap,1,-1000,1000,0,,,,,,,,,,,,,,,,,,
2dr_p,phosphate transfer on 2-deoxy-d-ribose,2dr5p[c] <=> 2dr1p[c],,,,Nucleotides PyrimidineMetabolism ,1,-1000,1000,0,,,No genetic evidence; gap filled to removed blocked reaction,,,,,,,,,,,,,,,
mi13456p_ex,mi13456p exchange,mi13456p[e] <=>,,,,Exchange,1,-1000,1000,0,,,From host cell,doi: 10.1016/j.chom.2015.08.003,,,,,,,,,,,,,,
mi1345p_ex,mi1345p exchange,mi1345p[e] <=>,,,,Exchange,1,-1000,1000,0,,,From host cell,doi: 10.1016/j.chom.2015.08.003,,,,,,,,,,,,,,
mi134p_ex,mi134p exchange,mi134p[e] <=>,,,,Exchange,1,-1000,1000,0,,,From host cell,doi: 10.1016/j.chom.2015.08.003,,,,,,,,,,,,,,
mi1456p_ex,mi1456p exchange,mi1456p[e] <=>,,,,Exchange,1,-1000,1000,0,,,From host cell,doi: 10.1016/j.chom.2015.08.003,,,,,,,,,,,,,,
mi145p_ex,mi145p exchange,mi145p[e] <=>,,,,Exchange,1,-1000,1000,0,,,From host cell,doi: 10.1016/j.chom.2015.08.003,,,,,,,,,,,,,,
mi14p_ex,mi14p exchange,mi14p[e] <=>,,,,Exchange,1,-1000,1000,0,,,From host cell,doi: 10.1016/j.chom.2015.08.003,,,,,,,,,,,,,,
mi1p_D_ex,mi1p_D exchange,mi1p_D[e] <=>,,,,Exchange,1,-1000,1000,0,,,From host cell,doi: 10.1016/j.chom.2015.08.003,,,,,,,,,,,,,,
mi34p_ex,mi34p exchange,mi34p[e] <=>,,,,Exchange,1,-1000,1000,0,,,From host cell,doi: 10.1016/j.chom.2015.08.003,,,,,,,,,,,,,,
mi4p_D_ex,mi4p_D exchange,mi4p_D[e] <=>,,,,Exchange,1,-1000,1000,0,,,From host cell,doi: 10.1016/j.chom.2015.08.003,,,,,,,,,,,,,,
dIMP_ex,dIMP exchange,dimp[e] <=>,,,,Exchange,1,-1000,1000,0,,,,PMID: 855717,,,,,,,,,,,,,,
dIMP_t,dIMP transport,dimp[e] <=> dimp[c],,,,Transport e,1,-1000,1000,0,,,,PMID: 855717,,,,,,,,,,,,,,
mi13456p_t,mi13456p transport,mi13456p[e] <=> mi13456p[c],,,,Transport e,1,-1000,1000,0,,,,,,,,,,,,,,,,,,
mi1345p_t,mi1345p transport,mi1345p[e] <=> mi1345p[c],,,,Transport e,1,-1000,1000,0,,,,,,,,,,,,,,,,,,
mi134p_t,mi134p transport,mi134p[e] <=> mi134p[c],,,,Transport e,1,-1000,1000,0,,,,,,,,,,,,,,,,,,
mi1456p_t,mi1456p transport,mi1456p[e] <=> mi1456p[c],,,,Transport e,1,-1000,1000,0,,,,,,,,,,,,,,,,,,
mi145p_t,mi145p transport,mi145p[e] <=> mi145p[c],,,,Transport e,1,-1000,1000,0,,,,,,,,,,,,,,,,,,
mi14p_t,mi14p transport,mi14p[e] <=> mi14p[c],,,,Transport e,1,-1000,1000,0,,,,,,,,,,,,,,,,,,
mi1p_D_t,mi1p_D transport,mi1p_D[e] <=> mi1p_D[c],,,,Transport e,1,-1000,1000,0,,,,,,,,,,,,,,,,,,
mi34p_t,mi34p transport,mi34p[e] <=> mi34p[c],,,,Transport e,1,-1000,1000,0,,,,,,,,,,,,,,,,,,
mi4p_D_t,mi4p_D transport,mi4p_D[e] <=> mi4p_D[c],,,,Transport e,1,-1000,1000,0,,,,,,,,,,,,,,,,,,
acp_exp,acp expression,apoACP[c] ->,(PFB0385w),PFB0385w,,Expression,0,-1000,0,0,,,Added ACP gene,PlasmoDB,,,,,,,,,,,,,,
acp_t,acp transport,apoACP[c] <=> apoACP[ap],,,,Transport ap,1,-1000,1000,0,,,,,,,,,,,,,,,,,,
ACPS1,holo-[acyl-carrier-protein] synthase,apoACP[ap] + coa[ap] -> ACP[ap] + h[ap] + pap[ap],(PFD0980w),PFD0980w,,Cofactors CoABiosynthesis,0,0,1000,0,,2.7.8.7,added ACP gene; moved to apicoplast,PlasmoDB; MPMP,,,,,,,,,,,,,,
ACCOAC[ap],Acetyl-CoA carboxylase,accoa[ap] + atp[ap] + hco3[ap] -> adp[ap] + h[ap] + malcoa[ap] + pi[ap],(PF14_0664) and (PF14_0573) and (PF10_0409),PF14_0664 PF14_0573 PF10_0409,,Lipids FattyAcidSynthesis,0,0,1000,0,,6.4.1.2,Add genes,PlasmoDB; MPMP,,,REPLACE EXISTING,,,,,,,,,,,
KAS14[ap],beta-ketoacyl-acyl-carrier-protein synthase I,acACP[ap] + h[ap] + malACP[ap] -> ACP[ap] + actACP[ap] + co2[ap],(PFF1275c),PFF1275c,,Lipids FattyAcidSynthesis,0,0,1000,0,,2.3.1.41,REMOVE gene,PlasmoDB; MPMP,,,,,,,,,,,,,,
3OAR40[ap],3-oxoacyl-[acyl-carrier-protein] reductase,actACP[ap] + h[ap] + nadph[ap] -> 3haACP[ap] + nadp[ap],(PFI1125c),PFI1125c,,Lipids FattyAcidSynthesis,0,0,1000,0,,1.1.1.100,MAKE UNIDIRECTIONAL,,,,,,,,,,,,,,,
3OAS60[ap],beta-ketoacyl-acyl-carrier-protein synthase I,butACP[ap] + h[ap] + malACP[ap] -> actACP[ap] + ACP[ap] + co2[ap],(PFF1275c),PFF1275c,,Lipids FattyAcidSynthesis,0,0,1000,0,,2.3.1.41,REMOVE GENE; change met,PlasmoDB; MPMP,,,,,,,,,,,,,,
AXST_ex,Xlinked protein exchange,Asn_X_Ser/Thr[e] <=>,,,,Exchange,1,-1000,1000,0,,,,,,,,,,,,,,,,,,
AXST_t,Xlinked protein transport,Asn_X_Ser/Thr[e] <=> Asn_X_Ser/Thr[c],,,,Transport e,1,-1000,1000,0,,,,,,,,,,,,,,,,,,
citrul_ex,citruline export,citrul[c] ->,,,,Export,0,0,1000,0,,,No urea cycle; cannot be consumed,DOI: http://dx.doi.org/10.1016/j.celrep.2015.03.011,,,,,,,,,,,,,,
anth_ex,anthranilate export,anth[c] -> ,,,,Export,0,0,1000,0,,,Unknown removal,MPMP,,,,,,,,,,,,,,
hcys_ex,homocystein exchange,hcys[e] <=>,,,,Exchange,1,-1000,1000,0,,,,,,,,,,,,,,,,,,
uri_gf,uri gap filled,uri[c] + atp[c] -> adp[c] + ump[c],,,,Nucleotides PyrimidineMetabolism,0,0,1000,0,,,Added with no genetic evidence (gap filled),,,,,,,,,,,,,,,
SBTR,aldehyde reductase,glc_D[c] + h[c] + nadp[c] -> nadph[c] + sbt_D[c],(MAL13P1_324),MAL13P1_324,,Carbohydrates PyruvateMetabolism ; Carbohydrates Glycolysis,0,0,1000,0,,1.1.1.21,not reversible; nadph on wrong side,MPMP; PlasmoDB,,,ELSEWHERE,,,,,,,,,,,
LALDO2x,aldehyde reductase,h[c] + mthgxl[c] + nadph[c] <=> lald_D[c] + nadp[c],(MAL13P1_324),MAL13P1_324,,Carbohydrates PyruvateMetabolism ; Carbohydrates Glycolysis,1,-1000,1000,0,,1.1.1.21,Reversible,,,,,,,,,,,,,,,
mthgxl_s,spontaneous mthgxl production,dhap[c] -> mthgxl[c],,,,Spontaneous,0,0,1000,0,,,Spontaneous,,,,,,,,,,,,,,,
mthgxl_ex,mthgxl exchange,mthgxl[e] <=>,,,,Exchange,1,-1000,1000,0,,,,,,,,,,,,,,,,,,
ACP1,acid phosphatase,fmn[c] + h2o[c] -> pi[c] + ribflv[c],(PFI0880c) or (PF14_0282) or (PF14_0036),PFI0880c PF14_0282 PF14_0036,,Cofactors RiboflavinMetabolism,0,0,1000,0,,3.1.3.2,Added 2 genes,"MPMP, PlasmoDb",,,,,,,,,,,,,,
THZPSN_mt,cysteine desulfurase,cys_L[m] + dxyl5p[m] + tyr_L[m] -> 4hba[m] + 4mhetz[m] + ala_L[m] + co2[m],((MAL7P1_150) or (PF07_0068)) and ((PF13_0182) or (PF13_0344)),MAL7P1_150 PF07_0068 PF13_0182 PF13_0344,,Cofactors ThiamineMetabolism,0,0,1000,0,,2.8.1.7,added 2 genes,MPMP,,,,,,,,,,,,,,
MAN1PT,mannose-1-phosphate guanylyltransferase,gtp[c] + h[c] + man1p[c] -> gdpmann[c] + ppi[c],(PF14_0774) or (PFL0675c),PF14_0774 PFL0675c,,Carbohydrates MannoseFructoseMetabolism,0,0,1000,0,,2.7.7.13,added 2nd gene,"MPMP, uni dir?",,,,,,,,,,,,,,
GALUi,UTP-glucose-1-phosphate uridylyltransferase,g1p[c] + h[c] + utp[c] -> ppi[c] + udpg[c],(MAL13P1_218) or (PFE0875c),MAL13P1_218 PFE0875c,,Lipids SphingomyelinCeramideMetabolism,0,0,1000,0,,2.7.7.9,added 2nd gene,PlasmoDb,,,,,,,,,,,,,,
DMQMT_mt,DMQMT mt,2omhmbl[m] + amet[m] -> ahcys[m] + h[m] + q8h2[m],(MAL7P1_130) or (PFI0815c),MAL7P1_130 PFI0815c,,Cofactors UbiquinoneMetabolism,0,0,1000,0,,2.1.1.64,Added 2nd gene (irrev.),MPMP,,,,,,,,,,,,,,
OHPHM_mt,3-demethylubiquinone-9 3-O-methyltransferase,2ohph[m] + amet[m] -> 2omph[m] + ahcys[m] + h[m],(MAL7P1_130) or (PFI0815c),MAL7P1_130 PFI0815c,,Cofactors UbiquinoneMetabolism,0,0,1000,0,,2.1.1.64,Added 2nd gene (irrev.),MPMP,,,,,,,,,,,,,,
HETZK,hydroxyethylthiazole kinase,4mhetz[c] + atp[c] -> 4mpetz[c] + adp[c] + h[c],(PFF1335c) or (PFL1920c) or (PF11_0453),PFF1335c PFL1920c PF11_0453,,Cofactors ThiamineMetabolism,0,0,1000,0,,2.7.1.50,Added 3rd gene,MPMP,,,,,,,,,,,,,,
UDCPDPS,UDCPDPS,frdp[c] + 8 ipdp[c] -> 8 ppi[c] + udcpdp[c],(MAL8P1_22),MAL8P1_22,,Lipids TerpenoidMetabolism,0,0,1000,0,,2.5.1.31,added EC and gene,"Expasy, MPMP",,,,,,,,,,,,,,
OCTDPS,OCTDPS,frdp[c] + 5 ipdp[c] -> octdp[c] + 5 ppi[c],(PFB0130w),PFB0130w,,Lipids TerpenoidMetabolism,0,0,1000,0,,2.5.1.90,added EC and gene,"Expasy, DOI: 10.1042/BJ20050441",,,,,,,,,,,,,,
OMBZLM_mt,OMBZLM mt,2ombzl[m] + amet[m] -> 2ommbl[m] + ahcys[m] + h[m],(PFB0220w) or (PFD0350w),PFB0220w PFD0350w,,Cofactors UbiquinoneMetabolism,0,0,1000,0,,2.1.1.201,"Added EC, second gene (irrev.)",MPMP,,,,,,,,,,,,,,
NADK,NAD+ kinase,atp[c] + nad[c] -> adp[c] + h[c] + nadp[c],(PFI0650c),PFI0650c,,Cofactors NicotinateNicotinamideMetabolism,0,0,1000,0,,2.7.1.23,added gene,"MPMP, PlasmoDB",,,,,,,,,,,,,,
DSAT,sphingosine N-acyltransferase,Rtotalcoa[c] + sphgn[c] -> coa[c] + dhcrm[c] + h[c],(PFE0405c) or (PF14_0034),PFE0405c PF14_0034,,Lipids SphingomyelinCeramideMetabolism,0,0,1000,0,,2.3.1.24,added gene,MPMP,,,,,,,,,,,,,,
PYK,pyruvate kinase,adp[c] + h[c] + pep[c] -> atp[c] + pyr[c],(PFF1300w),PFF1300w,,Carbohydrates Glycolysis ; Carbohydrates PyruvateMetabolism ; Lipids IsoprenoidsMetabolism ; Lipids FattyAcidSynthesis,0,0,1000,0,,2.7.1.40,Added gene,MPMP,,,,,,,,,,,,,,
HYPOE,pyridoxal phosphatase,h2o[c] + pyam5p[c] -> pi[c] + pydam[c],(PF07_0059),PF07_0059,,Cofactors VitB6Metabolism,0,0,1000,0,,3.1.3.41,"added gene, changed EC",MPMP; PlasmoDb,,,,,,,,,,,,,,
PDXPP,pyridoxal phosphatase,h2o[c] + pdx5p[c] -> pi[c] + pydxn[c],(PF07_0059),PF07_0059,,Cofactors VitB6Metabolism,0,0,1000,0,,3.1.3.41,"added gene, changed EC",MPMP; PlasmoDb,,,,,,,,,,,,,,
PYDXPP,pyridoxal phosphatase,h2o[c] + pydx5p[c] -> pi[c] + pydx[c],(PF07_0059),PF07_0059,,Cofactors VitB6Metabolism,0,0,1000,0,,3.1.3.41,"added gene, changed EC",MPMP; PlasmoDb,,,,,,,,,,,,,,
LYSDC,Lysine decarboxylase,h[c] + lys_L[c] -> 15dap[c] + co2[c],(PFD0285c) or (PFD0670c),PFD0285c PFD0670c,,AminoAcids LysMetabolism,0,0,1000,0,,4.1.1.18,added second gene,MPMP,,,,,,,,,,,,,,
ADNCYC,adenylate cyclase,atp[c] -> camp[c] + ppi[c],(PF14_0788) or (MAL8P1.150),PF14_0788 MAL8P1.150,,Nucleotides PurineMetabolism,0,0,1000,0,,4.6.1.1,Added second gene (irrev.),MPMP,,,,,,,,,,,,,,
ARGTRS,Arginine-tRNA ligase,arg_L[c] + atp[c] + trnaarg[c] -> amp[c] + argtrna[c] + ppi[c],(PFL0900c) or (PFI0680c),PFL0900c PFI0680c,,AminoAcids ArgProMetabolism ; AminoAcids tRNA,0,0,1000,0,,6.1.1.19,Added second gene; trna annotation,MPMP,,,,,,,,,,,,,,
PGM,Phosphoglycerate mutase,2pg[c] <=> 3pg[c],(PF11_0208) or (PFD0660w) or (PFC0430w),PF11_0208 PFD0660w PFC0430w,,Carbohydrates Glycolysis,1,-1000,1000,0,,5.4.2.1,added third gene (rev.),MPMP,,,,,,,,,,,,,,
DHCRD1,DHCRD1,dhcrm[c] + nadp[c] + 0.5 o2[c] -> crm[c] + h[c] + nadph[c] + h2o[c],,,,Lipids SphingomyelinCeramideMetabolism,0,0,1000,0,,1.14.-.-,"added EC, and o2, H2o",MPMP,,,,,,,,,,,,,,
DHCRD2,DHCRD2,dhcrm[c] + fad[c] + 0.5 o2[c] -> crm[c] + fadh2[c] + h2o[c],,,,Lipids SphingomyelinCeramideMetabolism,0,0,1000,0,,1.14.-.-,"added EC, and o2, H2o",MPMP,,,,,,,,,,,,,,
PDX5POi,pyridoxal 5'-phosphate synthase,o2[c] + h2o[c] + pdx5p[c] -> h2o2[c] + pydx5p[c],(PF14_0570),PF14_0570,,Cofactors VitB6Metabolism,0,0,1000,0,,1.4.3.5,added h2o,MPMP,,,,,,,,,,,,,,
THD2pp,NAD(P)+ transhydrogenase (B-specific),2 h[c] + nadh[c] + nadp[c] -> 2 h[c] + nad[c] + nadph[c],(PF14_0508),PF14_0508,,Cofactors NicotinateNicotinamideMetabolism,0,0,1000,0,,1.6.1.1,chanced h[e] to h[c],KEGG,,,,,,,,,,,,,,
PPA2,inorganic diphosphatase,h2o[c] + pppi[c] -> h[c] + pi[c] + ppi[c],(PF14_0541) or (PFC0710w),PF14_0541 PFC0710w,,Nucleotides PurineMetabolism ; Lipids TerpenoidMetabolism,0,0,1000,0,,3.6.1.1,diphosphate to two phosphates,,,,,,,,,,,,,,,
HBZOPT_mt,HBZOPT mt,4hbz[m] + octdp[m] -> 3ophb[m] + 2 ppi[m],(PFF0370w),PFF0370w,,Cofactors UbiquinoneMetabolism,0,0,1000,0,,2.5.1.39,"EC change, add phosphate",MPMP,,,,,,,,,,,,,,
GLUDxi,glutamate dehydrogenase,glu_L[c] + h2o[c] + nad[c] -> akg[c] + nadh[c] + nh3[c],(PF08_0132),PF08_0132,,AminoAcids GluMetabolism ; AminoAcids NitrogenMetabolism,0,0,1000,0,,1.4.1.2,removed extra H,expasy,,,,,,,,,,,,,,
GLUDy,glutamate dehydrogenase (NADP+),glu_L[c] + h2o[c] + nadp[c] <=> akg[c] + nadph[c] + nh3[c],(PF14_0164),PF14_0164,,AminoAcids GluMetabolism ; AminoAcids NitrogenMetabolism,1,-1000,1000,0,,1.4.1.4,removed extra H,MPMP,,,,,,,,,,,,,,
GLUDy[ap],glutamate dehydrogenase (NADP+),glu_L[ap] + h2o[ap] + nadp[ap] <=> akg[ap] + nadph[ap] + nh3[ap],(PF14_0286),PF14_0286,,AminoAcids GluMetabolism ; AminoAcids NitrogenMetabolism,1,-1000,1000,0,,1.4.1.4,removed extra H,MPMP,,,,,,,,,,,,,,
GLCNACPT,UDP-N-acetylglucosamine-dolichyl-phosphate N-acetylglucosaminephosphotransferase,0.1 dolp[c] + uacgam[c] -> 0.1 naglc2p_L[c] + ump[c],(PFC0935c),PFC0935c,,Carbohydrates AminosugarsMetabolism,0,0,1000,0,,2.7.8.15,replaced dolp_L with dolp,,,,,,,,,,,,,,,
DOLDPP,dolichyldiphosphatase,0.1 doldp_L[c] + h2o[c] -> 0.1 dolp[c] + h[c] + pi[c],(MAL8P1_202),MAL8P1_202,,Lipids DolicholMetabolism,0,0,1000,0,,3.6.1.43,replaced dolp_L with dolp,,,,,,,,,,,,,,,
DOLPMT1,dolichyl-phosphate-mannose-glycolipid alpha-mannosyltransferase,0.1 dolmanp_L[c] + 0.1 m4mpdol_L[c] -> 0.1 dolp[c] + h[c] + 0.1 m5mpdol_L[c],(MAL13P1_210),MAL13P1_210,,Lipids GPIAnchorBiosynthesis ; Lipids DolicholMetabolism,0,0,1000,0,,2.4.1.130,replaced dolp_L with dolp,,,,,,,,,,,,,,,
DOLPMT2,dolichyl-phosphate-mannose-glycolipid alpha-mannosyltransferase,0.1 dolmanp_L[c] + 0.1 m5mpdol_L[c] -> 0.1 dolp[c] + h[c] + 0.1 m6mpdol_L[c],(MAL13P1_210),MAL13P1_210,,Lipids GPIAnchorBiosynthesis ; Lipids DolicholMetabolism,0,0,1000,0,,2.4.1.130,replaced dolp_L with dolp,,,,,,,,,,,,,,,
DOLPMT3,dolichyl-phosphate-mannose-glycolipid alpha-mannosyltransferase,0.1 dolmanp_L[c] + 0.1 m6mpdol_L[c] -> 0.1 dolp[c] + h[c] + 0.1 m7mpdol_L[c],(MAL13P1_210),MAL13P1_210,,Lipids GPIAnchorBiosynthesis ; Lipids DolicholMetabolism,0,0,1000,0,,2.4.1.130,replaced dolp_L with dolp,,,,,,,,,,,,,,,
DOLPMT4,dolichyl-phosphate-mannose-glycolipid alpha-mannosyltransferase,0.1 dolmanp_L[c] + 0.1 m7mpdol_L[c] -> 0.1 dolp[c] + h[c] + 0.1 m8mpdol_L[c],(MAL13P1_210),MAL13P1_210,,Lipids GPIAnchorBiosynthesis ; Lipids DolicholMetabolism,0,0,1000,0,,2.4.1.130,replaced dolp_L with dolp,,,,,,,,,,,,,,,
pppg9_ex,protoporphryrin exchange,ppp9[c] ->,,,,Exchange,0,0,1000,0,,,added ,,,,,,,,,,,,,,,
HMGLB,hemoglobin breakdown,hb[c] -> 36 ala_L[c] + 6 arg_L[c] + 10 asn_L[c] + 15 asp_L[c] + 3 cys_L[c] + 4 gln_L[c] + 12 glu_L[c] + 20 gly[c] + 19 his_L[c] + 36 leu_L[c] + 22 lys_L[c] + 5 met_L[c] + 15 phe_L[c] + 14 pro_L[c] + 16 ser_L[c] + 16 thr_L[c] + 3 trp_L[c] + 6 tyr_L[c] + 31 val_L[c] + pheme[fv],((((PF14_0076) and (PF14_0077) and (PF14_0078) and (PF14_0075) and (PF13_0133) and (PF3D7_0311700) and (PF3D7_1033800) and (PF3D7_1465700) and (PF3D7_1430200) and (PF3D7_0808200)) or ((PF11_0161) and (PF11_0162) and (PF11_0165))) and (MAL13P1_56) and (PF14_0015) and  (PF14_0517) and (PFI1570c) and (PF11_0174) and (PFL2290w) and (PF13_0322) and (PF14_0439) and (PFE1360c) and (MAL8P1_140) and (PF10_0150) and (PF14_0327) and (PFF1430c) and (PFE0355c) and (PFE0370c) and (PF11_0381) and (PF14_0574)),MAL13P1_56 PF14_0015 PF14_0517 PFI1570c PF11_0174 PFL2290w PF13_0322 PF11_0162 PF11_0165 PF14_0574 PF11_0161 PF14_0439 PFE1360c MAL8P1_140 PF10_0150 PF14_0327 PF14_0076 PF14_0077 PF14_0075 PFF1430c PFE0355c PFE0370c PF11_0381,,Hemoglobin digestion,0,0,1000,0,,,ADD Fer; for ECs see: http://mpmp.huji.ac.il/maps/hemoglobinpolpath.html; made Plasmepsins and Falcipains OR relationship; added several Plasmepsins,MPMP; doi: 10.1073/pnas.0601876103,,,,,,,,,,,,,,
ADCL,aminodeoxychorismate lyase,4adcho[c] -> 4abz[c] + h[c] + pyr[c],(PF14_0557),PF14_0557,,"Cofactors ShikimateBiosynthesis, Cofactors FolateBiosynthesis",0,0,1000,0,,4.1.3.38,"Added Folate annotations, corrected gene",PlasmoDB,,,,,,,,,,,,,,
HCO3E,carbonate dehydratase,co2[c] + h2o[c] -> h[c] + hco3[c],(PF11_0410),PF11_0410,,Nucleotides PyrimidineMetabolism ; Lipids FattyAcidSynthesis ; Carbohydrates PyruvateMetabolism,0,0,1000,0,,4.2.1.1,Added irrev. Note: PF11_0411 is same gene,Plasmodb,,,,,,,,,,,,,,
SELCYSS,L-Seryl-tRNASec selenium transferase,selnp[c] + psertrna_sec[c] + h2o[c] -> 2 pi[c] + sectrna[c],(PFL0255c) and (PFF1425w),PFL0255c PFF1425w,,AminoAcids SelenocysteineMetabolism ; AminoAcids tRNA,0,0,1000,0,,2.9.1.1,Added second gene; broke into two steps (including pstk reaction); uncertain ec (could be 2.9.1.2,MPMP,,,,,,,,,,,,,,
TRPTRS,Tryptophan-tRNA ligase,atp[c] + trnatrp[c] + trp_L[c] -> amp[c] + ppi[c] + trptrna[c],(PF13_0205) or (PFL2485c),PF13_0205 PFL2485c,,AminoAcids TrpMetabolism ; AminoAcids tRNA,0,0,1000,0,,6.1.1.2,Added subsystem; changed to Trp,MPMP,,,,,,,,,,,,,,
TYRTA,tyrosine transaminase,akg[c] + tyr_L[c] <=> 34hpp[c] + glu_L[c],(PFB0200c),PFB0200c,,Carbohydrates PyruvateMetabolism ; AminoAcids GluMetabolism ; AminoAcids PheTyrMetabolism,1,-1000,1000,0,,2.6.1.5,"Added subsystems; ec also 2.6.1.1 if in mito, check??? (kegg)",MPMP,,,,,,,,,,,,,,
GLNTRS,Glutamine-tRNA ligase,atp[c] + gln_L[c] + trnagln[c] -> amp[c] + glntrna[c] + ppi[c],(PF13_0170),PF13_0170,,AminoAcids GluMetabolism ; AminoAcids tRNA,0,0,1000,0,,6.1.1.18,"Added tRNA, MPMP wrong genes",PlasmoDB,,,,,,,,,,,,,,
THMP,acid phosphatase,h2o[c] + thmmp[c] -> pi[c] + thm[c],(PF07_0059),PF07_0059,,Cofactors RiboflavinMetabolism,0,0,1000,0,,3.1.3.2,changed gene,MPMP/DOI: 10.1016/j.jsb.2012.02.009,,,,,,,,,,,,,,
TKT1,transketolase,r5p[c] + xu5p_D[c] <=> g3p[c] + s7p[c],(PFF0530w),PFF0530w,,Carbohydrates PentosePhosphateCycle,1,-1000,1000,0,,2.2.1.1,"checked, needs thmpp[c] cofactor","MPMP, expasy",,,,,,,,,,,,,,
TKT2,transketolase,e4p[c] + xu5p_D[c] <=> f6p[c] + g3p[c],(PFF0530w),PFF0530w,,Carbohydrates PentosePhosphateCycle,1,-1000,1000,0,,2.2.1.1,"checked, needs thmpp[c] cofactor",expasy,,,,,,,,,,,,,,
DTMPK,dTMP kinase,atp[c] + dtmp[c] <=> adp[c] + dtdp[c],(PFL2465c),PFL2465c,,Nucleotides PyrimidineMetabolism,0,0,1000,0,,2.7.4.9,checked; reversibility assumption,MPMP; doi:  10.1038/nprot.2009.203,,,,,,,,,,,,,,
DUMPK,dTMP kinase,atp[c] + dump[c] <=> adp[c] + dudp[c],(PFL2465c),PFL2465c,,Nucleotides PyrimidineMetabolism,0,0,1000,0,,2.7.4.9,checked; reversibility assumption,MPMP; doi:  10.1038/nprot.2009.204,,,,,,,,,,,,,,
UMPK,cytidylate kinase,atp[c] + ump[c] <=> adp[c] + udp[c],(PFA0555c),PFA0555c,,Nucleotides PyrimidineMetabolism,0,0,1000,0,,2.7.4.14,checked; reversibility assumption,MPMP; doi:  10.1038/nprot.2009.205,,,,,,,,,,,,,,
NDPK2,nucleoside-diphosphate kinase,atp[c] + udp[c] -> adp[c] + utp[c],(PF13_0349) or (PFF0275c),PF13_0349 PFF0275c,,Nucleotides PyrimidineMetabolism ; Nucleotides PurineMetabolism ; Lipids DolicholMetabolism,0,0,1000,0,,2.7.4.6,checked; reversibility assumption,MPMP; doi:  10.1038/nprot.2009.206,,,,,,,,,,,,,,
NDPK3,nucleoside-diphosphate kinase,atp[c] + cdp[c] -> adp[c] + ctp[c],(PF13_0349) or (PFF0275c),PF13_0349 PFF0275c,,Nucleotides PyrimidineMetabolism ; Nucleotides PurineMetabolism ; Lipids DolicholMetabolism,0,0,1000,0,,2.7.4.6,checked; reversibility assumption,MPMP; doi:  10.1038/nprot.2009.207,,,,,,,,,,,,,,
NDPK4,nucleoside-diphosphate kinase,atp[c] + dtdp[c] -> adp[c] + dttp[c],(PF13_0349) or (PFF0275c),PF13_0349 PFF0275c,,Nucleotides PyrimidineMetabolism ; Nucleotides PurineMetabolism ; Lipids DolicholMetabolism,0,0,1000,0,,2.7.4.6,checked; reversibility assumption,MPMP; doi:  10.1038/nprot.2009.208,,,,,,,,,,,,,,
NDPK5,nucleoside-diphosphate kinase,atp[c] + dgdp[c] -> adp[c] + dgtp[c],(PF13_0349) or (PFF0275c),PF13_0349 PFF0275c,,Nucleotides PyrimidineMetabolism ; Nucleotides PurineMetabolism ; Lipids DolicholMetabolism,0,0,1000,0,,2.7.4.6,checked; reversibility assumption,MPMP; doi:  10.1038/nprot.2009.209,,,,,,,,,,,,,,
NDPK7,nucleoside-diphosphate kinase,atp[c] + dcdp[c] -> adp[c] + dctp[c],(PF13_0349) or (PFF0275c),PF13_0349 PFF0275c,,Nucleotides PyrimidineMetabolism ; Nucleotides PurineMetabolism ; Lipids DolicholMetabolism,0,0,1000,0,,2.7.4.6,checked; reversibility assumption,MPMP; doi:  10.1038/nprot.2009.210,,,,,,,,,,,,,,
NDPK8,nucleoside-diphosphate kinase,atp[c] + dadp[c] -> adp[c] + datp[c],(PF13_0349) or (PFF0275c),PF13_0349 PFF0275c,,Nucleotides PyrimidineMetabolism ; Nucleotides PurineMetabolism ; Lipids DolicholMetabolism,0,0,1000,0,,2.7.4.6,checked; reversibility assumption,MPMP; doi:  10.1038/nprot.2009.211,,,,,,,,,,,,,,
NDPK1,nucleoside-diphosphate kinase,atp[c] + gdp[c] -> adp[c] + gtp[c],(PF13_0349) or (PFF0275c),PF13_0349 PFF0275c,,Nucleotides PyrimidineMetabolism ; Nucleotides PurineMetabolism ; Lipids DolicholMetabolism,0,0,1000,0,,2.7.4.6,checked; reversibility assumption,MPMP; doi:  10.1038/nprot.2009.212,,,,,,,,,,,,,,
PPA,inorganic diphosphatase,h2o[c] + ppi[c] -> 2 h[c] + 2 pi[c],(PF14_0541) or (PFC0710w),PF14_0541 PFC0710w,,Nucleotides PurineMetabolism ; Lipids TerpenoidMetabolism,0,0,1000,0,,3.6.1.1,"corrected stoic, checked",PlasmoDB; MPMP,,,,,,,,,,,,,,
G6PDH2r,glucose-6-phosphate dehydrogenase,g6p[c] + nadp[c] -> 6pgl[c] + h[c] + nadph[c],(PF14_0511),PF14_0511,,Carbohydrates PentosePhosphateCycle,0,0,1000,0,,1.1.1.49,made irrev,MPMP,,,,,,,,,,,,,,
OPHHX_mt,OPHHX mt,2oph[m] + nadph[m] + 0.5 o2[m] -> 2ohph[m] + nadp[m] + h2o[m],(PF08_0068),PF08_0068,,Cofactors UbiquinoneMetabolism,0,0,1000,0,,1.14.13.8,"NADPH, EC, gene added; irreversible",MPMP,,,,,,,,,,,,,,
ILETA,branched-chain-amino-acid transaminase,akg[c] + ile_L[c] <=> 3mop[c] + glu_L[c],,,,AminoAcids LeuIleValMetabolism,0,0,1000,0,,2.6.1.42,removed gene; made unidirectional because ile import is needed for growth,"expasy, Plasmodb",,,,,,,,,,,,,,
CBPSam,Carbamoyl-phosphate synthase (ammonia),2 atp[c] + hco3[c] + nh4[c] -> 2 adp[c] + cbp[c] + 2 h[c] + pi[c],(PF13_0044),PF13_0044,,AminoAcids NitrogenMetabolism,0,0,1000,0,,6.3.4.16,removed Glu met,MPMP,,,,,,,,,,,,,,
ASPTA,aspartate transaminase,akg[c] + asp_L[c] <=> glu_L[c] + oaa[c],(PFB0200c),PFB0200c,,AminoAcids AsnAspMetabolism ; Carbohydrates PyruvateMetabolism ; AminoAcids GluMetabolism,1,-1000,1000,0,,2.6.1.1,removed Mitochondrial version,"Wrenger et al, J Mol Biol 2010",,,,,,,,,,,,,,
1_7_1_3_mt,nitrate reductase (NADPH),h[m] + nadph[m] + no3[m] -> h2o[m] + nadp[m] + no2[m],(PF13_0353),PF13_0353,,AminoAcids NitrogenMetabolism,0,0,1000,0,,1.7.1.3,requires Fe as cofactor,,,,,,,,,,,,,,,
1_7_1_1_mt,nitrate reductase (NADH),h[m] + nadh[m] + no3[m] -> h2o[m] + nad[m] + no2[m],(PF13_0353),PF13_0353,,AminoAcids NitrogenMetabolism,0,0,1000,0,,1.7.1.1,requires Fe as cofactor; also 1.7.1.3,expasy,,,,,,,,,,,,,,
CYTK1,cytidylate kinase,atp[c] + cmp[c] <=> adp[c] + cdp[c],(PFA0555c),PFA0555c,,Nucleotides PyrimidineMetabolism,0,0,1000,0,,2.7.4.14,reversibility assumption,,,,,,,,,,,,,,,
CYTK2,cytidylate kinase,atp[c] + dcmp[c] <=> adp[c] + dcdp[c],(PFA0555c),PFA0555c,,Nucleotides PyrimidineMetabolism,0,0,1000,0,,2.7.4.14,reversibility assumption,,,,,,,,,,,,,,,
SHKK,shikimate kinase,atp[c] + skm[c] -> adp[c] + h[c] + skm5p[c],(PF02_0059) and (PF02_0060) and (PF3D7_0206400) and (PFB0279w) and (PFB0280w),PF02_0059 PF02_0060 PF3D7_0206400 PFB0279w PFB0280w,,Cofactors ShikimateBiosynthesis,0,0,1000,0,,2.7.1.71,shikimate 3p or 5p? replaced gene,MPMP,,,,,,,,,,,,,,
HMT,homocysteine S-methyltransferase,amet[c] + hcys_L[c] -> 2 met_L[c],(PFL1625w),PFL1625w,,AminoAcids MetPolyamineMetabolism,0,0,1000,0,,2.1.1.10,added,"MPMP, Expasy, PlasmoDb",,,,,,,,,,,,,,
ORNCT,Ornithine carbamoyltransferase,orn[c] + cbp[c] -> pi[c] + citrul[c],(MAL13P1_221),MAL13P1_221,,AminoAcids MetPolyamineMetabolism,0,0,1000,0,,2.1.3.3,added,MPMP,,,,,,,,,,,,,,
2.1.1.12,s-adenosyl-L-methionine-dependent methyltransferase,amet[c] + met_L[c] -> ahcys[c] + mmet[c],(PF10_0197),PF10_0197,,AminoAcids MetPolyamineMetabolism,0,0,1000,0,,2.1.1.12,added,MPMP; PlasmoDb,,,,,,,,,,,,,,
PNTH,pantetheine hydrolase,pnte[c] + h2o[c] <=> pnto_R[c] + 2aeth[c],,,,Cofactors CoABiosynthesis,1,-1000,1000,0,med,3.5.1.92,added,"MPMP, PlasmoDB, expasy",,,,,,,,,,,,,,
PNTK2,Pantothenate kinase 2,pnte[c] + atp[c] -> adp[c] + pan4p[c],(PF14_0200),PF14_0200,,Cofactors CoABiosynthesis,0,0,1000,0,,2.7.1.33,added,"MPMP, PlasmoDB",,,,,,,,,,,,,,
HMBZ,hemozoin production,pheme[fv] -> hemozoin[fv],(PF14_0446),PF14_0446,,Hemozoin production,0,0,1000,0,,4.99.1.8,added,MPMP,,,,,,,,,,,,,,
Hfv,heme_out_of_foodvacuole,pheme[fv] -> pheme[c],,,,Hemoglobin digestion,0,0,1000,0,,,added,,,,,,,,,,,,,,,
HMBZ_out,hemozoin_out,hemozoin[e] ->,,,,Exchange,0,0,1000,0,,,added,MPMP,,,,,,,,,,,,,,
HMBZex,homozoin excretion,hemozoin[fv] -> hemozoin[e],,,,Hemozoin production,0,0,1000,0,,,added,MPMP,,,,,,,,,,,,,,
HcysE,Homocysteine_export,hcys_L[c] -> hcys_l[e],,,,Export,0,0,1000,0,,,added,MPMP,,,,,,,,,,,,,,
GLNGLU,glutamyl-tRNA amidotransferase,glntrna[c] + adp[c] + pi[c] + glu_L[c] <=> atp[c] + gln_L[c] + glutrna[c],(PFD0780w) and (PFF1395c),PFD0780w PFF1395c,,AminoAcids GluMetabolism ; AminoAcids tRNA,1,-1000,1000,0,low,6.3.5.7,Added reaction,MPMP,,,,,,,,,,,,,,
PSTK,pstk,atp[c] + sertrna_sec_[c] -> adp[c] + psertrna_sec[c],(PFA0185w),PFA0185w,,AminoAcids SelenocysteineMetabolism ; AminoAcids tRNA,1,-1000,1000,0,,2.7.1.164,Added reaction,"MPMP, expasy",,,,,,,,,,,,,,
PYRDAT,B6- 4-Pyridoxate formation,pydx[c] -> pyrdat[c],(MAL13P1_324) or (PF14_0088),MAL13P1_324 PF14_0088,,Cofactors VitB6Metabolism,0,0,1000,0,low,1.1.1.21,added reaction,MPMP,,,,,,,,,,,,,,
GCM,glucosylceramide flip to external membrane,gluside[c] -> gluside[e],(PFI0775w),PFI0775w,,Lipids SphingomyelinCeramideMetabolism ; Export,0,0,1000,0,,,added reaction,MPMP,,,,,,,,,,,,,,
2.4.1.141,2.4.1.141,naglc2p_L[c] + uacgam[c] <=> g3m8mpdol_L[c] + udp[c],(PFB0515w) or (MAL8P1_133),PFB0515w MAL8P1_133,,Carbohydrates AminosugarsMetabolism,1,-1000,1000,0,,2.4.1.141,added reaction,MPMP,,,,,,,,,,,,,,
LAC,lactate excretion,lac_L[c] -> lac_L[e],(PFB0465c) or (PFI1295c),PFB0465c PFI1295c,,Export,0,0,1000,0,,,Added reaction,MPMP,,,,,,,,,,,,,,
THZPSN_mt2,cysteine desulfurase2,cys_L[m] + dxyl5p[m] + gly[m] -> 4hba[m] + 4mhetz[m] + ala_L[m] + co2[m],((MAL7P1_150) or (PF07_0068)) and ((PF13_0182) or (PF13_0344)),MAL7P1_150 PF07_0068 PF13_0182 PF13_0344,,Cofactors ThiamineMetabolism,0,0,1000,0,,2.8.1.7,"added reaction (alt AA), added 2 genes",MPMP,,,,,,,,,,,,,,
PYK[ap]2,pyruvate kinase2,gdp[ap] + h[ap] + pep[ap] -> gtp[ap] + pyr[ap],(PF10_0363),PF10_0363,,Carbohydrates Glycolysis ; Carbohydrates PyruvateMetabolism ; Lipids IsoprenoidsMetabolism ; Lipids FattyAcidSynthesis,0,0,1000,0,,2.7.1.40,Added reaction (alt Pi acceptor),MPMP,,,,,,,,,,,,,,
AMPPT1,AMP phosphotransferase1,udp[c] + adp[c] <=> utp[c] + amp[c],(PFD0755c),PFD0755c,,Nucleotides PyrimidineMetabolism,1,-1000,1000,0,,2.7.4.10,Added reaction from MPMP,MPMP,,,,,,,,,,,,,,
AMPPT2,AMP phosphotransferase2,gdp[c] + adp[c] <=> gtp[c] + amp[c],(PFD0755c),PFD0755c,,Nucleotides PurineMetabolism,1,-1000,1000,0,,2.7.4.10,Added reaction from MPMP,,,,,,,,,,,,,,,
SPMS2,spermidine synthase alt,ametam[c] + spmd[c] -> 5mta[c] + h[c] + sperm[c],(PF11_0301),PF11_0301,,AminoAcids MetPolyamineMetabolism,0,0,1000,0,,2.5.1.16,alternate- added,doi: 10.1016/j.molbiopara.2005.04.004,,,,,,,,,,,,,,
RNDR5,ribonucleoside-diphosphate reductase,utp[c] + trdrd[c] -> dudp[c] + h2o[c] + trdox[c],(PF10_0154) and (PF14_0053) and (PF14_0352),PF10_0154 PF14_0053 PF14_0352,,Nucleotides PyrimidineMetabolism ; Nucleotides PurineMetabolism ; Redox RedoxMetabolism,0,0,1000,0,,1.17.4.1,add reaction; or to and (subunits),Plasmodb,,,,,,,,,,,,,,
NTD1,5'-nucleotidase,dump[c] + h2o[c] -> duri[c] + pi[c],,,,Nucleotides PurineMetabolism,0,0,1000,0,,3.1.3.5,(remove duplicate) IMP specific gene,Plasmodb,,,,,,,,,,,,,,
NTD10,5'-nucleotidase,h2o[c] + xmp[c] -> pi[c] + xtsn[c],,,,Nucleotides PurineMetabolism,0,0,1000,0,,3.1.3.5,(remove duplicate) IMP specific gene,Plasmodb,,,,,,,,,,,,,,
NTD2,5'-nucleotidase,h2o[c] + ump[c] -> pi[c] + uri[c],,,,Nucleotides PurineMetabolism,0,0,1000,0,,3.1.3.5,(remove duplicate) IMP specific gene,Plasmodb,,,,,,,,,,,,,,
NTD6,5'-nucleotidase,damp[c] + h2o[c] -> dad_2[c] + pi[c],,,,Nucleotides PurineMetabolism,0,0,1000,0,,3.1.3.5,(remove duplicate) IMP specific gene,Plasmodb,,,,,,,,,,,,,,
NTD7,5'-nucleotidase,amp[c] + h2o[c] -> adn[c] + pi[c],,,,Nucleotides PurineMetabolism,0,0,1000,0,,3.1.3.5,(remove duplicate) IMP specific gene,Plasmodb,,,,,,,,,,,,,,
NTD8,5'-nucleotidase,dgmp[c] + h2o[c] -> dgsn[c] + pi[c],,,,Nucleotides PurineMetabolism,0,0,1000,0,,3.1.3.5,(remove duplicate) IMP specific gene,Plasmodb,,,,,,,,,,,,,,
NTD9,5'-nucleotidase,gmp[c] + h2o[c] -> gsn[c] + pi[c],,,,Nucleotides PurineMetabolism,0,0,1000,0,,3.1.3.5,(remove duplicate) IMP specific gene,Plasmodb,,,,,,,,,,,,,,
LEUTA,branched-chain-amino-acid transaminase,akg[c] + leu_L[c] <=> 4mop[c] + glu_L[c],,,,AminoAcids LeuIleValMetabolism,1,-1000,1000,0,,2.6.1.42,removed gene,"expasy, Plasmodb",,,,,,,,,,,,,,
VALTA,branched-chain-amino-acid transaminase,akg[c] + val_L[c] <=> 3mob[c] + glu_L[c],,,,AminoAcids LeuIleValMetabolism,1,-1000,1000,0,,2.6.1.42,removed gene,"expasy, Plasmodb",,,,,,,,,,,,,,
THMDP,acid phosphatase,2 h2o[c] + thmpp[c] -> h[c] + 2 pi[c] + thm[c],,,,Cofactors RiboflavinMetabolism,0,0,1000,0,,3.1.3.2,Removed gene,DOI: 10.1016/j.jsb.2012.02.009,,,,,,,,,,,,,,
FOLATEt,FOLATEt,fol[e] <=> fol[c],(MAL8P1_13) or (PF11_0172),MAL8P1_13 PF11_0172,,Transport e,1,-1000,1000,0,,,removed PF10_0215,Plasmodb; DOI: 10.1074/jbc.M111.286054,,,,,,,,,,,,,,
GLUTRS,Glutamate-tRNA ligase,atp[c] + glu_L[c] + trnaglu[c] -> amp[c] + glutrna[c] + ppi[c],(MAL13P1_281) or (PF13_0257),MAL13P1_281 PF13_0257,,AminoAcids GluMetabolism ; AminoAcids tRNA,0,0,1000,0,,6.1.1.17,Removed PF13_0170,,,,,,,,,,,,,,,
ADEt,ADEt,ade[e] <=> ade[c],(PFA0160c) or (MAL8P1_32) or (PF13_0252) or (PF14_0662),MAL8P1_32 PF13_0252 PF14_0662 PFA0160c,,Transport e,1,-1000,1000,0,,,Removed PF13_0352,,,,,,,,,,,,,,,
METTRS,Methionine-tRNA ligase,atp[c] + met_L[c] + trnamet[c] -> amp[c] + mettrna[c] + ppi[c],(PF10_0053) or (PF10_0340),PF10_0053 PF10_0340,,AminoAcids MetPolyamineMetabolism ; AminoAcids tRNA,0,0,1000,0,,6.1.1.10,Removed PF14_0401,PlasmoDB,,,,,,,,,,,,,,
ASNTRS,Asparagine-tRNA ligase,asn_L[c] + atp[c] + trnaasn[c] -> amp[c] + asntrna[c] + ppi[c],(PFB0525w) or (PFE0475w),PFB0525w PFE0475w,,AminoAcids AsnAspMetabolism ; AminoAcids tRNA,0,0,1000,0,,6.1.1.22,Removed PFE0715w; added trna,MPMP,,,,,,,,,,,,,,
FMNAT,FAD synthetase,atp[c] + fmn[c] + h[c] -> fad[c] + ppi[c],(PF10_0147),PF10_0147,,Cofactors RiboflavinMetabolism,0,0,1000,0,,2.7.7.2,Removed second gene,DOI: 10.1016/j.jsb.2012.02.009,,,,,,,,,,,,,,
PHETRS,Phenylalanine-tRNA ligase,atp[c] + phe_L[c] + trnaphe[c] -> amp[c] + phetrna[c] + ppi[c],((PF11_0051) and (PFL1540c)) or (PFA0480w) or (PFF0180w),PF11_0051 PFA0480w PFF0180w PFL1540c,,AminoAcids PheTyrMetabolism ; AminoAcids tRNA,0,0,1000,0,,6.1.1.20,Added and statement; added tRNA,,,,,,,,,,,,,,,
RNDR1,ribonucleoside-diphosphate reductase,adp[c] + trdrd[c] -> dadp[c] + h2o[c] + trdox[c],(PF10_0154) and (PF14_0053) and (PF14_0352),PF10_0154 PF14_0053 PF14_0352,,Nucleotides PyrimidineMetabolism ; Nucleotides PurineMetabolism ; Redox RedoxMetabolism,0,0,1000,0,,1.17.4.1,or to and (subunits),Plasmodb,,,,,,,,,,,,,,
RNDR2,ribonucleoside-diphosphate reductase,gdp[c] + trdrd[c] -> dgdp[c] + h2o[c] + trdox[c],(PF10_0154) and (PF14_0053) and (PF14_0352),PF10_0154 PF14_0053 PF14_0352,,Nucleotides PyrimidineMetabolism ; Nucleotides PurineMetabolism ; Redox RedoxMetabolism,0,0,1000,0,,1.17.4.1,or to and (subunits),Plasmodb,,,,,,,,,,,,,,
RNDR3,ribonucleoside-diphosphate reductase,cdp[c] + trdrd[c] -> dcdp[c] + h2o[c] + trdox[c],(PF10_0154) and (PF14_0053) and (PF14_0352),PF10_0154 PF14_0053 PF14_0352,,Nucleotides PyrimidineMetabolism ; Nucleotides PurineMetabolism ; Redox RedoxMetabolism,0,0,1000,0,,1.17.4.1,or to and (subunits),Plasmodb,,,,,,,,,,,,,,
RNDR4,ribonucleoside-diphosphate reductase,trdrd[c] + udp[c] -> dudp[c] + h2o[c] + trdox[c],(PF10_0154) and (PF14_0053) and (PF14_0352),PF10_0154 PF14_0053 PF14_0352,,Nucleotides PyrimidineMetabolism ; Nucleotides PurineMetabolism ; Redox RedoxMetabolism,0,0,1000,0,,1.17.4.1,or to and (subunits),Plasmodb,,,,,,,,,,,,,,
GPIMTer_L,GPIMTer L,0.1 dolmanp_L[c] + gacpail[c] -> 0.1 dolp[c] + h[c] + mgacpail[c],,,,Lipids GPIAnchorBiosynthesis ; Lipids DolicholMetabolism,0,0,1000,0,,,Added Dolichol,,,,,,,,,,,,,,,
ADCS,aminodeoxychorismate synthase,chor[c] + gln_L[c] -> 4adcho[c] + glu_L[c],(PFI1100w),PFI1100w,,"Cofactors FolateBiosynthesis, Cofactors ShikimateBiosynthesis",0,0,1000,0,,2.6.1.85,Added Shikimate annotation,direction?,,,,,,,,,,,,,,
PFK_2,6-phosphofructokinase,atp[c] + tag6p_D[c] -> adp[c] + h[c] + tagdp_D[c],(PF11_0294) or (PFI0755c),PF11_0294 PFI0755c,,Carbohydrates Glycolysis ; Carbohydrates MannoseFructoseMetabolism ; Carbohydrates PentosePhosphateCycle,0,0,1000,0,,2.7.1.11,Added subsystems,MPMP,,,,,,,,,,,,,,
PROTRS,Proline-tRNA ligase,atp[c] + pro_L[c] + trnapro[c] -> amp[c] + ppi[c] + protrna[c],(PFI1240c) or (PFL0670c),PFI1240c PFL0670c,,AminoAcids ArgProMetabolism ; AminoAcids tRNA,0,0,1000,0,,6.1.1.15,added tRNA,,,,,,,,,,,,,,,
ASPTRS,Aspartate-tRNA ligase,asp_L[c] + atp[c] + trnaasp[c] -> amp[c] + asptrna[c] + ppi[c],(PFA0145c) or (PFE0715w),PFA0145c PFE0715w,,AminoAcids AsnAspMetabolism ; AminoAcids tRNA,0,0,1000,0,,6.1.1.12,Added trna,,,,,,,,,,,,,,,
GLYTRS,glycine-tRNA ligase,atp[c] + gly[c] + trnagly[c] -> amp[c] + glytrna[c] + ppi[c],(PF14_0198),PF14_0198,,AminoAcids GlySerMetabolism ; AminoAcids tRNA,0,0,1000,0,,6.1.1.14,added tRNA,,,,,,,,,,,,,,,
LYSTRS,Lysine-tRNA ligase,atp[c] + lys_L[c] + trnalys[c] -> amp[c] + lystrna[c] + ppi[c],(PF13_0262) or (PF14_0166),PF13_0262 PF14_0166,,AminoAcids LysMetabolism ; AminoAcids tRNA,0,0,1000,0,,6.1.1.6,added tRNA annotation,,,,,,,,,,,,,,,
GP4GH1,bis(5'-nucleosyl)-tetraphosphatase (asymmetrical),gp4g[c] + h2o[c] -> gmp[c] + gtp[c] + 2 h[c],(PFE1035c),PFE1035c,,Nucleotides PurineMetabolism,0,0,1000,0,,3.6.1.17,Nucleotides PyrimidineMetabolism ; Nucleotides PurineMetabolism,Expasy,,,,,,,,,,,,,,
AP4AH1,bis(5'-nucleosyl)-tetraphosphatase (asymmetrical),ap4a[c] + h2o[c] -> amp[c] + atp[c] + 2 h[c],(PFE1035c),PFE1035c,,Nucleotides PurineMetabolism,0,0,1000,0,,3.6.1.17,Removed pyrimidine association,Expasy,,,,,,,,,,,,,,
OMMBLHX_mt,OMMBLHX mt,2ommbl[m] + 0.5 o2[m] -> 2omhmbl[m],(PF08_0068),PF08_0068,,Cofactors UbiquinoneMetabolism,0,0,1000,0,,1.14.13.8,Added EC,MPMP,,,,,,,,,,,,,,
OPHBDC_mt,OPHBDC mt,3ophb[m] + h[m] -> 2oph[m] + co2[m],,,,Cofactors UbiquinoneMetabolism,0,0,1000,0,,4.1.1.-,EC added,MPMP,,,,,,,,,,,,,,
PDE4,"3',5'-cyclic-nucleotide phosphodiesterase",35cgmp[c] + h2o[c] -> gmp[c] + h[c],(MAL13P1_118) or (MAL13P1_119) or (PF14_0672) or (PFL0475w),MAL13P1_118 MAL13P1_119 PF14_0672 PFL0475w,,Nucleotides PurineMetabolism,0,0,1000,0,,3.1.4.35,switched to GMP specific EC,Expasy,,,,,,,,,,,,,,
cys_br,cystine breakdown,Lcystin[c] + h[c] + nadh[c]  <=> 2 cys_L[c] + nad[c],,,,AminoAcids MetPolyamineMetabolism,1,-1000,1000,0,,,Gap filled; no genetic evidence but cystine is incorporated,PMCID: PMC2366754,,,,,,,,,,,,,,
progly_ex,progly import,progly[e] <=>,,,,Exchange,1,-1000,1000,0,,,,,,,,,,,,,,,,,,
progly_t,progly transport,progly[c] <=> progly[e],,,,Transport e,1,-1000,1000,0,,,,,,,,,,,,,,,,,,
FLDO[ap],ferredoxin oxidization,2 fldox[ap] + h[ap] + nadph[ap] -> 2 fldrd[ap] + nadp[ap],,,,Others BiosynthesisCytochrome,0,0,1000,0,,,Fldrd must be reoxidized,,,,,,,,,,,,,,,
FLDR[ap],ferredoxin-NADP+ reductase,2 fldrd[ap] + nadp[ap] -> 2 fldox[ap] + h[ap] + nadph[ap],(PF07_0085) or (PF11_0407) or (PFF1115w),PF07_0085 PF11_0407 PFF1115w,,Others BiosynthesisCytochrome,0,0,1000,0,,1.18.1.2,Changed stoichiometry and direction of reaction,EXPASY,,,,,,,,,,,,,,
CYOOm_mt,cytochrome-c oxidase,4 focytc[m] + 6 h[m] + o2[m] -> 4 ficytc[m] + 2 h2o[m] + 6 h[c],(mal_mito_2) and (mal_mito_1) and (PF14_0288) and (PFI1365w) and (PFI1375w) and (PF14_0331) and (PF14_0721),mal_mito_2 mal_mito_1 PF14_0288 PF14_0331 PF14_0721 PFI1365w PFI1375w,,Others MitochondrialElectronFlow,0,0,1000,0,,1.9.3.1,"Change Gene IDs; remove cytoB (mal_mito_3), add mal_mito_2; or to and relationship",PlasmoDB,,,,,,,,,,,,,,
CYOR_u6m_mt,ubiquinol-cytochrome-c reductase,2 ficytc[m] + q8h2[m] -> 2 focytc[m] + q8[m] + 2 h[m],(PF14_0248) and (PF14_0373) and (PF10_0120) and (PF3D7_0211300) and (mal_mito_3),PF14_0248 PF14_0373 PF10_0120 PF3D7_0211300 mal_mito_3,,Others MitochondrialElectronFlow,0,0,1000,0,,1.10.2.2,"Add h+; or to and relationship; added PF10_0120, PF3D7_0211300 mal_mito_3",PlasmoDB,,,,,,,,,,,,,,
NADH5,NADH dehydrogenase (ubiquinone),h[m] + nadh[m] + q8[m] -> nad[m] + q8h2[m],(PFI0735c),PFI0735c,,Others MitochondrialElectronFlow,0,0,1000,0,,1.6.5.3,Move to mito,PlasmoDB,,,,,,,,,,,,,,
SUCD2_u6m_mt,succinate dehydrogenase (ubiquinone),q8[m] + succ[m]  <=> fum[m] + q8h2[m] ,(PF10_0334) or (PFL0630w),PF10_0334 PFL0630w,,Others MitochondrialElectronFlow,1,-1000,1000,0,,1.3.5.1,add PFL0630w,PlasmoDB; doi: 10.1111/j.1574-6976.2006.00027.x,,,,,,,,,,,,,,
DHORD2_mt,dihydroorotate oxidase,dhor_S[m] + q8[m] -> orot[m] + q8h2[m],(PFF0160c),PFF0160c,,Nucleotides PyrimidineMetabolism ; Others MitochondrialElectronFlow,0,0,1000,0,,1.3.5.2,"EC obsolete, changed",PlasmoDB,,,,,,,,,,,,,,
FACOAL100t2pp[ap],Long-chain-fatty-acid-CoA ligase,atp[ap] + coa[ap] + dca[ap] -> amp[ap] + dcacoa[ap] + ppi[ap],(MAL13P1_485) or (PF07_0129) or (PF14_0751) or (PF14_0761) or (PFB0685c) or (PFB0695c) or (PFC0050c) or (PFD0085c) or (PFE1250w) or (PFF0945c) or (PFL1880w) or (PFL2570w) or (PFL0035c),MAL13P1_485 PF07_0129 PF14_0751 PF14_0761 PFB0685c PFB0695c PFC0050c PFD0085c PFE1250w PFF0945c PFL1880w PFL2570w PFL0035c,,Lipids FattyAcidSynthesis ; Lipids SphingomyelinCeramideMetabolism ; Lipids PhosphatidyletanolaminePhosphatidylserineMetabolism ; Lipids UtilizationPhospholipids,0,0,1000,0,,6.2.1.3,Added AcylCoA synthetase 7 (PFL0035c),doi: 10.1016/j.molbiopara.2006.06.004,,,,,,,,,,,,,,
FACOAL120t2pp[ap],Long-chain-fatty-acid-CoA ligase,atp[ap] + coa[ap] + ddca[ap] -> amp[ap] + ddcacoa[ap] + ppi[ap],(MAL13P1_485) or (PF07_0129) or (PF14_0751) or (PF14_0761) or (PFB0685c) or (PFB0695c) or (PFC0050c) or (PFD0085c) or (PFE1250w) or (PFF0945c) or (PFL1880w) or (PFL2570w) or (PFL0035c),MAL13P1_485 PF07_0129 PF14_0751 PF14_0761 PFB0685c PFB0695c PFC0050c PFD0085c PFE1250w PFF0945c PFL1880w PFL2570w PFL0035c,,Lipids FattyAcidSynthesis ; Lipids SphingomyelinCeramideMetabolism ; Lipids PhosphatidyletanolaminePhosphatidylserineMetabolism ; Lipids UtilizationPhospholipids,0,0,1000,0,,6.2.1.3,Added AcylCoA synthetase 7 (PFL0035c),doi: 10.1016/j.molbiopara.2006.06.004,,,,,,,,,,,,,,
FACOAL140t2pp[ap],Long-chain-fatty-acid-CoA ligase,atp[ap] + coa[ap] + ttdca[ap] -> amp[ap] + ppi[ap] + tdcoa[ap],(MAL13P1_485) or (PF07_0129) or (PF14_0751) or (PF14_0761) or (PFB0685c) or (PFB0695c) or (PFC0050c) or (PFD0085c) or (PFE1250w) or (PFF0945c) or (PFL1880w) or (PFL2570w) or (PFL0035c),MAL13P1_485 PF07_0129 PF14_0751 PF14_0761 PFB0685c PFB0695c PFC0050c PFD0085c PFE1250w PFF0945c PFL1880w PFL2570w PFL0035c,,Lipids FattyAcidSynthesis ; Lipids SphingomyelinCeramideMetabolism ; Lipids PhosphatidyletanolaminePhosphatidylserineMetabolism ; Lipids UtilizationPhospholipids,0,0,1000,0,,6.2.1.3,Added AcylCoA synthetase 7 (PFL0035c),doi: 10.1016/j.molbiopara.2006.06.004,,,,,,,,,,,,,,
FACOAL141t2pp[ap],Long-chain-fatty-acid-CoA ligase,atp[ap] + coa[ap] + ttdcea[ap] -> amp[ap] + ppi[ap] + tdecoa[ap],(MAL13P1_485) or (PF07_0129) or (PF14_0751) or (PF14_0761) or (PFB0685c) or (PFB0695c) or (PFC0050c) or (PFD0085c) or (PFE1250w) or (PFF0945c) or (PFL1880w) or (PFL2570w) or (PFL0035c),MAL13P1_485 PF07_0129 PF14_0751 PF14_0761 PFB0685c PFB0695c PFC0050c PFD0085c PFE1250w PFF0945c PFL1880w PFL2570w PFL0035c,,Lipids FattyAcidSynthesis ; Lipids SphingomyelinCeramideMetabolism ; Lipids PhosphatidyletanolaminePhosphatidylserineMetabolism ; Lipids UtilizationPhospholipids,0,0,1000,0,,6.2.1.3,Added AcylCoA synthetase 7 (PFL0035c),doi: 10.1016/j.molbiopara.2006.06.004,,,,,,,,,,,,,,
FACOAL160t2pp[ap],Long-chain-fatty-acid-CoA ligase,atp[ap] + coa[ap] + hdca[ap] -> amp[ap] + pmtcoa[ap] + ppi[ap],(MAL13P1_485) or (PF07_0129) or (PF14_0751) or (PF14_0761) or (PFB0685c) or (PFB0695c) or (PFC0050c) or (PFD0085c) or (PFE1250w) or (PFF0945c) or (PFL1880w) or (PFL2570w) or (PFL0035c),MAL13P1_485 PF07_0129 PF14_0751 PF14_0761 PFB0685c PFB0695c PFC0050c PFD0085c PFE1250w PFF0945c PFL1880w PFL2570w PFL0035c,,Lipids FattyAcidSynthesis ; Lipids SphingomyelinCeramideMetabolism ; Lipids PhosphatidyletanolaminePhosphatidylserineMetabolism ; Lipids UtilizationPhospholipids,0,0,1000,0,,6.2.1.3,Added AcylCoA synthetase 7 (PFL0035c),doi: 10.1016/j.molbiopara.2006.06.004,,,,,,,,,,,,,,
FACOAL161t2pp[ap],Long-chain-fatty-acid-CoA ligase,atp[ap] + coa[ap] + hdcea[ap] -> amp[ap] + hdcoa[ap] + ppi[ap],(MAL13P1_485) or (PF07_0129) or (PF14_0751) or (PF14_0761) or (PFB0685c) or (PFB0695c) or (PFC0050c) or (PFD0085c) or (PFE1250w) or (PFF0945c) or (PFL1880w) or (PFL2570w) or (PFL0035c),MAL13P1_485 PF07_0129 PF14_0751 PF14_0761 PFB0685c PFB0695c PFC0050c PFD0085c PFE1250w PFF0945c PFL1880w PFL2570w PFL0035c,,Lipids FattyAcidSynthesis ; Lipids SphingomyelinCeramideMetabolism ; Lipids PhosphatidyletanolaminePhosphatidylserineMetabolism ; Lipids UtilizationPhospholipids,0,0,1000,0,,6.2.1.3,Added AcylCoA synthetase 7 (PFL0035c),doi: 10.1016/j.molbiopara.2006.06.004,,,,,,,,,,,,,,
FACOAL180t2pp[ap],Long-chain-fatty-acid-CoA ligase,atp[ap] + coa[ap] + ocdca[ap] -> amp[ap] + ppi[ap] + stcoa[ap],(MAL13P1_485) or (PF07_0129) or (PF14_0751) or (PF14_0761) or (PFB0685c) or (PFB0695c) or (PFC0050c) or (PFD0085c) or (PFE1250w) or (PFF0945c) or (PFL1880w) or (PFL2570w) or (PFL0035c),MAL13P1_485 PF07_0129 PF14_0751 PF14_0761 PFB0685c PFB0695c PFC0050c PFD0085c PFE1250w PFF0945c PFL1880w PFL2570w PFL0035c,,Lipids FattyAcidSynthesis ; Lipids SphingomyelinCeramideMetabolism ; Lipids PhosphatidyletanolaminePhosphatidylserineMetabolism ; Lipids UtilizationPhospholipids,0,0,1000,0,,6.2.1.3,Added AcylCoA synthetase 7 (PFL0035c),doi: 10.1016/j.molbiopara.2006.06.004,,,,,,,,,,,,,,
FACOAL181t2pp[ap],Long-chain-fatty-acid-CoA ligase,atp[ap] + coa[ap] + ocdcea[ap] -> amp[ap] + odecoa[ap] + ppi[ap],(MAL13P1_485) or (PF07_0129) or (PF14_0751) or (PF14_0761) or (PFB0685c) or (PFB0695c) or (PFC0050c) or (PFD0085c) or (PFE1250w) or (PFF0945c) or (PFL1880w) or (PFL2570w) or (PFL0035c),MAL13P1_485 PF07_0129 PF14_0751 PF14_0761 PFB0685c PFB0695c PFC0050c PFD0085c PFE1250w PFF0945c PFL1880w PFL2570w PFL0035c,,Lipids FattyAcidSynthesis ; Lipids SphingomyelinCeramideMetabolism ; Lipids PhosphatidyletanolaminePhosphatidylserineMetabolism ; Lipids UtilizationPhospholipids,0,0,1000,0,,6.2.1.3,Added AcylCoA synthetase 7 (PFL0035c),doi: 10.1016/j.molbiopara.2006.06.004,,,,,,,,,,,,,,
FACOAL60t2pp[ap],Long-chain-fatty-acid-CoA ligase,atp[ap] + coa[ap] + hxa[ap] -> amp[ap] + hxcoa[ap] + ppi[ap],(MAL13P1_485) or (PF07_0129) or (PF14_0751) or (PF14_0761) or (PFB0685c) or (PFB0695c) or (PFC0050c) or (PFD0085c) or (PFE1250w) or (PFF0945c) or (PFL1880w) or (PFL2570w) or (PFL0035c),MAL13P1_485 PF07_0129 PF14_0751 PF14_0761 PFB0685c PFB0695c PFC0050c PFD0085c PFE1250w PFF0945c PFL1880w PFL2570w PFL0035c,,Lipids FattyAcidSynthesis ; Lipids SphingomyelinCeramideMetabolism ; Lipids PhosphatidyletanolaminePhosphatidylserineMetabolism ; Lipids UtilizationPhospholipids,0,0,1000,0,,6.2.1.3,Added AcylCoA synthetase 7 (PFL0035c),doi: 10.1016/j.molbiopara.2006.06.004,,,,,,,,,,,,,,
FACOAL80t2pp[ap],Long-chain-fatty-acid-CoA ligase,atp[ap] + coa[ap] + octa[ap] -> amp[ap] + occoa[ap] + ppi[ap],(MAL13P1_485) or (PF07_0129) or (PF14_0751) or (PF14_0761) or (PFB0685c) or (PFB0695c) or (PFC0050c) or (PFD0085c) or (PFE1250w) or (PFF0945c) or (PFL1880w) or (PFL2570w) or (PFL0035c),MAL13P1_485 PF07_0129 PF14_0751 PF14_0761 PFB0685c PFB0695c PFC0050c PFD0085c PFE1250w PFF0945c PFL1880w PFL2570w PFL0035c,,Lipids FattyAcidSynthesis ; Lipids SphingomyelinCeramideMetabolism ; Lipids PhosphatidyletanolaminePhosphatidylserineMetabolism ; Lipids UtilizationPhospholipids,0,0,1000,0,,6.2.1.3,Added AcylCoA synthetase 7 (PFL0035c),doi: 10.1016/j.molbiopara.2006.06.004,,,,,,,,,,,,,,
35cgmp_ex,35cgmp exchange,35cgmp[e] <=>,,,,Exchange,1,-1000,1000,0,,,,,,,,,,,,,,,,,,
camp_ex,camp exchange,camp[e] <=>,,,,Exchange,1,-1000,1000,0,,,,,,,,,,,,,,,,,,
gluside_ex,gluside exchange,gluside[e] <=>,,,,Exchange,1,-1000,1000,0,,,,,,,,,,,,,,,,,,
pap_ex,pap exchange,pap[ap] ->,,,,Exchange,0,0,1000,0,,,,,,,,,,,,,,,,,,
sperm_ex,spermine exchange,sperm[c] -> ,,,,Exchange,0,0,1000,0,,,,,,,,,,,,,,,,,,
GPDDA1,glycerophosphodiester phosphodiesterase,g3pc[c] + h2o[c] -> chol[c] + glyc3p[c] + h[c],(PF14_0060),PF14_0060,,Lipids PhosphatidylcholineMetabolism ; Lipids PhosphatidyletanolaminePhosphatidylserineMetabolism,0,0,1000,0,,3.1.4.46,ADD CITATION ONLY,doi:10.1016/j.molbiopara.2012.09.004,,,,,,,,,,,,,,
GPDDA2,glycerophosphodiester phosphodiesterase,g3pe[c] + h2o[c] -> etha[c] + glyc3p[c] + h[c],(PF14_0060),PF14_0060,,Lipids PhosphatidylcholineMetabolism ; Lipids PhosphatidyletanolaminePhosphatidylserineMetabolism,0,0,1000,0,,3.1.4.46,ADD CITATION ONLY,doi:10.1016/j.molbiopara.2012.09.004,,,,,,,,,,,,,,
GPDDA3,glycerophosphodiester phosphodiesterase,g3ps[c] + h2o[c] -> glyc3p[c] + h[c] + ser_L[c],(PF14_0060),PF14_0060,,Lipids PhosphatidylcholineMetabolism ; Lipids PhosphatidyletanolaminePhosphatidylserineMetabolism,0,0,1000,0,,3.1.4.46,ADD CITATION ONLY,doi:10.1016/j.molbiopara.2012.09.004,,,,,,,,,,,,,,
GPDDA4,glycerophosphodiester phosphodiesterase,g3pg[c] + h2o[c] -> glyc3p[c] + glyc[c] + h[c],(PF14_0060),PF14_0060,,Lipids PhosphatidylcholineMetabolism ; Lipids PhosphatidyletanolaminePhosphatidylserineMetabolism,0,0,1000,0,,3.1.4.46,ADD CITATION ONLY,doi:10.1016/j.molbiopara.2012.09.004,,,,,,,,,,,,,,
GPDDA5,glycerophosphodiester phosphodiesterase,g3pi[c] + h2o[c] -> glyc3p[c] + h[c] + inost[c],(PF14_0060),PF14_0060,,Lipids PhosphatidylcholineMetabolism ; Lipids PhosphatidyletanolaminePhosphatidylserineMetabolism,0,0,1000,0,,3.1.4.46,ADD CITATION ONLY,doi:10.1016/j.molbiopara.2012.09.004,,,,,,,,,,,,,,
NDPK9,nucleoside-diphosphate kinase,atp[c] + idp[c] -> adp[c] + itp[c],(PF13_0349) or (PFF0275c),PF13_0349 PFF0275c,,Nucleotides PyrimidineMetabolism ; Nucleotides PurineMetabolism ; Lipids DolicholMetabolism,0,0,1000,0,,2.7.4.6,Added,PlasmoDb,,,,,,,,,,,,,,
SMPD3l,sphingomyelin phosphodiesterase (neutral sphingomyelinase),h2o[c] + sphmyln[c]  => cholp[c] + crm[c] + h[c] ,(PFL1870c),PFL1870c,,Lipids SphingomyelinCeramideMetabolism,0,0,1000,0,,3.1.4.12,"Add citation only, and second reaction name",DOI: 10.1042/bj3460671,,,,,,,,,,,,,,
2_7_8_3,ceramide cholinephosphotransferase,cdpchol[c] + crm[c] + h[c]  => cmp[c] + sphmyln[c] ,(PFF1215w) or (PFF1210w),PFF1215w PFF1210w,,Lipids SphingomyelinCeramideMetabolism,0,0,1000,0,,2.7.8.3,"Added second gene; no experimental evidence for using cpdchol as a substrate (also uncommon throughout eukaryotes), thus, low confidence",PlasmoDB; MPMP,,,,,,,,,,,,,,
SMS,sphingomyelin synthase,crm[c] + pc[c] -> dag[c] + sphmyln[c],(PFF1215w) or (PFF1210w),PFF1215w PFF1210w,,Lipids SphingomyelinCeramideMetabolism,0,0,1000,0,,2.7.8.27,Added second gene,PlasmoDB; MPMP,,,,,,,,,,,,,,
SM_host,sphingomyelin from host,sphmyln[e] -> sphmyln_host[c],,,,Transport e,0,0,1000,0,,,Added,DOI: 10.1016/S0166-6851(00)00336-4,,,,,,,,,,,,,,
SM_ex,sphingomyelin exchange,sphmyln[e] <=>,,,,Exchange,1,-1000,1000,0,,,Added,DOI: 10.1016/S0166-6851(00)00336-4,,,,,,,,,,,,,,
SMPD3l_host,sphingomyelin phosphodiesterase (neutral sphingomyelinase),h2o[c] + sphmyln_host[c]  => cholp[c] + crm[c] + h[c] ,(PFL1870c),PFL1870c,,Lipids SphingomyelinCeramideMetabolism,0,0,1000,0,,3.1.4.12,Added host sphingomyelin breakdown,"DOI: 10.1042/bj3460671, 10.1016/S0166-6851(00)00336-4",,,,,,,,,,,,,,
PGK,phosphoglycerate kinase,13dpg[c] + adp[c] -> 3pg[c] + atp[c],(PFI1105w) or (MAL13P1.40),PFI1105w MAL13P1.40,,Carbohydrates Glycolysis,0,0,1000,0,,2.7.2.3,added second gene (made irrev.),MPMP,,,,,,,,,,,,,,
EX_4HBA,hydroxybenzyl alcohol exchange,4hba[c] ->,,,,Exchange,0,0,1000,0,,,Name change (from DM to EX),,,,,,,,,,,,,,,
EX_HMFURN,4_hydroxy_5_methyl_3_2H_furanone exchange,hmfurn[c] ->,,,,Exchange,0,0,1000,0,,,Name change (from DM to EX),,,,,,,,,,,,,,,
ILEt2r,ILEt2r,ile_L[e] + leu_L[c] <=> ile_L[c] + leu_L[e],(PFF1430c) or (PFL0420w) or (PFL1515c) or (PFB0435c) or (PFE0775c) or (PF11_0334),PF11_0334 PFB0435c PFE0775c PFF1430c PFL0420w PFL1515c,,Transport e,1,-1000,1000,0,,,Add gene PF11_0335; remove H+ and add Leu; low confidence for genes,doi:10.1182/blood-2005-11-026963,,,,,,,,,,,,,,
DOLPMT,dolichyl-phosphate beta-D-mannosyltransferase,dolp[c] + gdpmann[c] -> dolmanp_L[c] + gdp[c],(PF11_0427),PF11_0427,,Lipids DolicholMetabolism,0,0,1000,0,,2.4.1.83,dolmanp to dolmanp_L,,,,,,,,,,,,,,,
SPODMc,superoxide dismutase cyto,2 h[c] + 2 o2s[c] -> h2o2[c] + o2[c],(PF08_0071),PF08_0071,,Redox RedoxMetabolism,0,0,1000,0,,1.15.1.1,only one gene to cyto,DOI: 10.1016/j.molbiopara.2004.05.005,,,,,,,,,,,,,,
SPODM_mt,superoxide dismutase mito,2 h[m] + 2 o2s[m] -> h2o2[m] + o2[m],(PFF1130c),PFF1130c,,Redox RedoxMetabolism ; Redox MitochondrialAntioxidantSystem,0,0,1000,0,,1.15.1.1,only one gene to mito,DOI: 10.1016/j.molbiopara.2004.05.005,,,,,,,,,,,,,,
GTHOXti,GTHOXtimport,gthox[e] -> gthox[c],,,,Transport ; Redox RedoxMetabolism,0,0,1000,0,,,No evidence that gene governs import,DOI: 10.3390/molecules200610511,,,,,,,,,,,,,,
GTHRDti,GTHRDtimport,gthrd[e] -> gthrd[c],,,,Transport ; Redox RedoxMetabolism,0,0,1000,0,,,No evidence that gene governs import,DOI: 10.3390/molecules200610511,,,,,,,,,,,,,,
GTHOXte,GTHOXtexport,gthox[c] -> gthox[e],(PFA0590w),PFA0590w,,Transport ; Redox RedoxMetabolism,0,0,1000,0,,,Always export (may want to set lower bound >0 for some simulations),DOI: 10.3390/molecules200610511,,,,,,,,,,,,,,
GTHRDte,GTHRDtexport,gthrd[c] -> gthrd[e],(PFA0590w),PFA0590w,,Transport ; Redox RedoxMetabolism,0,0,1000,0,,,"Separate from import reaction, because import doesn't use gene",DOI: 10.3390/molecules200610511,,,,,,,,,,,,,,
GTHOr_c,glutathione-disulfide reductase,gthox[c] + h[c] + nadph[c] <=> 2 gthrd[c] + nadp[c],(PF14_0192),PF14_0192,,Redox RedoxMetabolism ; Redox MitochondrialAntioxidantSystem,1,-1000,1000,0,,1.8.1.7,"apico and cyto not mito; generally not thought of as reversible, but no evidence for only forward direction",DOI: 10.1371/journal.ppat.1001242,,,,,,,,,,,,,,
GTHOr[ap],glutathione-disulfide reductase,gthox[ap] + h[ap] + nadph[ap] <=> 2 gthrd[ap] + nadp[ap],(PF14_0192),PF14_0192,,Redox RedoxMetabolism ; Redox MitochondrialAntioxidantSystem,1,-1000,1000,0,,1.8.1.7,apico and cyto not mito,DOI: 10.1371/journal.ppat.1001242,,,,,,,,,,,,,,
GTHP[ap],glutathione peroxidase,2 gthrd[ap] + h2o2[ap] + ROOH[ap] -> gthox[ap] + 2 h2o[ap] + ROH[ap],(PFL0595c),PFL0595c,,Redox RedoxMetabolism ; Redox MitochondrialAntioxidantSystem,0,0,1000,0,,1.11.1.9,move to apico (from mito); made irreversible, doi: 10.1371/journal.ppat.1001242; doi: 10.1111/j.1365-2958.2006.05303.x,,,,,,,,,,,,,,
GST12_c,glutathione s-transferase,gthrd[c] + protein_t[c] -> gthox_protein[c],(PF3D7_1419300),PF3D7_1419300,,Redox RedoxMetabolism,0,0,1000,0,,2.5.1.18,,DOI: 10.3390/molecules200610511,,,,,,,,,,,,,,
G_Protein_t,glutathione protein conjugate transport,gthox_protein[c] -> gthox_protein[e],(PFA0590w),PFA0590w,,Transport ; Redox RedoxMetabolism,0,0,1000,0,,,,DOI: 10.3390/molecules200610511,,,,,,,,,,,,,,
G_Protein_Ex,glutathione protein conjugate export,gthox_protein[e] ->,,,,Transport ; Redox RedoxMetabolism,0,0,1000,0,,,,DOI: 10.3390/molecules200610511,,,,,,,,,,,,,,
GST12_e,glutathione s-transferase,gthrd[e] + protein_t[e] -> gthox_protein[e],(PF3D7_1121600),PF3D7_1121600,,Redox RedoxMetabolism,0,0,1000,0,,2.5.1.18,,DOI: 10.3390/molecules200610511,,,,,,,,,,,,,,
THIORDXi_c,peroxiredoxin,h2o2[c] + ROOH[c] + trdrd[c] -> 2 h2o[c] + ROH[c] + trdox[c],(PF14_0368),PF14_0368,,Redox RedoxMetabolism ; Redox MitochondrialAntioxidantSystem,0,0,1000,0,,1.11.1.15,TPx1 is cytosolic; remove one gene and move to cyto, doi: 10.1371/journal.ppat.1001242; doi: 10.1111/j.1365-2958.2006.05303.x,,,,,,,,,,,,,,
THIORDXi_mt,peroxiredoxin,h2o2[m] + ROOH[m] + trdrd[m] -> 2 h2o[m] + ROH[m] + trdox[m],(PFL0725w),PFL0725w,,Redox RedoxMetabolism ; Redox MitochondrialAntioxidantSystem,0,0,1000,0,,1.11.1.15,TPx2 is mito; remove one gene, doi: 10.1371/journal.ppat.1001242; doi: 10.1111/j.1365-2958.2006.05303.x,,,,,,,,,,,,,,
GTHP_c,glutathione peroxidase,2 gthrd[c] + h2o2[c] + ROOH[c] -> gthox[c] + 2 h2o[c] + ROH[c],(PFL0595c),PFL0595c,,Redox RedoxMetabolism ; Redox MitochondrialAntioxidantSystem,0,0,1000,0,,1.11.1.9,copy; move to cyto (from mito); made irreversible, doi: 10.1371/journal.ppat.1001242; doi: 10.1111/j.1365-2958.2006.05303.x,,,,,,,,,,,,,,
ROOH_mEx,ROOH(cyto) exchange,ROOH[c] <=>,,,,Exchange ; Redox RedoxMetabolism ; Redox MitochondrialAntioxidantSystem,1,-1000,1000,0,,,,,,,,,,,,,,,,,,
ROOH_aEx,ROOH(apicoplast) exchange,ROOH[ap] <=>,,,,Exchange ; Redox RedoxMetabolism,1,-1000,1000,0,,,,,,,,,,,,,,,,,,
ROH_mEx,ROH(cyto) exchange,ROH[c] <=>,,,,Exchange ; Redox RedoxMetabolism ; Redox MitochondrialAntioxidantSystem,1,-1000,1000,0,,,,,,,,,,,,,,,,,,
ROH_aEx,ROH(apicoplast) exchange,ROH[ap] <=>,,,,Exchange ; Redox RedoxMetabolism,1,-1000,1000,0,,,,,,,,,,,,,,,,,,
GTHP_c2,glutathione peroxidase,2 gthrd[c] + proteinSS[c] -> gthox[c] + proteinSHSH[c],(PFL0595c),PFL0595c,,Redox RedoxMetabolism ; Redox MitochondrialAntioxidantSystem,0,0,1000,0,,1.11.1.9,copy GTHP_c but alternative substrates, doi: 10.1371/journal.ppat.1001242; doi: 10.1111/j.1365-2958.2006.05303.x,,,,,,,,,,,,,,
GTHP[ap]2,glutathione peroxidase,2 gthrd[ap] + proteinSS[ap] -> gthox[ap] + proteinSHSH[ap],(PFL0595c),PFL0595c,,Redox RedoxMetabolism ; Redox MitochondrialAntioxidantSystem,0,0,1000,0,,1.11.1.9,copy GTHP[ap] but alternative substrates, doi: 10.1371/journal.ppat.1001242; doi: 10.1111/j.1365-2958.2006.05303.x,,,,,,,,,,,,,,
Stress_protein_c,Stress_protein_m,proteinSS[c] <=>,,,,Exchange ; Redox RedoxMetabolism ; Redox MitochondrialAntioxidantSystem,1,-1000,1000,0,,,Only occurs during state of stress, doi: 10.1371/journal.ppat.1001242; doi: 10.1111/j.1365-2958.2006.05303.x,,,,,,,,,,,,,,
disulfide_protein_c,disulfide_protein_m,proteinSHSH[c] <=>,,,,Exchange ; Redox RedoxMetabolism ; Redox MitochondrialAntioxidantSystem,1,-1000,1000,0,,,,,,,,,,,,,,,,,,
Stress_protein_m,Stress_protein_m,proteinSS[m] <=>,,,,Exchange ; Redox RedoxMetabolism ; Redox MitochondrialAntioxidantSystem,1,-1000,1000,0,,,Only occurs during state of stress, doi: 10.1371/journal.ppat.1001242; doi: 10.1111/j.1365-2958.2006.05303.x,,,,,,,,,,,,,,
disulfide_protein_m,disulfide_protein_m,proteinSHSH[m] <=>,,,,Exchange ; Redox RedoxMetabolism ; Redox MitochondrialAntioxidantSystem,1,-1000,1000,0,,,,,,,,,,,,,,,,,,
Stress_protein[ap],Stress_protein[ap],proteinSS[ap] <=>,,,,Exchange ; Redox RedoxMetabolism,1,-1000,1000,0,,,Only occurs during state of stress, doi: 10.1371/journal.ppat.1001242; doi: 10.1111/j.1365-2958.2006.05303.x,,,,,,,,,,,,,,
disulfide_protein[ap],disulfide_protein[ap],proteinSHSH[ap] <=>,,,,Exchange ; Redox RedoxMetabolism,1,-1000,1000,0,,,,,,,,,,,,,,,,,,
THIORDXi_c2,peroxiredoxin,proteinSS[c] + trdrd[c] -> proteinSHSH[c] + trdox[c],(PF14_0368),PF14_0368,,Redox RedoxMetabolism ; Redox MitochondrialAntioxidantSystem,0,0,1000,0,,1.11.1.15,copy THIORDX but alt substrate, doi: 10.1371/journal.ppat.1001242; doi: 10.1111/j.1365-2958.2006.05303.x,,,,,,,,,,,,,,
THIORDXi_mt2,peroxiredoxin,proteinSS[m] + trdrd[m] -> proteinSHSH[m] + trdox[m],(PFL0725w),PFL0725w,,Redox RedoxMetabolism ; Redox MitochondrialAntioxidantSystem,0,0,1000,0,,1.11.1.15,copy THIORDX but alt substrate, doi: 10.1371/journal.ppat.1001242; doi: 10.1111/j.1365-2958.2006.05303.x,,,,,,,,,,,,,,
Stress_protein_c,Stress_protein_c,proteinSS[c] <=>,,,,Exchange ; Redox RedoxMetabolism ; Redox MitochondrialAntioxidantSystem,1,-1000,1000,0,,,Only occurs during state of stress, doi: 10.1371/journal.ppat.1001242; doi: 10.1111/j.1365-2958.2006.05303.x,,,,,,,,,,,,,,
disulfide_protein_c,disulfide_protein_c,proteinSHSH[c] <=>,,,,Exchange ; Redox RedoxMetabolism ; Redox MitochondrialAntioxidantSystem,1,-1000,1000,0,,,,,,,,,,,,,,,,,,
superox_ex,superoxide exchange,o2s[e] -> o2s[m],,,,Exchange,0,0,1000,0,,,Constant production of superoxide (from stress) creates stress - only force lower bound to be >0 for particular simulations,,,,,,,,,,,,,,,
H2O2tap,H2O2 transport to apicoplast,h2o2[ap]  <=> h2o2[c],,,,Transport,1,-1000,1000,0,,,,,,,,,,,,,,,,,,
Trdox_tmt,Trdox transport to mito,trdox[m] <=> trdox[c],,,,Transport ; Redox RedoxMetabolism,1,-1000,1000,0,low,,Gap-filled,,,,,,,,,,,,,,,
FADH2_ex,FADH2 exchange,fadh2[c] ->,,,,Exchange,0,0,1000,0,low,,Gap-filled,,,,,,,,,,,,,,,
GTHRDtmt,GTHRD transport mito,gthrd[m] <=> gthrd[c],,,,Transport,1,-1000,1000,0,low,,Gap-filled,,,,,,,,,,,,,,,
GTHRDtap,GTHRD transport apico,gthox[ap] <=> gthox[c],,,,Transport,1,-1000,1000,0,low,,Gap-filled,,,,,,,,,,,,,,,
PYRt2r,PYRt2r,h[c] + pyr[c] -> h[e] + pyr[e],,,,Transport,0,0,1000,0,,,Export only or else glycolysis is unnecessary,,,,,,,,,,,,,,,
NADPHtmt,nadph transport to mito,nadph[c] <=> nadph[m],,,,Transport,1,-1000,1000,0,low,,Gap-filled; necessary for 2ohph[m] generation ,,,,,,,,,,,,,,,
NADPtmt,nadp transport to mito,nadp[c] <=> nadp[m],,,,Transport,1,-1000,1000,0,low,,Gap-filled; necessary for 2ohph[m] generation ,,,,,,,,,,,,,,,
PDH[ap],pyruvate dehydrogenase,coa[ap] + nad[ap] + pyr[ap] -> accoa[ap] + co2[ap] + nadh[ap],((PF11_0256) or (PF14_0441)) and (PF10_0407) and (PFC0170c) and ((PF08_0066) or (PFL1550w)),PF08_0066 PF10_0407 PF11_0256 PF14_0441 PFC0170c PFL1550w,,Carbohydrates PyruvateMetabolism ; Lipids FattyAcidSynthesis,0,0,1000,0,,1.2.4.1+2.3.1.12+1.8.1.4,Removed TCA association and extra genes,MPMP,,,,,,,,,,,,,,
G3PD_mt,G3PD mt,q8[m] + glyc3p[c] -> dhap[c] + q8h2[m],(PFC0275w),PFC0275w,,Carbohydrates Glycolysis ; Others MitochondrialElectronFlow,0,0,1000,0,,1.1.5.3/1.1.5.4,"G3P shuttle system occurs on outside of membrane, so glycerol3P and dhap should be cytoplasmic. Also, FAD/FADH2 are cofactors to this reaction and QH2/Q component are needed. Added EC and subsystem",MPMP,,,,,,,,,,,,,,
G3PD1ir,glycerol-3-phosphate dehydrogenase (NAD+),dhap[c] + h[c] + nadh[c] -> glyc3p[c] + nad[c],(PFL0780w) or (PF11_0157),PFL0780w PF11_0157,,Lipids FattyAcidSynthesis ; Others MitochondrialElectronFlow ; Carbohydrates Glycolysis ; Lipids UtilizationPhospholipids,0,0,1000,0,,1.1.1.8,Added second gene,MPMP; PlasmoDb,,,,,,,,,,,,,,
MDHc,malate dehydrogenase,mal_L[c] + nad[c] <=> h[c] + nadh[c] + oaa[c],(PFF0895w),PFF0895w,,Others MitochondrialTCACycle ; Carbohydrates PyruvateMetabolism,1,-1000,1000,0,,1.1.1.37,Made irrev,MPMP,,,,,,,,,,,,,,
AKG_MALtmt,AKGtmt,akg[m] + mal_L[c] -> akg[c] + mal_L[m],(PF08_0031),PF08_0031,,Transport MT,0,0,1000,0,,,"Membrane topology not shown, but presumed to be unidirectional",Nozawa et al 2011,,,,,,,,,,,,,,
AKG_OAAtmt,AKGtmt,akg[m] + oaa[c] -> akg[c] + oaa[m],(PF08_0031),PF08_0031,,Transport MT,0,0,1000,0,,,"Membrane topology not shown, but presumed to be unidirectional; gene found to also transport oxaloacetate",Nozawa et al 2011,,,,,,,,,,,,,,
MDHm,malate dehydrogenase,mal_L[m] + nad[m] <=> h[m] + nadh[m] + oaa[m],(PFF0895w),PFF0895w,,Others MitochondrialTCACycle ; Carbohydrates PyruvateMetabolism,1,-1000,1000,0,,1.1.1.37,Made irrev,MPMP,,,,,,,,,,,,,,
PRPPS,ribose-phosphate diphosphokinase,atp[c] + r5p[c] -> amp[c] + h[c] + prpp[c],(PF13_0143) or (PF13_0157),PF13_0143 PF13_0157,,Carbohydrates PentosePhosphateCycle,0,0,1000,0,,2.7.6.1,"Made irreversible, otherwise, abberant ATP production mechanism",MPMP,,,,,,,,,,,,,,
PCt,PCt,pc[c] <=> pc[e],,,,Transport lipid,1,-1000,1000,0,,,Removed ATP and other supporting substrates- they permitted ATP production from host PE import,,,,,,,,,,,,,,,
GHMT2r,glycine hydroxymethyltransferase,ser_L[c] + thf[c] <=> gly[c] + h2o[c] + mlthf[c],PFL1720w,PFL1720w,,Nucleotides PyrimidineMetabolism ; AminoAcids GlySerMetabolism ; Cofactors FolateBiosynthesis,1,-1000,1000,0,,2.1.2.1,PF14_0534 not active; note PFL1720w has stage-specific expression in all organelles,Pornthanakasem et al 2012; Read et al 2010; Maenpuen et al 2009,,,,,,,,,,,,,,
GHMT2r_m,glycine hydroxymethyltransferase,ser_L[m] + thf[m] <=> gly[m] + h2o[m] + mlthf[m],PFL1720w,PFL1720w,,Nucleotides PyrimidineMetabolism ; AminoAcids GlySerMetabolism ; Cofactors FolateBiosynthesis,1,-1000,1000,0,,2.1.2.1,PF14_0534 not active; note PFL1720w has stage-specific expression in all organelles,Pornthanakasem et al 2012; Read et al 2010; Maenpuen et al 2009,,,,,,,,,,,,,,
GHMT2r_ap,glycine hydroxymethyltransferase,ser_L[ap] + thf[ap] <=> gly[ap] + h2o[ap] + mlthf[ap],PFL1720w,PFL1720w,,Nucleotides PyrimidineMetabolism ; AminoAcids GlySerMetabolism ; Cofactors FolateBiosynthesis,1,-1000,1000,0,,2.1.2.1,PF14_0534 not active; note PFL1720w has stage-specific expression in all organelles,Pornthanakasem et al 2012; Read et al 2010; Maenpuen et al 2009,,,,,,,,,,,,,,
GLYCL_mt,GLYCL mt,gly[m] + nad[m] + thf[m] <=> co2[m] + mlthf[m] + nadh[m] + nh4[m],((PF13_0345) or (MAL13P1.390) or (PF14_0497)) and (PFL1550w) and (PF11_0339),PF08_0066 PF13_0345 PFL1550w,,AminoAcids GlySerMetabolism,1,-1000,1000,0,,1.4.4.2+2.1.2.10+1.8.1.4,Reversible; also requires Hprotein (currentlyunaccounted for as gene is unknown); added gene for 1.8.1.4; removed apicoplast gene,http://dx.doi.org/10.1016/j.pt.2005.07.001,,,,,,,,,,,,,,
FRUt1r,FRUt1r,fru[e] <=> fru[c],(PFB0210c),PFB0210c,,Transport,1,-1000,1000,0,,,Added gene,"Woodrow 1999, Joet 2003, 2004, Blume 2011",,,,,,,,,,,,,,
Q8H2tmt,Q8H2tmt,q8h2[m] -> q8h2[c],,,,Transport MT,0,0,1000,0,,,Unidirectional,,,,,,,,,,,,,,,
MANt1r,MANt1r,man[e] <=> man[c],(PFB0210c),PFB0210c,,Transport,1,-1000,1000,0,,,Added gene,Blume 2011,,,,,,,,,,,,,,
PIt2r,PIt2r,pi[e] <=> pi[c],(MAL13P1_206),MAL13P1_206,,Transport,1,-1000,1000,0,,,"NA coupled, not H+ coupled",Saliba 2006,,,,,,,,,,,,,,
MLTHFtap,MLTHF transport to ap,mlthf[ap] <=> mlthf[c],(MAL8P1_13) or (PF11_0172),MAL8P1_13 PF11_0172,,Transport AP,1,-10,10,0,,,Poor uptake, DOI: 10.1074/jbc.M111.286054,,,,,,,,,,,,,,
pABAt,pABA transport,4abz[e] <=> 4abz[c],(MAL8P1_13) or (PF11_0172),MAL8P1_13 PF11_0172,,Transport e,1,-1000,1000,0,,,"Added reaction; transporter can also import 10fthf, but this subsrate is not normally in human serum",Plasmodb; DOI: 10.1074/jbc.M111.286054,,,,,,,,,,,,,,
MLTHFtmt,MLTHF transport to mito,mlthf[m] <=> mlthf[c],(MAL8P1_13) or (PF11_0172),MAL8P1_13 PF11_0172,,Transport MT,1,-10,10,0,,,Poor uptake, DOI: 10.1074/jbc.M111.286054,,,,,,,,,,,,,,
MLTHFt,MLTHF transport,mlthf[e] <=> mlthf[c],(MAL8P1_13) or (PF11_0172),MAL8P1_13 PF11_0172,,Transport MT,1,-10,10,0,,,Poor uptake, DOI: 10.1074/jbc.M111.286054,,,,,,,,,,,,,,